Report_Date,Case_Number,Incident Type,Location,Date/Time Reported,Date/Time Occurred
3-Mar-25,2503030006,Suspicious Person,Warren Lecture Hall,3/3/24,3/3/24 1:11
3-Mar-25,2503030011,Suspicious Person,Warren Lecture Hall,3/3/25,3/3/24 5:51
3-Mar-25,2503030013,Medical Aid,Koman Family Outpatient,3/3/25,3/3/25 6:02
3-Mar-25,2503030025,Medical Aid,Koman Family Outpatient,3/3/25,3/3/25 8:53
3-Mar-25,2024-0460,Medical Aid,Koman Family Outpatient,3/3/25,1/1/12 9:45
3-Mar-25,2503030031,Medical Aid,Koman Family Outpatient,,3/3/25 10:05
3-Mar-25,2503030033,Fire Alarm,Tenaya Hall,3/3/25,3/3/25 11:44
3-Mar-25,2503030034,Fire Alarm,Tenaya Hall,3/3/25,3/3/25 11:57
3-Mar-25,2025-0461,Fire Alarm,Tenaya Hall,3/3/25,3/3/25 11:58
3-Mar-25,2503030039,Fire Alarm,Tenaya Hall,3/3/25,3/3/25 12:54
3-Mar-25,2025-0462,Fire Alarm,Tenaya Hall,3/3/25,3/3/25 13:07
3-Mar-25,2503030046,Fire Alarm,Tenaya Hall,,3/3/25 15:40
3-Mar-25,2024-0464,Fire Alarm,Scholars Dr N/ Hopkins Dr,3/3/25,3/3/25 15:43
3-Mar-25,2503030048,Fire Alarm,Scholars Dr N/ Hopkins Dr,3/3/25,3/3/25 17:36
3-Mar-25,2503030050,Fire Alarm,Scholars Dr N/ Hopkins Dr,3/3/25,3/3/25 18:40
3-Mar-25,2503030052,Fire Alarm,Scholars Dr N/ Hopkins Dr,3/3/25,3/3/25 18:51
3-Mar-25,2503030054,Fire Alarm,Scholars Dr N/ Hopkins Dr,3/3/25,3/3/25 19:10
3-Mar-25,2503030056,Fire Alarm,Scholars Dr N/ Hopkins Dr,,3/3/25 19:11
3-Mar-25,2025-0465,Noise Disturbance,Miramar St,3/3/25,3/3/25 19:35
3-Mar-25,2025-0466,Petty Theft,"Secured electric scooter stolen, loss $400.00Report Taken",3/3/25,3/3/25 17:15
3-Mar-25,2503030062,Petty Theft,"Secured electric scooter stolen, loss $400.00Report Taken",3/3/25,3/3/25 20:26
3-Mar-25,2503030063,Petty Theft,"Secured electric scooter stolen, loss $400.00Report Taken",3/3/25,3/3/25 20:30
3-Mar-25,2503030066,Petty Theft,"Secured electric scooter stolen, loss $400.00Report Taken",3/3/25,3/3/25 21:25
3-Mar-25,2503030067,Petty Theft,"Secured electric scooter stolen, loss $400.00Report Taken",,3/3/25 21:32
3-Mar-25,2503030068,Elevator Problem,Trolley - Central Campus Station,3/3/25,3/3/25 21:32
3-Mar-25,2503030073,Elevator Problem,Trolley - Central Campus Station,3/3/25,3/3/25 22:29
3-Mar-25,2503030075,Elevator Problem,Trolley - Central Campus Station,,3/3/25 22:42
4-Mar-25,2503040002,Escort,Escort to Pepper Canyon East,3/4/25,3/4/25 0:33
4-Mar-25,2503040004,Noise Disturbance,Urey Hall,3/4/25,3/4/25 0:37
4-Mar-25,2503040005,Noise Disturbance,Urey Hall,3/4/25,3/4/25 1:12
4-Mar-25,2503040011,Noise Disturbance,Urey Hall,3/4/25,3/4/25 5:50
4-Mar-25,2503040016,Noise Disturbance,Urey Hall,3/4/25,3/4/25 7:23
4-Mar-25,2025-0467,Noise Disturbance,Urey Hall,,3/2/25 12:00
4-Mar-25,2025-0468,,,3/4/25,2/1/24
4-Mar-25,2503040025,,,3/4/25,3/4/25 10:35
4-Mar-25,2503040027,Grand Theft,UnfoundedCampus Security Authority Report (CSA)UC San Diego Campus - Gym,3/4/25,3/4/25 12:41
4-Mar-25,2503040030,Grand Theft,UnfoundedCampus Security Authority Report (CSA)UC San Diego Campus - Gym,3/4/25,3/4/25 13:24
4-Mar-25,2503040033,Grand Theft,UnfoundedCampus Security Authority Report (CSA)UC San Diego Campus - Gym,3/4/25,3/4/25 13:58
4-Mar-25,2503040036,Grand Theft,UnfoundedCampus Security Authority Report (CSA)UC San Diego Campus - Gym,,3/4/25 14:12
4-Mar-25,2025-0470,Petty Theft,Center Hall,3/4/25,2/15/25 21:00
4-Mar-25,2025-0471,Petty Theft,Center Hall,3/4/25,3/4/25 16:34
4-Mar-25,2503040050,Medical Aid,Young adult female having seizureReferred to Other AgencyNon Injury CollisionSeventh College West #2,3/4/25,3/4/25 17:06
4-Mar-25,2503040052,Medical Aid,Young adult female having seizureReferred to Other AgencyNon Injury CollisionSeventh College West #2,3/4/25,3/4/25 18:39
4-Mar-25,2503040054,Medical Aid,Young adult female having seizureReferred to Other AgencyNon Injury CollisionSeventh College West #2,3/4/25,3/4/25 18:51
4-Mar-25,T25000069,Medical Aid,Young adult female having seizureReferred to Other AgencyNon Injury CollisionSeventh College West #2,,3/4/25 17:00
4-Mar-25,2503040062,Noise Disturbance,TDLLN - Pulse,3/4/25,3/4/25 20:31
4-Mar-25,2503040070,Noise Disturbance,TDLLN - Pulse,3/4/25,3/4/25 21:27
4-Mar-25,2503040074,Noise Disturbance,TDLLN - Pulse,3/4/25,3/4/25 22:45
4-Mar-25,2503040075,Noise Disturbance,TDLLN - Pulse,3/4/25,3/4/25 23:06
4-Mar-25,2503040077,Noise Disturbance,TDLLN - Pulse,,3/4/25 23:32
5-Mar-25,2503050001,Noise Disturbance,People being loud,3/5/25,3/5/25 0:01
5-Mar-25,2503050002,Medical Aid,Logged Event Subject with back pain,3/5/25,3/5/25 0:23
5-Mar-25,2503050009,Medical Aid,Logged Event Subject with back pain,3/5/25,3/5/25 0:23
5-Mar-25,2503050011,Medical Aid,Logged Event Subject with back pain,3/5/25,3/5/25 2:58
5-Mar-25,2503050012,Medical Aid,Logged Event Subject with back pain,3/5/25,3/5/25 3:04
5-Mar-25,2503050014,Medical Aid,Logged Event Subject with back pain,,3/5/25 4:05
5-Mar-25,2503050015,Suspicious Person,Scholars Dr,3/5/25,3/5/25 4:06
5-Mar-25,2503050020,Suspicious Person,Scholars Dr,3/5/25,3/5/25 6:22
5-Mar-25,2503050021,Fire Alarm,,3/5/25,3/5/25 6:33
5-Mar-25,2503050026,Fire Alarm,,3/5/25,3/5/25 7:39
5-Mar-25,2503050027,Fire Alarm,,3/5/25,3/5/25 8:09
5-Mar-25,2503050028,Fire Alarm,,,3/5/25 8:23
5-Mar-25,2025-0473,Medical Aid,Perlman Ambulatory Care Unit,3/5/25,3/5/25 8:30
5-Mar-25,2503050031,Medical Aid,Perlman Ambulatory Care Unit,3/5/25,3/5/25 8:51
5-Mar-25,2503050033,Medical Aid,Perlman Ambulatory Care Unit,3/5/25,3/5/25 9:28
5-Mar-25,2025-0479,Medical Aid,Perlman Ambulatory Care Unit,3/5/25,3/5/25 10:00
5-Mar-25,2503050039,Medical Aid,Perlman Ambulatory Care Unit,3/5/25,3/5/25 11:03
5-Mar-25,2025-0474,Medical Aid,Perlman Ambulatory Care Unit,,3/5/25 9:00
5-Mar-25,2024-0476,Petty Theft,Rita Atkinson Residences,3/5/25,3/5/25 10:15
5-Mar-25,2503050045,Welfare Check,Catalyst,3/5/25,3/5/25 13:08
5-Mar-25,2503050046,Medical Aid,Female feeling faintReferred to Other Agency,3/5/25,3/5/25 13:19
5-Mar-25,2503050047,Medical Aid,Female feeling faintReferred to Other Agency,3/5/25,3/5/25 13:23
5-Mar-25,2024-0477,Medical Aid,Female feeling faintReferred to Other Agency,3/5/25,2/28/28 23:30
5-Mar-25,2503050048,Medical Aid,Female feeling faintReferred to Other Agency,,3/5/25 13:54
5-Mar-25,2503050050,Fire Alarm,Muir Quad,3/5/25,3/5/25 14:02
5-Mar-25,2503050056,Fire Alarm,Muir Quad,3/5/25,3/5/25 16:02
5-Mar-25,2503050058,Fire Alarm,Muir Quad,3/5/25,3/5/25 16:22
5-Mar-25,2503050064,Fire Alarm,Muir Quad,3/5/25,3/5/25 20:21
5-Mar-25,2503050066,Fire Alarm,Muir Quad,3/5/25,3/5/25 20:55
5-Mar-25,2503050072,Fire Alarm,Muir Quad,,3/5/25 22:30
5-Mar-25,2503050073,Noise Disturbance,Chronic issue with neighbors making a lot of noise dragging chairs or moving other furnitureReferred to Student Conduct,3/5/25,3/5/25 23:19
5-Mar-25,2503050075,Noise Disturbance,Chronic issue with neighbors making a lot of noise dragging chairs or moving other furnitureReferred to Student Conduct,3/5/25,3/5/25 23:21
5-Mar-25,2503050077,Noise Disturbance,Chronic issue with neighbors making a lot of noise dragging chairs or moving other furnitureReferred to Student Conduct,3/5/25,3/5/25 23:49
5-Mar-25,HC25-03-04-0163,Noise Disturbance,Chronic issue with neighbors making a lot of noise dragging chairs or moving other furnitureReferred to Student Conduct,3/5/25,3/4/25 3:38
5-Mar-25,HC25-03-04-0164,Fire Alarm,Liquid solution leaked on onto electric boardHospital Incident Report Generated,3/5/25,3/4/25 14:40
5-Mar-25,LJ25-03-04-0188,Fire Alarm,Liquid solution leaked on onto electric boardHospital Incident Report Generated,,3/4/25 8:35
5-Mar-25,LJ25-03-04-0189,Fire Alarm,Jacobs Medical Center,,3/4/25 9:00
6-Mar-25,2503060001,Fire Alarm,Scholars Dr N,3/6/25,3/6/25 0:07
6-Mar-25,2025-0478,Fire Alarm,Scholars Dr N,3/6/25,3/6/25 0:56
6-Mar-25,2503060008,Fire Alarm,Scholars Dr N,3/6/25,3/6/25 2:22
6-Mar-25,2503060009,Fire Alarm,Scholars Dr N,3/6/25,3/6/25 3:17
6-Mar-25,2503060010,Fire Alarm,Scholars Dr N,3/6/25,3/6/25 3:19
6-Mar-25,2503060013,Fire Alarm,Scholars Dr N,,3/6/25 4:22
6-Mar-25,2503060014,Medical Aid,Suicide Attempt,3/6/25,3/6/25 4:52
6-Mar-25,2503060022,Medical Aid,Suicide Attempt,3/6/25,3/6/25 7:55
6-Mar-25,2503060024,Medical Aid,Suicide Attempt,3/6/25,3/6/25 8:34
6-Mar-25,2503060028,Medical Aid,Suicide Attempt,3/6/25,3/6/25 9:26
6-Mar-25,2503060030,Medical Aid,Suicide Attempt,3/6/25,3/6/25 11:09
6-Mar-25,2503060034,Medical Aid,Suicide Attempt,,3/6/25 11:43
6-Mar-25,2503060039,Grand Theft,Scholars Dr N,3/6/25,3/6/25 13:06
6-Mar-25,2503060040,Grand Theft,Scholars Dr N,3/6/25,3/6/25 13:16
6-Mar-25,2503060042,Grand Theft,Scholars Dr N,3/6/25,3/6/25 13:23
6-Mar-25,2025-0480,Grand Theft,Scholars Dr N,3/6/25,3/6/25 13:59
6-Mar-25,2503060047,Grand Theft,Scholars Dr N,3/6/25,3/6/25 14:08
6-Mar-25,2025-0481,Grand Theft,Scholars Dr N,,3/6/25 13:30
6-Mar-25,2503060051,Petty Theft,Center Hall,3/6/25,3/6/25 14:42
6-Mar-25,2025-0482,Petty Theft,Center Hall,3/6/25,3/4/25 15:40
6-Mar-25,2025-0484,Petty Theft,Center Hall,3/6/25,3/6/25 15:00
6-Mar-25,2025-0485,Petty Theft,Center Hall,3/6/25,3/6/25 15:30
6-Mar-25,2025-0486,Petty Theft,Center Hall,3/6/25,3/6/25 18:30
6-Mar-25,2503060063,Petty Theft,Center Hall,,3/6/25 18:47
6-Mar-25,2503060068,Fire Alarm,False Alarm,3/6/25,3/6/25 19:45
6-Mar-25,2503060070,Fire Alarm,False Alarm,3/6/25,3/6/25 19:53
6-Mar-25,2503060071,Fire Alarm,False Alarm,3/6/25,3/6/25 19:58
6-Mar-25,2503060072,Fire Alarm,False Alarm,3/6/25,3/6/25 19:59
6-Mar-25,2503060073,Fire Alarm,False Alarm,3/6/25,3/6/25 20:02
6-Mar-25,2503060074,Fire Alarm,False Alarm,,3/6/25 20:02
6-Mar-25,2503060075,Noise Disturbance,Subject playing basketball and screaming Gone On Arrival,3/6/25,3/6/25 20:21
6-Mar-25,2503060076,Noise Disturbance,Subject playing basketball and screaming Gone On Arrival,3/6/25,3/6/25 20:21
6-Mar-25,2503060077,Noise Disturbance,Subject playing basketball and screaming Gone On Arrival,3/6/25,3/6/25 20:25
6-Mar-25,2503060079,Noise Disturbance,Subject playing basketball and screaming Gone On Arrival,3/6/25,3/6/25 20:25
6-Mar-25,2503060080,Noise Disturbance,Subject playing basketball and screaming Gone On Arrival,3/6/25,3/6/25 20:32
6-Mar-25,2025-0487,Noise Disturbance,Subject playing basketball and screaming Gone On Arrival,,3/6/25 21:14
6-Mar-25,2503060084,Petty Theft,"Secured electric scooter stolen, loss $200.00Online Report Disturbance - PartyInnovation Ln",3/6/25,3/6/25 21:31
6-Mar-25,2503060085,Petty Theft,"Secured electric scooter stolen, loss $200.00Online Report Disturbance - PartyInnovation Ln",3/6/25,3/6/25 21:36
6-Mar-25,2503060086,Petty Theft,"Secured electric scooter stolen, loss $200.00Online Report Disturbance - PartyInnovation Ln",3/6/25,9:37 PM
6-Mar-25,2025-0483,Petty Theft,"Secured electric scooter stolen, loss $200.00Online Report Disturbance - PartyInnovation Ln",,3/6/25 14:00
7-Mar-25,2503070002,Medical Aid,Checks OKYoung adult female experiencing shortness of breath and stomach painTrespass,3/7/25,3/7/25 0:24
7-Mar-25,2503070003,Medical Aid,Checks OKYoung adult female experiencing shortness of breath and stomach painTrespass,3/7/25,3/7/25 0:57
7-Mar-25,2503070004,Medical Aid,Checks OKYoung adult female experiencing shortness of breath and stomach painTrespass,3/7/25,3/7/25 1:31
7-Mar-25,2503070005,Medical Aid,Checks OKYoung adult female experiencing shortness of breath and stomach painTrespass,3/7/25,3/7/25 2:02
7-Mar-25,2503070006,Medical Aid,Checks OKYoung adult female experiencing shortness of breath and stomach painTrespass,3/7/25,3/7/25 2:29
7-Mar-25,2503070008,Medical Aid,Checks OKYoung adult female experiencing shortness of breath and stomach painTrespass,,3/7/25 3:19
7-Mar-25,2503070015,Medical Aid,Gilman Drive/Theatre District Drive,3/7/25,3/7/25 4:34
7-Mar-25,2503070023,Medical Aid,Gilman Drive/Theatre District Drive,3/7/25,3/7/25 6:54
7-Mar-25,2503070027,Medical Aid,Gilman Drive/Theatre District Drive,3/7/25,3/7/25 8:06
7-Mar-25,2503070031,Medical Aid,Gilman Drive/Theatre District Drive,3/7/25,3/7/25 9:06
7-Mar-25,2503070035,Medical Aid,Gilman Drive/Theatre District Drive,3/7/25,3/7/25 10:40
7-Mar-25,2503070046,Medical Aid,Gilman Drive/Theatre District Drive,,3/7/25 11:55
7-Mar-25,2503070050,Medical Aid,Paramedics request for patientReferred to Other Agency,3/7/25,3/7/25 12:13
7-Mar-25,2503070051,Medical Aid,Paramedics request for patientReferred to Other Agency,3/7/25,3/7/25 12:25
7-Mar-25,2025-0488,Medical Aid,Paramedics request for patientReferred to Other Agency,3/7/25,3/7/25 12:45
7-Mar-25,2503070056,Medical Aid,Paramedics request for patientReferred to Other Agency,3/7/25,3/7/25 12:47
7-Mar-25,2503070058,Medical Aid,Paramedics request for patientReferred to Other Agency,3/7/25,3/7/25 12:57
7-Mar-25,2025-0489,Medical Aid,Paramedics request for patientReferred to Other Agency,,3/7/25 13:27
7-Mar-25,2503070063,Petty Theft,Target,3/7/25,3/7/25 14:00
7-Mar-25,2025-0490,Petty Theft,Target,3/7/25,2/28/25 17:00
7-Mar-25,2503070066,Petty Theft,Target,3/7/25,3/7/25 15:11
7-Mar-25,2503070067,Petty Theft,Target,3/7/25,3/7/25 15:29
7-Mar-25,2503070068,Petty Theft,Target,3/7/25,3/7/25 16:21
7-Mar-25,2503070068,Petty Theft,Target,,3/7/25 16:58
7-Mar-25,2503070073,Information,Incomplete/Accidental Landline 911 Call,3/7/25,3/7/25 17:13
7-Mar-25,2503070075,Information,Incomplete/Accidental Landline 911 Call,3/7/25,3/7/25 17:29
7-Mar-25,2503070079,Medical Aid,Adult male passed outReferred to Other Agency,3/7/25,3/7/25 19:01
7-Mar-25,2025-0491,Medical Aid,Adult male passed outReferred to Other Agency,3/7/25,3/7/25 19:56
7-Mar-25,2503070081,Medical Aid,Adult male passed outReferred to Other Agency,3/7/25,3/7/25 20:17
7-Mar-25,2025-0492,Medical Aid,Adult male passed outReferred to Other Agency,,3/7/25 19:45
7-Mar-25,2503070085,,,3/7/25,3/7/52 21:22
7-Mar-25,2503070088,Information,Amazon truck broken down at intersectionService ProvidedPetty Theft - Micro Mobility Device64 Degrees,3/7/25,3/7/25 22:14
7-Mar-25,2025-0497,Petty Theft,Electric scooter stolen; loss $500.00Online Report FiledSuspicious PersonRita Atkinson Residences,3/7/25,3/7/25 20:05
7-Mar-25,2503070093,Petty Theft,Electric scooter stolen; loss $500.00Online Report FiledSuspicious PersonRita Atkinson Residences,3/7/25,3/7/25 23:13
7-Mar-25,2503070101,Petty Theft,Electric scooter stolen; loss $500.00Online Report FiledSuspicious PersonRita Atkinson Residences,3/7/25,3/7/25 23:39
7-Mar-25,2503070103,Petty Theft,Electric scooter stolen; loss $500.00Online Report FiledSuspicious PersonRita Atkinson Residences,,3/7/25 23:47
7-Mar-25,EC25-03-06-0026,Simple Assault,UC San Diego East Campus Medical Center,,3/6/25 23:30
8-Mar-25,2503080004,Simple Assault,Warren Mall,3/8/25,3/8/25 1:00
8-Mar-25,2503080007,Simple Assault,Warren Mall,3/8/25,3/8/25 1:15
8-Mar-25,2025-0494,Security Alarm,Young adult female under influence of marijuana and halluciongenic mushrooms,3/8/25,3/8/25 2:00
8-Mar-25,2503080012,Security Alarm,Young adult female under influence of marijuana and halluciongenic mushrooms,3/8/25,3/8/25 4:10
8-Mar-25,2025-0496,Security Alarm,Young adult female under influence of marijuana and halluciongenic mushrooms,3/8/25,3/7/25 16:48
8-Mar-25,2503080016,Security Alarm,Young adult female under influence of marijuana and halluciongenic mushrooms,,3/8/25 8:01
8-Mar-25,2503080020,Medical Aid,Patient transfer to emergency roomReferred to Other AgencyIncomplete/Accidental Landline 911 CallBrisa,3/8/25,3/8/25 9:12
8-Mar-25,2503080021,Medical Aid,Patient transfer to emergency roomReferred to Other AgencyIncomplete/Accidental Landline 911 CallBrisa,3/8/25,3/8/25 9:18
8-Mar-25,2503080023,Medical Aid,Patient transfer to emergency roomReferred to Other AgencyIncomplete/Accidental Landline 911 CallBrisa,3/8/25,3/8/25 10:01
8-Mar-25,2503080025,Medical Aid,Patient transfer to emergency roomReferred to Other AgencyIncomplete/Accidental Landline 911 CallBrisa,3/8/25,3/8/25 12:09
8-Mar-25,2503080027,Medical Aid,Patient transfer to emergency roomReferred to Other AgencyIncomplete/Accidental Landline 911 CallBrisa,3/8/25,3/8/25 14:00
8-Mar-25,2503080029,Medical Aid,Patient transfer to emergency roomReferred to Other AgencyIncomplete/Accidental Landline 911 CallBrisa,,3/8/25 14:43
8-Mar-25,2503080031,Medical Aid,Toddler having seizureReferred to Other Agency,3/8/25,3/8/25 16:47
8-Mar-25,2503080032,Medical Aid,Toddler having seizureReferred to Other Agency,3/8/25,3/8/25 17:25
8-Mar-25,2503080033,Medical Aid,Toddler having seizureReferred to Other Agency,3/8/25,3/8/25 17:27
8-Mar-25,2503080036,Medical Aid,Toddler having seizureReferred to Other Agency,3/8/25,3/8/25 18:42
8-Mar-25,2503080037,Medical Aid,Toddler having seizureReferred to Other Agency,3/8/25,3/8/25 19:20
8-Mar-25,2503080038,Medical Aid,Toddler having seizureReferred to Other Agency,,3/8/25 19:26
8-Mar-25,2503080039,Welfare Check,"Female with no shoes on, asking students for foodGone on Arrival",3/8/25,3/8/25 19:28
8-Mar-25,2025-0498,Welfare Check,"Female with no shoes on, asking students for foodGone on Arrival",3/8/25,3/8/25 7:26PM
8-Mar-25,2503080051,Welfare Check,"Female with no shoes on, asking students for foodGone on Arrival",3/8/25,3/8/25 23:09
8-Mar-25,2503080054,Welfare Check,"Female with no shoes on, asking students for foodGone on Arrival",,3/8/25 23:28
9-Mar-25,2503090002,Noise Disturbance,Loud group,3/9/25,3/9/25 0:44
9-Mar-25,2503090003,Noise Disturbance,Loud group,3/9/25,3/9/25 1:07
9-Mar-25,2503090004,Noise Disturbance,Loud group,3/9/25,3/9/25 1:24
9-Mar-25,2503090012,Noise Disturbance,Loud group,3/9/25,3/9/25
9-Mar-25,2503090016,Noise Disturbance,Loud group,3/9/25,3/9/25 8:49
9-Mar-25,2503090021,Noise Disturbance,Loud group,,3/9/25 11:14
9-Mar-25,2503090022,Security Alarm,False Alarm Matthews Apartments,3/9/25,3/9/25 11:15
9-Mar-25,2503090024,Security Alarm,False Alarm Matthews Apartments,3/9/25,3/9/25 12:37
9-Mar-25,2503090026,Security Alarm,False Alarm Matthews Apartments,3/9/25,3/9/25 12:48
9-Mar-25,2503090041,Security Alarm,False Alarm Matthews Apartments,3/9/25,3/9/25 15:26
9-Mar-25,2025-0499,Security Alarm,False Alarm Matthews Apartments,3/9/25,3/9/25 16:25
9-Mar-25,2503090049,Security Alarm,False Alarm Matthews Apartments,,3/9/25 16:29
9-Mar-25,2503090051,Trespass,Sanford Consortium For Regenerative Medicine,3/9/25,3/9/25 17:25
9-Mar-25,2503090054,Trespass,Sanford Consortium For Regenerative Medicine,3/9/25,3/9/25 19:16
9-Mar-25,2503090057,Trespass,Sanford Consortium For Regenerative Medicine,3/9/25,3/9/25 21:19
9-Mar-25,2503090059,Sanford Consortium For Regenerative Medicine,Subject laying down on the ground,,3/9/25 21:53
10-Mar-25,2503100001,Suspicious Person,Trolley - Central Campus Station,3/10/25,3/10/25 0:19
10-Mar-25,2025-0500,Fire Alarm,False Alarm,3/10/25,3/10/25 1:48
10-Mar-25,2503100006,Fire Alarm,False Alarm,3/10/25,3/10/25 2:48
10-Mar-25,2503100009,Fire Alarm,False Alarm,3/10/25,3/10/25 6:07
10-Mar-25,2503100010,Fire Alarm,False Alarm,3/10/25,3/10/25 6:16
10-Mar-25,2503100017,Fire Alarm,False Alarm,,3/10/25 8:37
10-Mar-25,2503100025,Suspicious Person,Tall male possibly casing bikes in areaInformation OnlyAssist other Agency,3/10/25,3/10/25 10:58
10-Mar-25,2503100028,Suspicious Person,Tall male possibly casing bikes in areaInformation OnlyAssist other Agency,3/10/25,3/10/25 11:34
10-Mar-25,2503100029,Suspicious Person,Tall male possibly casing bikes in areaInformation OnlyAssist other Agency,3/10/25,3/10/25 11:47
10-Mar-25,2025-0501,Suspicious Person,Tall male possibly casing bikes in areaInformation OnlyAssist other Agency,3/10/25,3/10/25 19:30
10-Mar-25,2025-0502,Suspicious Person,Tall male possibly casing bikes in areaInformation OnlyAssist other Agency,3/10/25,3/10/25 11:55
10-Mar-25,2503100033,Suspicious Person,Tall male possibly casing bikes in areaInformation OnlyAssist other Agency,,3/10/25 12:01
10-Mar-25,2025-0503,Shoplifting,Target,3/10/25,3/10/25 12:21
10-Mar-25,2503100038,Petty Theft,"Secured electric scooter stolen, loss $300.00Online Report",3/10/25,3/10/25 13:35
10-Mar-25,2025-0504,Petty Theft,"Secured electric scooter stolen, loss $300.00Online Report",3/10/25,3/9/25 22:00
10-Mar-25,2503100039,Petty Theft,"Secured electric scooter stolen, loss $300.00Online Report",3/10/25,3/10/25 13:56
10-Mar-25,2503100040,Petty Theft,"Secured electric scooter stolen, loss $300.00Online Report",3/10/25,3/8/25
10-Mar-25,2503100043,Petty Theft,"Secured electric scooter stolen, loss $300.00Online Report",,3/10/25 15:46
10-Mar-25,2503100051,Petty Theft,Gilman Drive,3/10/25,3/10/25 18:26
10-Mar-25,2503100052,Medical Aid,Medical transport for patientReferred to Other AgencyDomestic Violence Disturbance,3/10/25,3/10/25 18:33
10-Mar-25,2503100055,Medical Aid,Medical transport for patientReferred to Other AgencyDomestic Violence Disturbance,3/10/25,3/10/25 19:21
10-Mar-25,2025-0505,Medical Aid,Medical transport for patientReferred to Other AgencyDomestic Violence Disturbance,3/10/25,3/10/25 19:40
10-Mar-25,2025-0506,Medical Aid,Medical transport for patientReferred to Other AgencyDomestic Violence Disturbance,3/10/25,3/10/25 15:45
10-Mar-25,2503100061,Medical Aid,Medical transport for patientReferred to Other AgencyDomestic Violence Disturbance,,3/10/25 21:44
10-Mar-25,2503100064,Welfare Check,"Reporting party unable to get ahold of friend who was supposed to drop their date off on campus then pick up reporting party, concerned friend is missing",3/10/25,3/10/25 22:11
10-Mar-25,2503100069,Welfare Check,"Reporting party unable to get ahold of friend who was supposed to drop their date off on campus then pick up reporting party, concerned friend is missing",3/10/25,3/10/25 22:55
10-Mar-25,2503100073,Welfare Check,"Reporting party unable to get ahold of friend who was supposed to drop their date off on campus then pick up reporting party, concerned friend is missing",3/10/25,3/10/25 23:06
10-Mar-25,2503100077,Welfare Check,"Reporting party unable to get ahold of friend who was supposed to drop their date off on campus then pick up reporting party, concerned friend is missing",3/10/25,3/10/25 23:43
10-Mar-25,EC25-03-09-0032,Welfare Check,"Reporting party unable to get ahold of friend who was supposed to drop their date off on campus then pick up reporting party, concerned friend is missing",3/10/25,3/9/25 19:40
10-Mar-25,2025-0504,Petty Theft,"Secured electric scooter stolen, loss $300.00Online Report",,3/9/25 22:00
11-Mar-25,2503110001,Escort,Found Property,3/11/25,3/11/25 0:29
11-Mar-25,2503110002,Escort,Found Property,3/11/25,3/11/25 0:34
11-Mar-25,2503110005,Welfare Check,Sally T Wongavery,3/11/25,3/11/25 1:09
11-Mar-25,2503110011,Welfare Check,Sally T Wongavery,3/11/25,3/11/25 4:33
11-Mar-25,2025-0508,Welfare Check,Sally T Wongavery,3/11/25,3/11/25 5:00
11-Mar-25,2503110018,Welfare Check,Sally T Wongavery,,3/11/25 7:24
11-Mar-25,2503110020,Fire Alarm,Incomplete/Accidental Wireless 911 Call,3/11/25,3/11/25 7:55
11-Mar-25,2503110021,Fire Alarm,Incomplete/Accidental Wireless 911 Call,3/11/25,3/11/25 8:16
11-Mar-25,2503110022,Fire Alarm,Incomplete/Accidental Wireless 911 Call,3/11/25,3/11/25 8:24
11-Mar-25,2503110024,Fire Alarm,Incomplete/Accidental Wireless 911 Call,3/11/25,3/11/25 8:41
11-Mar-25,2503110025,Fire Alarm,Incomplete/Accidental Wireless 911 Call,3/11/25,3/11/25 8:44
11-Mar-25,2503110028,Fire Alarm,Incomplete/Accidental Wireless 911 Call,,3/11/25 9:12
11-Mar-25,2503110032,Petty Theft,Gilman Drive,3/11/25,3/11/25 10:56
11-Mar-25,2503110033,Petty Theft,Gilman Drive,3/11/25,3/11/25 10:59
11-Mar-25,2503110034,Medical Aid,Female about to pass outReferred to Other Agency,3/11/25,3/11/25 11:21
11-Mar-25,2503110035,Medical Aid,Female about to pass outReferred to Other Agency,3/11/25,3/11/25 11:28
11-Mar-25,2025-0514,Medical Aid,Female about to pass outReferred to Other Agency,3/11/25,3/6/25 20:00
11-Mar-25,2503110038,Medical Aid,Female about to pass outReferred to Other Agency,,3/11/25 12:17
11-Mar-25,2503110039,Medical Aid,Regents Park Row,3/11/25,3/11/25 12:23
11-Mar-25,2503110040,Medical Aid,Regents Park Row,3/11/25,3/11/25 12:28
11-Mar-25,2025-0516,Medical Aid,Regents Park Row,3/11/25,3/9/25 15:30
11-Mar-25,2503110042,Medical Aid,Regents Park Row,3/11/25,3/11/25 12:45
11-Mar-25,2503110043,Medical Aid,Regents Park Row,3/11/25,3/11/25 13:12
11-Mar-25,2025-0510,Medical Aid,Regents Park Row,,3/11/25 12:30
11-Mar-25,2503110048,Grand Theft,"Secured electric bicycle stolen, loss $1,000.00Report Taken",3/11/25,3/11/25 14:05
11-Mar-25,2025-0511,Medical Aid,Patient fellReferred to Other Agency,3/11/25,3/11/25 12:30
11-Mar-25,2503110050,Medical Aid,Patient fellReferred to Other Agency,3/11/25,3/11/25 14:10
11-Mar-25,2503110051,Medical Aid,Patient fellReferred to Other Agency,3/11/25,3/11/25 14:21
11-Mar-25,2503110052,Medical Aid,Patient fellReferred to Other Agency,3/11/25,3/11/25 14:26
11-Mar-25,2503110055,Medical Aid,Patient fellReferred to Other Agency,,3/11/25 16:11
11-Mar-25,2503110056,,,3/11/25,3/11/25 16:16
11-Mar-25,2503110060,Fire Alarm,Referred to Other Agency,3/11/25,3/11/25 16:16
11-Mar-25,2503110061,Fire Alarm,Referred to Other Agency,3/11/25,3/11/25 18:12
11-Mar-25,2503110064,Fire Alarm,Referred to Other Agency,3/11/25,3/11/25 18:50
11-Mar-25,2503110071,Fire Alarm,Referred to Other Agency,3/11/25,3/11/25 20:11
11-Mar-25,2503110074,Fire Alarm,Referred to Other Agency,,3/11/25 21:19
11-Mar-25,2503110076,Fire Alarm,Black Apartments,3/11/25,3/11/25 21:54
11-Mar-25,2503110078,Welfare Check,Caller requesting an ambulance for unknown reasonReferred to Other Agency,3/11/25,3/11/25 22:03
11-Mar-25,2503110081,Welfare Check,Caller requesting an ambulance for unknown reasonReferred to Other Agency,3/11/25,3/11/25 22:54
11-Mar-25,2503110085,Welfare Check,Caller requesting an ambulance for unknown reasonReferred to Other Agency,3/11/25,3/11/25 23:42
11-Mar-25,LJ25-03-10-0208,Welfare Check,Caller requesting an ambulance for unknown reasonReferred to Other Agency,3/11/25,3/10/25 2:47
11-Mar-25,LJ25-03-10-0209,Welfare Check,Caller requesting an ambulance for unknown reasonReferred to Other Agency,,3/10/25 14:21
12-Mar-25,2025-0517,Welfare Check,Price Center West,3/12/25,3/12/25 0:10
12-Mar-25,2503120005,Welfare Check,Price Center West,3/12/25,3/12/25 1:08
12-Mar-25,2503120008,Welfare Check,Price Center West,3/12/25,3/12/25 2:05
12-Mar-25,2503120010,Welfare Check,Price Center West,3/12/25,3/12/25 3:39
12-Mar-25,2503120011,Welfare Check,Price Center West,3/12/25,3/12/25 4:22
12-Mar-25,2503120012,Welfare Check,Price Center West,,3/12/25 5:52
12-Mar-25,2503120013,Information,Reports of a black container with yard debris seen at location Information Only,3/12/25,3/12/25 6:26
12-Mar-25,2503120018,Security Alarm,Blake Hall,3/12/25,3/12/25 7:23
12-Mar-25,2503120020,Security Alarm,Blake Hall,3/12/25,3/12/25 7:59
12-Mar-25,2503120022,Security Alarm,Blake Hall,3/12/25,3/12/25 8:29
12-Mar-25,2503120024,Security Alarm,Blake Hall,3/12/25,3/12/25 8:49
12-Mar-25,2503120025,Reports of possible toy gun being displayed in dorm windowService Provided Information Scholars Parking,Reports of a black container with yard debris seen at location Information Only,,3/12/25 9:01
12-Mar-25,2503120027,Medical Aid,Nobel Drive,3/12/25,3/12/25 9:51
12-Mar-25,2503120032,Medical Aid,Nobel Drive,3/12/25,3/12/25 11:29
12-Mar-25,2503120033,Medical Aid,Nobel Drive,3/12/25,3/12/25 11:56
12-Mar-25,2503120037,Medical Aid,Nobel Drive,3/12/25,3/12/25 12:21
12-Mar-25,2503120039,Medical Aid,Nobel Drive,3/12/25,3/12/25 12:27
12-Mar-25,2503120043,Medical Aid,Nobel Drive,,3/12/25 13:05
12-Mar-25,2503120048,Medical Aid,Patient fellMedical Aid Kaleidoscope,3/12/25,3/12/25 13:31
12-Mar-25,2503120050,Medical Aid,Patient fellMedical Aid Kaleidoscope,3/12/25,3/12/25 13:46
12-Mar-25,2503120064,Medical Aid,Patient fellMedical Aid Kaleidoscope,3/12/25,3/12/25 11:00
12-Mar-25,2025-0524,Medical Aid,Patient fellMedical Aid Kaleidoscope,3/12/25,3/12/25 17:25
12-Mar-25,2503120065,Medical Aid,Patient fellMedical Aid Kaleidoscope,3/12/25,3/12/25 18:37
12-Mar-25,2503120075,Medical Aid,Patient fellMedical Aid Kaleidoscope,,3/12/25 19:41
12-Mar-25,2025-0520,Petty Theft,Price Center Trolley security requesting assistance identifying subjectReferred to Other Agency,3/12/25,3/12/25 19:40
12-Mar-25,2503120080,Petty Theft,Price Center Trolley security requesting assistance identifying subjectReferred to Other Agency,3/12/25,3/12/25 20:29
12-Mar-25,2025-0521,Petty Theft,Price Center Trolley security requesting assistance identifying subjectReferred to Other Agency,3/12/25,3/12/25 18:00
12-Mar-25,2503120088,Welfare Check,Reporting party's friend having suicidal ideationsInformation Only,3/12/25,3/12/25 22:51
12-Mar-25,2025-0525,Welfare Check,Reporting party's friend having suicidal ideationsInformation Only,3/12/25,
12-Mar-25,2503120089,Welfare Check,Reporting party's friend having suicidal ideationsInformation Only,,3/12/25 23:29
12-Mar-25,2503120090,Noise Disturbance,Seventh College,3/12/25,3/12/25 23:38
12-Mar-25,2025-0522,Noise Disturbance,Seventh College,,3/12/25 23:54
13-Mar-25,2503130002,Fire Alarm,Kaleidoscope,3/13/25,3/13/25 0:07
13-Mar-25,2503130005,Fire Alarm,Kaleidoscope,3/13/25,3/13/25 0:50
13-Mar-25,2503130006,Welfare Check,Design and Innovation,3/13/25,3/13/25 0:59
13-Mar-25,2503130008,Welfare Check,Design and Innovation,3/13/25,3/13/25 1:19
13-Mar-25,2025-0523,Welfare Check,Design and Innovation,3/13/25,3/13/25 1:40
13-Mar-25,2503130010,Welfare Check,Design and Innovation,,3/13/25 1:45
13-Mar-25,2503130012,Suspicious Person,Escort,3/13/25,3/13/25 2:15
13-Mar-25,2503130014,Suspicious Person,Escort,3/13/25,3/13/25 2:39
13-Mar-25,2503130015,Suspicious Person,Escort,3/13/25,3/13/25 2:55
13-Mar-25,2503130020,Suspicious Person,Escort,3/13/25,3/13/25 5:28
13-Mar-25,2503130021,Suspicious Person,Escort,3/13/25,3/13/25 5:42
13-Mar-25,2503130023,Suspicious Person,Escort,,3/13/25 6:47
13-Mar-25,2503130028,,,3/13/25,3/13/25 7:32
13-Mar-25,2503130030,Fire Alarm,Scholars Parking,3/13/25,3/13/25 8:32
13-Mar-25,2503130035,Fire Alarm,Scholars Parking,3/13/25,3/13/25 8:41
13-Mar-25,2503130037,Fire Alarm,Scholars Parking,3/13/25,3/13/25 8:50
13-Mar-25,2503130039,Fire Alarm,Scholars Parking,3/13/25,3/13/25 8:56
13-Mar-25,2503130040,Fire Alarm,Scholars Parking,,3/13/25 9:12
13-Mar-25,2503130047,Petty Theft,"Secured electric bicycle stolen, loss $400.00Report Taken",3/13/25,3/13/25 10:37
13-Mar-25,2025-0526,Petty Theft,"Secured electric bicycle stolen, loss $400.00Report Taken",3/13/25,3/12/25 18:00
13-Mar-25,2503130051,Petty Theft,"Secured electric bicycle stolen, loss $400.00Report Taken",3/13/25,3/13/25 11:14
13-Mar-25,2503130052,Petty Theft,"Secured electric bicycle stolen, loss $400.00Report Taken",3/13/25,3/13/25 12:45
13-Mar-25,2503130054,Petty Theft,"Secured electric bicycle stolen, loss $400.00Report Taken",3/13/25,3/13/25 13:14
13-Mar-25,2025-0527,Petty Theft,"Secured electric bicycle stolen, loss $400.00Report Taken",,3/13/25 13:49
13-Mar-25,2503130058,Elevator Problem,Referred to Other UCSD Department,3/13/25,3/13/25 13:52
13-Mar-25,2025-0528,Grand Theft,"Secured electric bicycle stolen, loss $1,200.00Report Taken",3/13/25,3/13/25 13:45
13-Mar-25,2503130061,Grand Theft,"Secured electric bicycle stolen, loss $1,200.00Report Taken",3/13/25,3/13/25 14:47
13-Mar-25,2025-0529,Grand Theft,"Secured electric bicycle stolen, loss $1,200.00Report Taken",3/13/25,3/13/25 0:00
13-Mar-25,2503130065,Grand Theft,"Secured electric bicycle stolen, loss $1,200.00Report Taken",3/13/25,3/13/25 15:58
13-Mar-25,2025-0530,Grand Theft,"Secured electric bicycle stolen, loss $1,200.00Report Taken",,3/13/25 16:00
13-Mar-25,2503130069,Welfare Check,Tdlln - Podemos,3/13/25,3/13/25 16:16
13-Mar-25,2025-0531,Welfare Check,Tdlln - Podemos,3/13/25,3/13/25 10:30
13-Mar-25,2503130071,Welfare Check,Tdlln - Podemos,3/13/25,3/13/25 16:35
13-Mar-25,2503130072,Welfare Check,Tdlln - Podemos,3/13/25,3/13/25 17:28
13-Mar-25,2503130073,Welfare Check,Tdlln - Podemos,3/13/25,3/13/25 17:36
13-Mar-25,2503130074,Welfare Check,Tdlln - Podemos,,3/13/25 17:45
13-Mar-25,2503130075,Welfare Check,Reporting party requesting to speak with Triton Core Checks OK,3/13/25,3/13/25 17:50
13-Mar-25,2503130076,Welfare Check,Reporting party requesting to speak with Triton Core Checks OK,3/13/25,3/13/25 17:53
13-Mar-25,2503130079,Medical Aid,Reporting Party's roommate having allergic reactionCancelled,3/13/25,3/13/25 18:11
13-Mar-25,2025-0532,Medical Aid,Reporting Party's roommate having allergic reactionCancelled,3/13/25,3/13/25 18:23
13-Mar-25,2503130086,Medical Aid,Reporting Party's roommate having allergic reactionCancelled,3/13/25,3/13/25 20:33
13-Mar-25,2503130098,Medical Aid,Reporting Party's roommate having allergic reactionCancelled,,3/13/25 22:43
13-Mar-25,2503130099,Noise Disturbance,Asia Hall,3/13/25,3/13/25 22:45
13-Mar-25,2503130102,Noise Disturbance,Asia Hall,3/13/25,3/13/25 23:34
13-Mar-25,2503130103,Noise Disturbance,Asia Hall,,3/13/25 23:39
14-Mar-25,2503140005,Escort,Escort to 7th college,3/14/25,3/14/25 1:06
14-Mar-25,2503140008,Escort,Escort to 7th college,3/14/25,3/14/25 1:30
14-Mar-25,2503140024,Fire Alarm,Birch Aquarium Fire Alarm,3/14/25,3/14/25 7:31
14-Mar-25,2503140026,Fire Alarm,Birch Aquarium Fire Alarm,3/14/25,3/14/25 8:29
14-Mar-25,2503140027,Fire Alarm,Birch Aquarium Fire Alarm,3/14/25,3/14/25 3:14
14-Mar-25,2503140028,Fire Alarm,Birch Aquarium Fire Alarm,,3/14/25 8:47
14-Mar-25,2503140037,Medical Aid,Referred to Other AgencyIncomplete/ Accidental Wireless 911 CallGenesee Ave,3/14/25,3/14/25 10:14
14-Mar-25,2503140038,Medical Aid,Referred to Other AgencyIncomplete/ Accidental Wireless 911 CallGenesee Ave,3/14/25,3/14/25 10:15
14-Mar-25,2503140045,Medical Aid,Referred to Other AgencyIncomplete/ Accidental Wireless 911 CallGenesee Ave,3/14/25,3/14/25 12:02
14-Mar-25,2503140056,Medical Aid,Referred to Other AgencyIncomplete/ Accidental Wireless 911 CallGenesee Ave,3/14/25,3/14/25 15:01
14-Mar-25,2503140057,Medical Aid,Referred to Other AgencyIncomplete/ Accidental Wireless 911 CallGenesee Ave,3/14/25,3/14/25 15:05
14-Mar-25,2503140058,Medical Aid,Referred to Other AgencyIncomplete/ Accidental Wireless 911 CallGenesee Ave,,3/14/25 15:06
14-Mar-25,2503140059,Grand Theft,Center Hall on Gilman Drive,3/14/25,3/14/25 15:50
14-Mar-25,2503140060,Grand Theft,Center Hall on Gilman Drive,3/14/25,3/14/25 15:57
14-Mar-25,2503140062,Grand Theft,Center Hall on Gilman Drive,3/14/25,3/13/25 21:00
14-Mar-25,2025-0533,Grand Theft,Center Hall on Gilman Drive,3/14/25,3/14/25 12:00
14-Mar-25,2503140068,Grand Theft,Center Hall on Gilman Drive,3/14/25,3/14/25 17:54
14-Mar-25,2025-0534,Grand Theft,Center Hall on Gilman Drive,,3/14/25 18:01
14-Mar-25,2503140075,Medical Aid,Oak Drive Medical Aid,3/14/25,3/14/25 20:43
14-Mar-25,2503140078,Medical Aid,Oak Drive Medical Aid,3/14/25,3/14/25 21:13
14-Mar-25,2503140082,Medical Aid,Oak Drive Medical Aid,3/14/25,3/14/25 21:37
14-Mar-25,2503140084,Medical Aid,Oak Drive Medical Aid,3/14/25,3/14/25 21:43
14-Mar-25,2503140090,Medical Aid,Oak Drive Medical Aid,3/14/25,3/14/25 23:40
14-Mar-25,2503140091,Medical Aid,Oak Drive Medical Aid,,3/14/25 23:40
14-Mar-25,2025-0535,,,,3/14/25 11:55
15-Mar-25,2503150002,Noise Disturbance,Brisa,3/15/25,3/15/25 0:04
15-Mar-25,2503150003,Noise Disturbance,Brisa,3/15/25,3/15/25 0:07
15-Mar-25,2503150004,Noise Disturbance,Brisa,3/15/25,3/15/25 0:10
15-Mar-25,2503150005,Noise Disturbance,Brisa,3/15/25,3/15/25 0:15
15-Mar-25,2503150006,Noise Disturbance,Brisa,3/15/25,3/15/25 0:23
15-Mar-25,2503150007,Noise Disturbance,Brisa,,3/15/25 0:27
15-Mar-25,2503150008,Welfare Check,Sleeper inside vehicleChecks Ok Incomplete/Accidental Landline 911 CallUnable to Locate,3/15/25,3/15/25 0:43
15-Mar-25,2503150010,Welfare Check,Sleeper inside vehicleChecks Ok Incomplete/Accidental Landline 911 CallUnable to Locate,3/15/25,3/15/25 1:03
15-Mar-25,2503150013,Welfare Check,Sleeper inside vehicleChecks Ok Incomplete/Accidental Landline 911 CallUnable to Locate,3/15/25,3/15/25 1:24
15-Mar-25,2503150014,Welfare Check,Sleeper inside vehicleChecks Ok Incomplete/Accidental Landline 911 CallUnable to Locate,3/15/25,3/15/25 1:34
15-Mar-25,2503150015,Welfare Check,Sleeper inside vehicleChecks Ok Incomplete/Accidental Landline 911 CallUnable to Locate,3/15/25,3/15/25 1:39
15-Mar-25,Date,,,,3/15/25 2:53
15-Mar-25,2503150024,Escort,Service Provided,3/15/25,3/15/25 3:20
15-Mar-25,2503150040,Escort,Service Provided,3/15/25,3/15/25 10:58
15-Mar-25,2503150042,Fire Alarm,,3/15/25,3/15/25 11:18
15-Mar-25,2503150043,Fire Alarm,,3/15/25,3/15/25 11:32
15-Mar-25,2503150047,Fire Alarm,,3/15/25,3/15/25 12:04
15-Mar-25,2503150048,Fire Alarm,,,3/15/25 12:41
15-Mar-25,2025-0538,Fire Alarm,"Unknown cause, signs of smoke or fireReferred to Other AgencyMission Brewing",3/15/25,3/15/25 13:20
15-Mar-25,2503150052,Fire Alarm,"Unknown cause, signs of smoke or fireReferred to Other AgencyMission Brewing",3/15/25,3/15/25 13:27
15-Mar-25,2503150055,Medical Aid,Tdlln - Podemos,3/15/25,3/15/25 13:52
15-Mar-25,2503150056,Medical Aid,Tdlln - Podemos,3/15/25,3/15/25 13:52
15-Mar-25,2503150057,Medical Aid,Tdlln - Podemos,3/15/25,3/15/25 14:02
15-Mar-25,2503150058,Medical Aid,Tdlln - Podemos,,3/15/25 14:13
15-Mar-25,2503150062,Medical Aid,Female at location keeps passing outCampus Emergency Services Building,3/15/25,3/15/25 15:00
15-Mar-25,2503150063,Medical Aid,Female at location keeps passing outCampus Emergency Services Building,3/15/25,3/15/25 15:15
15-Mar-25,2503150064,Medical Aid,Female at location keeps passing outCampus Emergency Services Building,3/15/25,3/15/25 15:18
15-Mar-25,2503150066,Medical Aid,Female at location keeps passing outCampus Emergency Services Building,3/15/25,3/15/25 15:31
15-Mar-25,2503150069,Medical Aid,Female at location keeps passing outCampus Emergency Services Building,3/15/25,3/15/25 16:34
15-Mar-25,2503150070,Gone on Arrival,Incomplete/Accidental Landline 911 Call Scholars Drive,,3/15/25 16:41
15-Mar-25,2503150072,Medical Aid,Referred to Other Agency,3/15/25,3/15/25 16:50
15-Mar-25,2503150073,Medical Aid,Referred to Other Agency,3/15/25,3/15/25 16:55
15-Mar-25,2503150074,Medical Aid,Referred to Other Agency,3/15/25,3/15/25 16:58
15-Mar-25,2503150075,Medical Aid,Referred to Other Agency,3/15/25,3/15/25 17:15
15-Mar-25,2503150076,Medical Aid,Referred to Other Agency,3/15/25,3/15/25 17:26
15-Mar-25,2503150077,Medical Aid,Referred to Other Agency,,3/15/25 17:32
15-Mar-25,2503150079,Citizen Contact,Social Sciences Building,3/15/25,3/15/25 18:05
15-Mar-25,2503150080,Petty Theft,Secured electric scooter stolen; loss $500.00Report Taken Referred to Other Agency,3/15/25,3/15/25 18:09
15-Mar-25,2503150081,Petty Theft,Secured electric scooter stolen; loss $500.00Report Taken Referred to Other Agency,3/15/25,3/15/25 18:11
15-Mar-25,2503150082,Medical Aid,,3/15/25,3/15/25 18:30
15-Mar-25,2025-0539,Medical Aid,,3/15/25,3/14/25 12:00
15-Mar-25,2503150084,Medical Aid,,,3/15/25 18:41
15-Mar-25,2503150091,Suspicious Person,Referred to Other Agency,3/15/25,3/15/25 20:41
15-Mar-25,2503150092,Suspicious Person,Referred to Other Agency,3/15/25,3/15/25 20:42
15-Mar-25,2503150093,Suspicious Person,Referred to Other Agency,3/15/25,3/15/25 20:46
15-Mar-25,2503150094,Suspicious Person,Referred to Other Agency,3/15/25,3/15/25 21:15
15-Mar-25,2503150099,Noise Disturbance,Bates Hall,3/15/25,3/15/25 22:40
15-Mar-25,2503150101,Checks Ok,Suspicious Person Liberty Station,,3/15/25 23:24
15-Mar-25,2503150103,Noise Disturbance,Bates Hall,,3/15/25 23:49
16-Mar-25,2503160001,Noise Disturbance,Loud Music and yelling,3/16/25,3/16/25 0:03
16-Mar-25,2503160002,Noise Disturbance,Loud Music and yelling,3/16/25,3/16/25 0:12
16-Mar-25,2025-0540,Welfare Check,"Student down at main entrance, possibly intoxicatedNon Injury Collision",3/16/25,3/16/25 0:40
16-Mar-25,2503160006,Welfare Check,"Student down at main entrance, possibly intoxicatedNon Injury Collision",3/16/25,3/16/25 1:44
16-Mar-25,2503160008,Welfare Check,"Student down at main entrance, possibly intoxicatedNon Injury Collision",3/16/25,3/16/25 2:00
16-Mar-25,2503160009,Welfare Check,"Student down at main entrance, possibly intoxicatedNon Injury Collision",,3/16/25 2:04
16-Mar-25,2503160011,Welfare Check,Trolley- Central Campus Station On Innovation Lane,3/16/25,3/16/25 2:35
16-Mar-25,2503160012,Welfare Check,Trolley- Central Campus Station On Innovation Lane,3/16/25,3/16/25 2:42
16-Mar-25,2503160014,Welfare Check,Trolley- Central Campus Station On Innovation Lane,3/16/25,3/16/25 4:13
16-Mar-25,2503160015,Welfare Check,Trolley- Central Campus Station On Innovation Lane,3/16/25,3/16/25 4:15
16-Mar-25,2503160016,Welfare Check,Trolley- Central Campus Station On Innovation Lane,3/16/25,3/16/25 4:56
16-Mar-25,2503160017,Welfare Check,Trolley- Central Campus Station On Innovation Lane,,3/16/25 6:53
16-Mar-25,2503160023,,,3/16/25,3/16/25 9:45
16-Mar-25,2503160026,Information,"Caller repeatedly calling regarding years old theft reported to San Diego Police, not satisfied with outcome of case",3/16/25,3/16/25 10:54
16-Mar-25,2503160030,Mental Health,Trolley - La Jolla Health Station,3/16/25,3/16/25 11:12
16-Mar-25,2503160031,Mental Health,Trolley - La Jolla Health Station,3/16/25,3/16/25 11:23
16-Mar-25,2025-0541,Mental Health,Trolley - La Jolla Health Station,3/16/25,3/16/25 11:46
16-Mar-25,2503160034,Mental Health,Trolley - La Jolla Health Station,,3/16/25 13:49
16-Mar-25,2503160038,Medical Aid,64 Degrees,3/16/25,3/16/25 15:14
16-Mar-25,2025-0542,Medical Aid,64 Degrees,3/16/25,3/16/25 16:45
16-Mar-25,2503160043,Medical Aid,64 Degrees,3/16/25,3/16/25 17:38
16-Mar-25,2503160044,Medical Aid,64 Degrees,3/16/25,3/16/25 17:49
16-Mar-25,2503160045,Medical Aid,64 Degrees,3/16/25,3/16/25 19:01
16-Mar-25,2503160046,Medical Aid,64 Degrees,,3/16/25 19:52
16-Mar-25,2025-0543,Petty Theft,Trolley-Central Campus,3/16/25,3/16/25 19:00
16-Mar-25,2025-0544,Petty Theft,Trolley-Central Campus,3/16/25,3/16/25 2:00
16-Mar-25,2503160056,Petty Theft,Trolley-Central Campus,3/16/25,3/16/25 21:08
16-Mar-25,2503160058,Petty Theft,Trolley-Central Campus,,3/16/25 21:38
17-Mar-25,2503170001,Noise Disturbance,Tdlln - Podemos,3/17/25,3/17/25 0:07
17-Mar-25,2025-0548,Noise Disturbance,Tdlln - Podemos,3/17/25,3/17/25 0:26
17-Mar-25,2503170004,Noise Disturbance,Tdlln - Podemos,3/17/25,3/17/25 1:24
17-Mar-25,2503170005,Noise Disturbance,Tdlln - Podemos,3/17/25,3/17/25 1:26
17-Mar-25,2503170007,Noise Disturbance,Tdlln - Podemos,3/17/25,3/17/25 1:46
17-Mar-25,2503170008,Noise Disturbance,Tdlln - Podemos,,3/17/25 1:56
17-Mar-25,2503170009,Security Alarm,Marine Science Development,3/17/25,3/17/25 2:27
17-Mar-25,2503170010,Security Alarm,Marine Science Development,3/17/25,3/17/25 2:28
17-Mar-25,2503170011,Security Alarm,Marine Science Development,3/17/25,3/17/25 2:41
17-Mar-25,2503170013,Security Alarm,Marine Science Development,3/17/25,3/17/25 2:55
17-Mar-25,2503170014,Security Alarm,Marine Science Development,3/17/25,3/17/25 3:05
17-Mar-25,2503170016,Security Alarm,Marine Science Development,,3/17/25 4:18
17-Mar-25,2503170020,Welfare Check,Gone on Arrival,3/17/25,3/17/25 5:35
17-Mar-25,2503170024,Medical Aid,Referred to Other AgencyVin Verification Fleet Sciences,3/17/25,3/17/25 8:48
17-Mar-25,2503170028,Medical Aid,Referred to Other AgencyVin Verification Fleet Sciences,3/17/25,3/17/25 10:10
17-Mar-25,2503170030,Medical Aid,Referred to Other AgencyVin Verification Fleet Sciences,3/17/25,3/17/25 10:32
17-Mar-25,2503170031,Medical Aid,Referred to Other AgencyVin Verification Fleet Sciences,3/17/25,3/17/25 10:42
17-Mar-25,2025-0549,Medical Aid,Referred to Other AgencyVin Verification Fleet Sciences,,3/14/25 14:00
17-Mar-25,2503170037,Fire Alarm,Tapestry Disorderly Conduct: Alcohol,3/17/25,3/17/25 13:30
17-Mar-25,2503170038,Fire Alarm,Tapestry Disorderly Conduct: Alcohol,3/17/25,3/17/25 13:42
17-Mar-25,2503170042,Fire Alarm,Tapestry Disorderly Conduct: Alcohol,3/17/25,3/17/25 14:52
17-Mar-25,2503170044,Fire Alarm,Tapestry Disorderly Conduct: Alcohol,3/17/25,3/17/25 15:53
17-Mar-25,2503170046,Fire Alarm,Tapestry Disorderly Conduct: Alcohol,3/17/25,3/17/25 16:51
17-Mar-25,2025-0552,Fire Alarm,Tapestry Disorderly Conduct: Alcohol,,3/15/25 5:00
17-Mar-25,2503170049,Welfare Check,Thornton Pavilion,3/17/25,3/17/25 17:53
17-Mar-25,2503170050,Welfare Check,Thornton Pavilion,3/17/25,3/17/25 18:29
17-Mar-25,2503170053,Welfare Check,Thornton Pavilion,3/17/25,3/17/25 19:54
17-Mar-25,2503170056,Welfare Check,Thornton Pavilion,3/17/25,3/17/25 21:04
17-Mar-25,2025-0553,Welfare Check,Thornton Pavilion,3/17/25,3/17/25 18:54
17-Mar-25,2503170065,Welfare Check,Thornton Pavilion,,3/17/25 22:26
17-Mar-25,2503170067,Fire Alarm,False Alarm Will Cooperate,3/17/25,3/17/25 22:50
17-Mar-25,2503170069,Fire Alarm,False Alarm Will Cooperate,3/17/25,3/17/25 23:09
17-Mar-25,2503170072,Fire Alarm,False Alarm Will Cooperate,3/17/25,3/17/25 23:54
17-Mar-25,LJ25-03-16-0229,Fire Alarm,False Alarm Will Cooperate,,3/16/25 16:12
18-Mar-25,2503180001,Noise Disturbance,Vela,3/18/25,3/18/25 0:17
18-Mar-25,2503180003,Noise Disturbance,Vela,3/18/25,3/18/25 0:35
18-Mar-25,2025-0554,Noise Disturbance,Vela,3/18/25,3/10/25
18-Mar-25,2503180005,Noise Disturbance,Vela,3/18/25,3/18/25 1:12
18-Mar-25,2025-0555,Noise Disturbance,Vela,3/18/25,3/18/25
18-Mar-25,2503180008,Noise Disturbance,Vela,,3/18/25 2:20
18-Mar-25,2503180011,Medical Aid,Leichtag family Foundation,3/18/25,3/18/25 5:59
18-Mar-25,2503180017,Medical Aid,Leichtag family Foundation,3/18/25,3/18/25 1:45
18-Mar-25,2503180019,Medical Aid,Leichtag family Foundation,3/18/25,3/18/25 9:41
18-Mar-25,2503180023,Medical Aid,Leichtag family Foundation,3/18/25,3/18/25 11:08
18-Mar-25,2503180028,Medical Aid,Leichtag family Foundation,3/18/25,3/18/25 12:53
18-Mar-25,2025-0556,Medical Aid,Leichtag family Foundation,,3/18/25 12:57
18-Mar-25,2503180032,Petty Theft,Trolley- Central Campus Station,3/18/25,3/18/25 14:16
18-Mar-25,2503180033,Petty Theft,Trolley- Central Campus Station,3/18/25,3/18/25 14:23
18-Mar-25,2503180034,Petty Theft,Trolley- Central Campus Station,3/18/25,3/18/25 15:19
18-Mar-25,2503180036,Petty Theft,Trolley- Central Campus Station,3/18/25,3/18/25 15:34
18-Mar-25,2025-0557,Petty Theft,Trolley- Central Campus Station,3/18/25,3/16/25 22:05
18-Mar-25,2025-0558,Petty Theft,Trolley- Central Campus Station,,3/18/25 5:00
18-Mar-25,2503180042,Medical Aid,Transported to HospitalDisturbance,3/18/25,3/18/25 18:58
18-Mar-25,2025-0559,Medical Aid,Transported to HospitalDisturbance,3/18/25,3/18/25 22:09
18-Mar-25,2503180055,Medical Aid,Transported to HospitalDisturbance,3/18/25,3/18/25 23:12
18-Mar-25,2025-0560,Medical Aid,Transported to HospitalDisturbance,3/18/25,3/18/25 23:56
18-Mar-25,2503180061,Medical Aid,Transported to HospitalDisturbance,,3/18/25 23:58
19-Mar-25,2503190001,Welfare Check,,3/19/25,3/19/25 0:00
19-Mar-25,2503190004,Welfare Check,,3/19/25,3/19/25 0:56
19-Mar-25,2503190005,Welfare Check,,3/19/25,3/19/25 0:56
19-Mar-25,2503190008,Welfare Check,,3/19/25,3/19/25 1:47
19-Mar-25,2503190009,Welfare Check,,3/19/25,3/19/25 2:12
19-Mar-25,2503190027,Medical Aid,Rebecca and John Moores Cancer Center,3/19/25,3/19/25 9:26
19-Mar-25,2503190032,Medical Aid,Rebecca and John Moores Cancer Center,3/19/25,3/19/25 10:45
19-Mar-25,2025-0561,Medical Aid,Rebecca and John Moores Cancer Center,3/19/25,3/19/25 10:50
19-Mar-25,2503190037,Medical Aid,Rebecca and John Moores Cancer Center,3/19/25,3/19/25 12:15
19-Mar-25,2025-0562,Medical Aid,Rebecca and John Moores Cancer Center,3/19/25,3/19/25 11:25
19-Mar-25,2503190041,Medical Aid,Rebecca and John Moores Cancer Center,,3/19/25 13:10
19-Mar-25,2503190043,Grand Theft,Scholars Dr N,3/19/25,3/19/25 13:31
19-Mar-25,2503190045,Petty Theft,Innovation Ln,3/19/25,3/19/25 13:35
19-Mar-25,2025-0563,Petty Theft,Innovation Ln,3/19/25,3/19/25 8:30
19-Mar-25,2503190049,Petty Theft,Innovation Ln,3/19/25,3/19/25 14:24
19-Mar-25,2025-0564,Petty Theft,Innovation Ln,3/19/25,3/16/25 23:00
19-Mar-25,2025-0565,Petty Theft,Innovation Ln,,3/19/25 16:38
19-Mar-25,2503190057,Simple Assault,Quiet Hours ContactReferred to Other Agency,3/19/25,3/19/25 21:08
19-Mar-25,2503190059,Welfare Check,Pangea Parking Structure,3/19/25,3/19/25 21:41
19-Mar-25,2503190060,Welfare Check,Pangea Parking Structure,3/19/25,3/19/25 21:45
19-Mar-25,2503190063,Medical Aid,,3/19/25,3/19/25 22:16
19-Mar-25,2503190064,Medical Aid,,3/19/25,3/19/25 22:23
19-Mar-25,2503190065,Medical Aid,,,3/19/25 22:25
19-Mar-25,2503190067,Suspicious Person,Will Cooperate,3/19/25,3/19/25 22:33
19-Mar-25,2503190070,Suspicious Person,Will Cooperate,3/19/25,3/19/25 23:47
19-Mar-25,2503190071,Suspicious Person,Will Cooperate,3/19/25,3/19/25 23:52
19-Mar-25,2503190072,Suspicious Person,Will Cooperate,,3/19/25 23:54