Case Number,Incident Type,Case Number.1,Location,Date/Time Reported,Date/Time Occurred,Disposition
63306765105,Shoplifting $250 or Less,25-0282,UNM Hospital - UNMH Hospital,3/24/25,3/24/25 11:51,Inactive
63303932526,Criminal Damage Over $1000,25-0281,It Building,3/24/25,3/21/25 17:00,Closed
63293749921,Burglary Commercial  2202,25-0278,Popejoy Hall - 62,3/23/25,3/22/25 11:45,Cleared by Arrest
63293749921,Breaking & Entering,25-0278,Popejoy Hall - 62,3/23/25,3/22/25 11:45,Cleared by Arrest
63291427545,,25-0279,Casas Del Rio Iii - Pecos - 93,3/23/25,3/23/25 0:26,Disposition Pending
63276486405,Abuse/Abandonment of Dependent,25-0276,Cpc Admin - Children'S Psychiatric Center Admin Building - 236A,3/21/25,3/21/25 14:39,Closed
63276926675,Battery Upon a Healthcare Worker,25-0277,Mhc Admin/Activity - Mental Health Center - 299B,3/21/25,3/21/25 18:24,Sent to the DA
63255633322,Criminal Trespass,25-0275,Popejoy Hall - 62,3/20/25,3/20/25 4:26,Closed
63252522609,Criminal Trespass Notice,25-0274,G Lot,3/20/25,3/20/25 2:19,Closed
63164752687,Agg Battery Upon a Healthcare Worker,25-0244,UNM Hospital - UNMH Hospital,3/19/25,3/13/25 0:51,Cleared by Arrest
63246809301,Battery Upon a Healthcare Worker,25-0272,Mhc Mental Health Center - New Side,3/19/25,3/19/25 11:19,Closed
63249573883,,25-0273,Cpc Capitan - Children'S Psychiatric Center Capitan Cottage - 240,3/19/25,3/19/25 17:19,Closed
63223923667,Assault/Battery Health Care Worker,25-0268,Mhc Admin/Activity - Mental Health Center - 299B,3/18/25,3/18/25 1:38,Disposition Pending
63230852424,Battery (Non-Household Member),25-0269,UNM Hospital - UNMH Hospital,3/18/25,3/17/25 15:50,Closed
63234895212,Graffiti-Persnl Real Prty Ls $1000,25-0267,Art - 84,3/18/25,3/17/25 17:53,
63234024491,,25-0270,500 Block of ELM ST NE,3/18/25,3/18/25 14:49,Disposition Pending
63221411208,Criminal Trespass Notice,25-0266,Johnson Center - 59,3/17/25,3/17/25 16:12,Closed
63215841624,,25-0255,University Arena - The Pit - 302,3/17/25,3/14/25 18:14,Closed
63221811580,,25-0264,UNMH University Of New Mexico Hospital,3/17/25,3/16/25 20:13,Closed
63221590939,,25-0265,Technology & Education Center - 64,3/17/25,3/17/25 17:11,Closed
63207410829,Criminal Trespass,25-0258,Bookstore - 102,3/16/25,3/15/25 18:30,Cleared by Arrest
63205534450,Agg Battery (Non-Household Member),25-0261,Alvarado Hall Dormitory - 157,3/16/25,3/16/25 4:37,Active
63208503527,Larceny-All Other Ov $250/Less $500,25-0259,Coronado Hall Dormitory - 155,3/16/25,3/15/25 4:47,
63208478750,Criminal Damage Under $1000,25-0263,Bookstore - 102,3/16/25,3/16/25 11:35,Closed
63208432320,Battery Upon a Healthcare Worker,25-0262,UNM Hospital - UNMH Hospital,3/16/25,3/16/25 17:35,Closed
63196639882,,25-0257,Cpc Commons - Children'S Psychiatric Center Commons And Service Bldg - 243,3/15/25,3/14/25 0:30,Closed
63198077468,,25-0256,Johnson Center - 59,3/15/25,3/14/25 20:40,Closed
63184257943,,25-0252,University Arena - The Pit - 302,3/14/25,3/13/25 18:07,Closed
63186091040,Child Abuse W/O GBH or Death,25-0254,University Arena - The Pit - 302,3/14/25,3/14/25 14:50,Sent to the DA
63186091040,Aggravated Battery/Subsection B,25-0254,University Arena - The Pit - 302,3/14/25,3/14/25 14:50,Sent to the DA
63168476841,,25-0247,University Arena - The Pit - 302,3/13/25,3/13/25 9:02,Closed
63166854229,Criminal Trespass Notice,25-0245,College Of Education,3/13/25,3/13/25 5:18,Closed
63164831614,Use Phone to Threaten (2nd Ofns),25-0243,Casas Del Rio Iii - Pecos - 93,3/13/25,3/12/25 23:48,Closed
63172328009,Auto Theft/Unlawful Take MV 1st Ofns,25-0249,UNM Cancer Center,3/13/25,3/13/25 15:53,Closed
63167260309,,25-0246,Sub - Student Union Building - 60,3/13/25,3/13/25 7:38,Closed
63173054087,Assault Upon A Healthcare Worker,25-0251,Mhc Mental Health Center - New Side,3/13/25,3/13/25 17:20,Cleared by Arrest
63173054087,Battery HHM DV,25-0251,Mhc Mental Health Center - New Side,3/13/25,3/13/25 17:20,Cleared by Arrest
63168873895,,25-0248,"Casas Del Rio I - Chama
  - 91",3/13/25,3/13/25 10:45,Closed
63173553662,,25-0253,Mhc Inpatient - Mental Health Center - 299C,3/13/25,3/13/25 16:18,Closed
63159574378,,25-0242,Sub - Student Union Building - 60,3/12/25,3/12/25 13:01,Closed
63156139689,Poss of CC Stolen/Lost/Mislaid,25-0240,Coronado Hall Dormitory - 155,3/12/25,3/12/25 4:28,Cleared by Arrest
63156139689,Criminal Trespass,25-0240,Coronado Hall Dormitory - 155,3/12/25,3/12/25 4:28,Cleared by Arrest
63156139689,Resist/Evad/Obstruct Any Ofc,25-0240,Coronado Hall Dormitory - 155,3/12/25,3/12/25 4:28,Cleared by Arrest
63157808721,Aggravated Assault with Deadly Weapon,25-0241,Duck Pond,3/12/25,3/12/25 9:33,Cleared by Arrest
63149281777,Robbery - No Weapon,25-0238,100 Block of CORNELL DR SE,3/11/25,3/11/25 17:25,Closed
63146222083,Criminal Damage Under $1000,25-0234,Asap - Addiction And Substance Abuse Program,3/11/25,3/11/25 13:12,Closed
63149605336,Battery HHM DV,25-0239,Santa Clara Hall Dormitory - 61,3/11/25,3/2/25 3:00,Cleared by Arrest
63148118977,Robbery - No Weapon,25-0236,Mitchell Hall - 23,3/11/25,3/11/25 16:13,Closed
63148351043,Larceny - Miscellaneous Under $250,25-0235,Casas Del Rio Ii - Jemez - 92,3/11/25,3/11/25 16:33,Disposition Pending
63144734693,Criminal Damage Under $1000,25-0233,Lobo Village,3/11/25,3/10/25 20:00,Closed
63148418272,,25-0237,Casas Del Rio Ii - Jemez - 92,3/11/25,3/11/25 16:28,Closed
26988,Liquor Law Violation: Disciplinary Referral,00186-2025,Zia Dorm Hokona,3/10/25,3/7/25 22:08,Referred for Admin
63128967733,,25-0230,UNMpd - UNM Police Dept,3/10/25,2/18/25 9:46,Closed
63130854119,,25-0231,UNM Hospital - UNMH Hospital,3/10/25,3/10/25 13:00,Active
63116397443,,25-0228,UNMH University Of New Mexico Hospital,3/9/25,3/9/25 3:55,Closed
63118666207,Larceny - Miscellaneous Under $250,25-0229,Santa Clara Hall Dormitory - 61,3/9/25,3/8/25 10:45,Closed
63114189044,Warrant Extradition,25-0227,UNMpd,3/9/25,3/8/25 22:26,Cleared by Arrest
63101795814,Unlawful Poss Handgun (under 19)  5212,25-0221,UNM Hospital - UNMH Hospital,3/8/25,3/8/25 1:13,Sent to the DA
63109774350,Auto Burglary,25-0226,A/E Lot - Central & Girard,3/8/25,3/8/25 18:38,Disposition Pending
63109549709,Battery Upon a Healthcare Worker,25-0224,W Lot Children'S Psychiatric Center,3/8/25,3/8/25 12:10,Sent to the DA
63103650003,Battery (Non-Household Member),25-0222,Coronado Hall Dormitory - 155,3/8/25,3/8/25 2:39,Sent to the DA
63103650003,Battery (Non-Household Member),25-0222,Coronado Hall Dormitory - 155,3/8/25,3/8/25 2:39,Sent to the DA
63107434843,,25-0223,Sub - Student Union Building - 60,3/8/25,3/8/25 7:32,Closed
63076388429,Criminal Trespass Notice,25-0220,Art - 84,3/7/25,3/6/25 21:38,Closed
63028373472,Auto Burglary,25-0216,I Lot,3/5/25,3/3/25 12:04,Closed
63032215652,Criminal Trespass Notice,25-0217,Popejoy Hall - 62,3/5/25,3/5/25 10:26,Closed
63036474356,,25-0218,Casas Del Rio Iii - Pecos - 93,3/5/25,3/5/25 10:35,Closed
63038184648,,25-0219,Mesa Vista Hall - 56,3/5/25,3/5/25 11:17,Closed
62994142374,Misdemeanor Warrant,25-0211,"Cars (Counseling, Assistance And  Referral Service) - 184",3/4/25,3/3/25 8:29,Closed
62982763788,Agg Assault Upon A Healthcare Worker,25-0212,UNMH University Of New Mexico Hospital,3/3/25,3/3/25 10:06,Sent to the DA
62985158506,Assault,25-0214,UNMH University Of New Mexico Hospital,3/3/25,3/3/25 16:52,Closed
62985670564,,25-0205,University Arena - The Pit - 302,3/3/25,3/1/25 10:21,Disposition Pending
62983409217,Criminal Damage Under $1000,25-0213,Hokona Hall - 58,3/3/25,2/27/25 19:45,Closed
62979726675,Arson (Over $100 Under $1000),25-0210,Castetter Hall - 21,3/3/25,3/3/25 5:24,Closed
62968854745,,25-0207,Casas Del Rio Ii - Jemez - 92,3/2/25,3/2/25 1:58,Closed
62968847683,,25-0209,Coronado Hall Dormitory - 155,3/2/25,3/2/25 1:34,Closed
62968842943,Criminal Trespass Notice,25-0208,Devargas Hall Dormitory - 75,3/2/25,3/2/25 1:50,Closed
62964395142,Larceny - Miscellaneous Under $250,25-0206,B Lot - Maxwell Museum,3/1/25,3/1/25 11:05,Closed
62956964675,,25-0203,Casas Del Rio Iii - Pecos - 93,3/1/25,2/28/25 22:37,Closed
62953498601,Larceny - Miscellaneous Under $250,25-0198,Student Residence Center - 88L,2/28/25,2/27/25 15:23,Closed
62955262452,Criminal Damage Under $1000,25-0202,Hokona Hall - 58,2/28/25,2/28/25 15:45,Closed
62944767976,Auto Burglary,25-0200,200 Block of CORNELL DR SE,2/28/25,2/27/25 22:30,Closed
62956765512,Criminal Trespass Notice,25-0204,Yale Parking Structure - 144,2/28/25,2/28/25 21:36,Closed
62956765512,Criminal Trespass Notice,25-0204,Yale Parking Structure - 144,2/28/25,2/28/25 21:36,Closed
62956765512,Criminal Trespass Notice,25-0204,Yale Parking Structure - 144,2/28/25,2/28/25 21:36,Closed
62956765512,Criminal Trespass Notice,25-0204,Yale Parking Structure - 144,2/28/25,2/28/25 21:36,Closed
62956765512,Criminal Trespass Notice,25-0204,Yale Parking Structure - 144,2/28/25,2/28/25 21:36,Closed
62956765512,Criminal Trespass Notice,25-0204,Yale Parking Structure - 144,2/28/25,2/28/25 21:36,Closed
62956765512,Criminal Trespass Notice,25-0204,Yale Parking Structure - 144,2/28/25,2/28/25 21:36,Closed
62937984789,,25-0196,Clark Hall - 22,2/27/25,2/27/25 11:30,Closed
62941730119,Larceny All Othr/Ov $2500 Ls $20000,25-0197,Center For The Arts (Pope Joy) - 62,2/27/25,2/27/25 14:07,Closed
62942965603,Criminal Trespass Notice,25-0199,Cornell Parking Structure - 198,2/27/25,2/27/25 19:27,Closed
62925092379,Recovered Vehicle,25-0193,State Tri Servies Lab - 285,2/26/25,2/26/25 7:29,Closed
62921551573,Battery Upon a Healthcare Worker,25-0192,UNM Hospital - UNMH Hospital,2/26/25,2/26/25 2:45,Cleared by Arrest
62929568611,,25-0195,Sub - Student Union Building - 60,2/26/25,2/26/25 19:02,Closed
62914107560,Larceny - Miscellaneous Under $250,25-0189,UNM Hospital - UNMH Hospital,2/25/25,2/25/25 15:15,Closed
62916019316,,25-0191,Lobo Rainforest,2/25/25,2/25/25 16:23,Closed
62906208066,,25-0187,Johnson Center - 59,2/24/25,2/24/25 16:31,Closed
62904149818,,25-0186,1700 Block of UNIVERSITY BLVD SE,2/24/25,2/12/25 8:00,Closed
62904149818,Harassment,25-0186,1700 Block of UNIVERSITY BLVD SE,2/24/25,2/12/25 8:00,Closed
62902925033,Misdemeanor Warrant,25-0185,Ctlb Collaborative Teaching & Learning Building - 55,2/24/25,2/24/25 8:21,Cleared by Arrest
62892989563,Battery Upon a Healthcare Worker,25-0183,Cpc Admin - Children'S Psychiatric Center Admin Building - 236A,2/23/25,2/23/25 18:07,Sent to the DA
62891241468,Assault Upon A Healthcare Worker,25-0182,UNM Hospital - UNMH Hospital,2/23/25,2/23/25 13:00,Closed
62880722486,Auto Theft/Unlawful Take MV 1st Ofns,25-0179,R Lot Coronado,2/22/25,2/22/25 16:39,Closed
62881114451,Battery Upon a Healthcare Worker,25-0180,W Lot Children'S Psychiatric Center,2/22/25,2/22/25 0:00,Sent to the DA
62881646128,Criminal Sexual Contact,25-0181,Mhc Admin/Activity - Mental Health Center - 299B,2/22/25,2/21/25 21:31,Active
62875053491,Extortion,25-0178,Coronado Hall Dormitory - 155,2/22/25,2/22/25 3:35,
62869691976,,25-0176,UNM Hospital - UNMH Hospital,2/21/25,2/21/25 17:32,Closed
26968,Rape,204,UNM Rainforest,2/20/25,10/15/24 0:00,Inactive
62860089723,Resist/Evad/Obstruct Any Ofc,25-0175,Tow Diehm Athletic Facility - 308,2/20/25,2/20/25 17:47,Cleared by Arrest
62860089723,Criminal Trespass,25-0175,Tow Diehm Athletic Facility - 308,2/20/25,2/20/25 17:47,Cleared by Arrest
62854631517,Dom Viol/Order of Protection,25-0174,Behavioral Crisis Triage Center - 299E,2/20/25,2/20/25 3:33,Cleared by Arrest
62849903214,,25-0170,Sub - Student Union Building - 60,2/19/25,2/19/25 14:48,Closed
62850177240,,25-0172,"Casas Del Rio I - Chama
  - 91",2/19/25,2/19/25 19:49,Closed
62844283183,,25-0169,Mhc Mental Health Center - New Side,2/19/25,2/19/25 9:28,Closed
62835696234,Criminal Trespass Notice,25-0167,Dental Services,2/18/25,2/18/25 16:41,Closed
62815838761,Burglary Commercial  2202,25-0164,Motel 6 - UNM,2/17/25,2/17/25 0:42,Closed
62815979456,Public Affray,25-0163,University Arena - The Pit - 302,2/17/25,2/16/25 16:12,Closed
62810843142,Assault (Non-Household Member),25-0162,UNMH University Of New Mexico Hospital,2/16/25,2/16/25 7:44,Closed
62814068944,Criminal Trespass,25-0159,1000 Block of AVENIDA CESAR CHAVEZ SE,2/16/25,2/15/25 3:36,Sent to the DA
62814068944,Breaking & Entering,25-0159,1000 Block of AVENIDA CESAR CHAVEZ SE,2/16/25,2/15/25 3:36,Sent to the DA
62814068944,Criminal Damage Under $1000,25-0159,1000 Block of AVENIDA CESAR CHAVEZ SE,2/16/25,2/15/25 3:36,Sent to the DA
62810449781,Larceny - Miscellaneous Under $250,25-0160,R Lot Rva,2/16/25,2/16/25 4:32,Cleared by Arrest
62814195133,Burglary Commercial  2202,25-0161,Motel 6 - UNM,2/16/25,2/16/25 3:23,Closed
62773675032,,25-0157,Outpatient Surgery & Imaging Services - 283,2/14/25,2/12/25 14:24,Closed
62770020963,Graffiti-Persnl Real Prty Ls $1000,25-0156,B Lot - Popejoy,2/14/25,2/14/25 7:33,Closed
62769872433,Graffiti-Persnl Real Prty Ls $1000,25-0155,Art - 84,2/14/25,2/14/25 7:33,Closed
62762821367,Battery Upon a Healthcare Worker,25-0154,Mhc Mental Health Center - New Side,2/13/25,2/13/25 19:17,Closed
62762420223,,25-0153,800 Block of YALE BLVD NE,2/13/25,1/20/25 13:57,Closed
62750828917,Domestic Dispute,25-0150,UNMpd,2/12/25,2/12/25 18:44,Closed
62750114379,Domestic Dispute,25-0151,Sigma Chi Rd Ne & Yale Blvd Ne,2/12/25,2/12/25 17:52,Closed
62741292961,Unlawful Carrying Deadly Weapon   5202,25-0148,Santa Clara Hall Dormitory - 61,2/12/25,2/12/25 1:06,Cleared by Arrest
62745047042,Larceny-All Oth Ov $500/Less $2500,25-0143,Uaec University Advisement & Enrichment Center - 85,2/12/25,2/10/25 13:15,Closed
62749906039,Agg Assault (Non-Household Member),25-0149,Coronado Hall Dormitory - 155,2/12/25,2/12/25 14:20,Closed
62731896925,Larceny-All Oth Ov $500/Less $2500,25-0146,Zimmerman Library - 53,2/12/25,2/11/25 17:34,Closed
62727231816,Burglary - Commercial,25-0142,Mckinnon Center - 54,2/11/25,2/3/25 17:36,Closed
62735606855,Larceny - Miscellaneous Under $250,25-0147,Popejoy Hall - 62,2/11/25,2/11/25 19:32,Closed
62730719598,,25-0145,A Lot Student Health,2/11/25,2/11/25 16:08,Closed
62726007368,Criminal Damage Under $1000,25-0141,Sub - Student Union Building - 60,2/11/25,2/11/25 3:30,Inactive
62735733484,Battery,25-0138,Behavioral Crisis Triage Center - 299E,2/11/25,2/10/25 20:55,Closed
62728471762,Larceny-All Oth Ov $500/Less $2500,25-0144,Wendy'S,2/11/25,2/11/25 10:45,
62735697259,Graffiti-Persnl Real Prty Ls $1000,25-0139,Art - 84,2/11/25,2/10/25 17:19,Closed
62722002737,,25-0140,1700 Block of LAS LOMAS RD NE,2/11/25,2/11/25 1:36,Closed
62717245057,Harassment,25-0135,UNMpd - UNM Police Dept,2/10/25,2/10/25 13:57,Inactive
62715422513,Criminal Sexual Penetrate 1st Degree,25-0137,Lobo Rainforest,2/10/25,2/10/25 16:02,Active
62711142261,Battery Upon a Healthcare Worker,25-0136,Barbara And Bill Richardson Pavilion  Bbrp - 286,2/10/25,2/10/25 14:44,Sent to the DA
62710088235,,25-0134,W Lot Pete And Nancy Domenici Hall,2/10/25,2/10/25 13:04,Closed
62701406175,Criminal Damage Over $1000,25-0133,Bookstore - 102,2/10/25,2/10/25 4:18,Closed
62684747186,,25-0132,UNMpd,2/9/25,2/8/25 22:14,Closed
62681570965,30-16-1F/M THFT MPARTS M,25-0130,R Lot-It,2/8/25,2/8/25 5:30,Closed
62681088843,Larceny-All Other (Over $250-$2500),25-0129,Alvarado Hall Dormitory - 157,2/8/25,2/8/25 6:25,Inactive
62683256642,Assault Upon A Healthcare Worker,25-0131,University Of New Mexico Hospital Emergency Room,2/8/25,2/8/25 17:26,Sent to the DA
62678248528,Auto Burglary,25-0127,Marron Hall - 9,2/8/25,2/8/25 2:29,Closed
62665247235,Dom Viol/Violation Restrain Order,25-0126,UNMH Tower Garage - 202A,2/7/25,2/7/25 8:26,Closed
62665247235,Agg. Battery HHM DV,25-0126,UNMH Tower Garage - 202A,2/7/25,2/7/25 8:26,Closed
62665712208,,25-0115,"University Arena ""The Pit"" - 302",2/7/25,2/5/25 21:39,Closed
62664236355,,25-0124,Centennial Engineering Center - 112,2/7/25,2/6/25 12:14,Closed
62664387635,,25-0125,Hibben Center For Archaeology Research - 15,2/7/25,2/6/25 13:58,Closed
62648360527,Open Container/Consumption/Possess,25-0117,Redondo East Dr Ne & Campus Blvd Ne,2/6/25,2/5/25 22:57,Cleared by Arrest
62648360527,Aggravated Driving Under Influence of Intoxicating Liquor or Drugs 3rd Offense,25-0117,Redondo East Dr Ne & Campus Blvd Ne,2/6/25,2/5/25 22:57,Cleared by Arrest
62648360527,Driving While License Revoked DWI Related,25-0117,Redondo East Dr Ne & Campus Blvd Ne,2/6/25,2/5/25 22:57,Cleared by Arrest
62652210976,,25-0123,Office Of The Medical Investigator,2/6/25,2/6/25 12:01,Closed
62647779112,Burglary - Commercial,25-0119,Lobo Welcome Center - 151,2/6/25,2/6/25 2:29,Cleared by Arrest
62647779112,Criminal Trespass,25-0119,Lobo Welcome Center - 151,2/6/25,2/6/25 2:29,Cleared by Arrest
62647046533,Harassment,25-0118,"University Arena ""The Pit"" - 302",2/6/25,2/5/25 22:30,Closed
62649646621,Felon in Possession Firearm,25-0121,UNMH-University Of New Mexico Hospital,2/6/25,2/6/25 8:52,Closed
62649235826,Criminal Trespass,25-0120,Tom Diehm Athletic Facility - 308,2/6/25,2/6/25 7:16,Cleared by Arrest
62649611181,Domestic Dispute,25-0122,Popejoy Hall (At #62) - 72,2/6/25,1/24/25 7:10,Closed
62643387747,Criminal Trespass Notice,25-0114,Duck Pond,2/5/25,2/5/25 14:48,Closed
62643702976,Criminal Trespass Notice,25-0113,Woodward Lecture Hall - 82,2/5/25,2/4/25 20:03,Closed
62608648296,Domestic Violence Report No Arrest,25-0111,Hokona Hall - 58,2/4/25,2/4/25 15:49,Closed
62594325486,Assault Against HHM,25-0105,Barbara And Bill Richardson Pavilion  Bbrp - 286,2/4/25,2/3/25 16:28,Sent to the DA
62604149104,Criminal Trespass,25-0107,N-Mental Health,2/4/25,2/4/25 7:00,Cleared by Arrest
62605146003,,25-0109,Equal Opportunity Programs - 42,2/4/25,1/29/25 18:36,Active
62597468060,Aggravated Driving Under Influence of Intoxicating Liquor or Drugs 1st Offense,25-0106,Las Lomas Rd Ne & Yale Blvd Ne,2/4/25,2/4/25 1:10,Cleared by Arrest
62593228996,Criminal Damage Under $1000,25-0103,Simpson Hall - 66,2/3/25,2/3/25 12:57,Closed
62593228996,Burglary Commercial  2202,25-0103,Simpson Hall - 66,2/3/25,2/3/25 12:57,Closed
62593228996,Larceny - Miscellaneous Under $250,25-0103,Simpson Hall - 66,2/3/25,2/3/25 12:57,Closed
62594359238,Possession of Controlled Substance,25-0104,Robert Hartung Building - 158,2/3/25,2/3/25 15:18,Cleared by Arrest
62574023119,Domestic Dispute,25-0100,Student Residence Center - 88H,2/2/25,2/2/25 11:38,Closed
62575649799,Assault,25-0101,University Of New Mexico Hospital Emergency Room,2/2/25,2/2/25 16:11,Cleared by Arrest
62575942756,,25-0102,Devargas Hall Dormitory - 75,2/2/25,2/2/25 18:46,Closed
62568642504,Criminal Damage Under $1000 Metal,25-0099,Central Ave Ne & University Blvd Ne,2/1/25,2/1/25 19:21,Closed
62551605267,Aggravated Battery,25-0096,Lobo Village,2/1/25,1/31/25 11:37,Active
62551605267,Shoot Dwell/Occupied Build W/GBH,25-0096,Lobo Village,2/1/25,1/31/25 11:37,Active
62567793577,,25-0098,UNMpd,2/1/25,2/1/25 16:07,Closed
62567783342,,25-0080,Casas Del Rio Ii - Jemez - 92,2/1/25,1/28/25 17:38,Closed
62565173746,Assault,25-0097,Yale Structure,2/1/25,2/1/25 11:32,Closed
26951,Liquor Law Violation: Disciplinary Referral,00061-2025,Hokona,1/31/25,1/30/25 2:11,Referred for Admin
26950,Liquor Law Violation: Disciplinary Referral,00061-2025,Hokona,1/31/25,1/30/25 2:11,Referred for Admin
26949,Liquor Law Violation: Disciplinary Referral,00061-2025,Hokona,1/31/25,1/30/25 2:11,Referred for Admin
26948,Drug Abuse Violation: Disciplinary Referral,00059-2025,Hokona,1/31/25,1/30/25 2:11,Referred for Admin
62535804214,,25-0094,UNMH-University Of New Mexico Hospital,1/31/25,1/31/25 10:42,Closed
62519797761,Criminal Trespass,25-0088,"Casas Del Rio I - Chama
  - 91",1/30/25,1/30/25 6:53,Cleared by Arrest
62525032666,,25-0091,100 Block of BUENA VISTA DR SE,1/30/25,1/30/25 9:00,Closed
62520323725,Criminal Trespass,25-0089,Tom Diehm Athletic Facility - 308,1/30/25,1/30/25 7:18,Cleared by Arrest
62516477769,"Resisting, Evading or Obstructing An Officer",25-0087,Hokona Hall - 58,1/30/25,1/30/25 2:28,Cleared by Arrest
62516477769,Criminal Trespass,25-0087,Hokona Hall - 58,1/30/25,1/30/25 2:28,Cleared by Arrest
62522166021,Criminal Trespass Notice,25-0090,Bookstore - 102,1/30/25,1/30/25 11:48,Closed
62508644428,,25-0082,Pete And Nancy Domenici Hall - 260,1/29/25,1/29/25 10:03,Closed
62513693916,Auto Theft/Unlawful Take MV 1st Ofns,25-0086,"UNMH Parking & Cup
  - 202A",1/29/25,1/29/25 18:04,Closed
62509278028,Recovered Vehicle,25-0083,"UNMH Parking & Cup
  - 202A",1/29/25,1/29/25 10:28,Closed
62513972576,,25-0085,Las Lomas Rd Ne & Yale Blvd Ne,1/29/25,1/28/25 13:35,Closed
62509942558,,25-0084,Student Union Building - 60,1/29/25,1/29/25 12:09,Closed
62480794936,,25-0078,State Tri Servies Lab - 285,1/28/25,1/28/25 11:21,Closed
62482156009,,25-0079,Science And Technology Park  Manufacturing Technology And Trai - 341,1/28/25,1/27/25 15:30,Closed
62453716122,Arson Under $100,25-0073,Science And Mathematics Learning Center - 14,1/27/25,1/27/25 2:58,Disposition Pending
62466080366,Aggravated Assault with Deadly Weapon,25-0077,UNMH-University Of New Mexico Hospital,1/27/25,1/27/25 15:14,Closed
62454894258,Assault Upon A Healthcare Worker,25-0074,UNMH-University Of New Mexico Hospital,1/27/25,1/27/25 7:59,Cleared by Arrest
62442859309,Aggravated Driving Under Influence of Intoxicating Liquor or Drugs 1st Offense,25-0072,Mckinnon Center - 54,1/26/25,1/26/25 2:46,Cleared by Arrest
62442859309,Open Container/Consumption/Possess,25-0072,Mckinnon Center - 54,1/26/25,1/26/25 2:46,Cleared by Arrest
62442859309,Open Container/Consumption/Possess,25-0072,Mckinnon Center - 54,1/26/25,1/26/25 2:46,Cleared by Arrest
62436671856,Larceny - Miscellaneous Under $250,25-0070,Legion Rd Ne,1/25/25,1/25/25 9:05,Cleared by Arrest
62432215479,,25-0068,Lobo Village,1/25/25,1/25/25 0:00,Closed
62419251001,,25-0067,Cornell,1/23/25,1/23/25 18:54,Closed
62414177117,Battery Upon a Healthcare Worker,25-0065,New Mexico Children'S Psychiatric Center  Education Building - 236B,1/23/25,1/23/25 10:31,Closed
62411582849,Agg. Battery HHM DV,25-0064,UNMH Hospital Tower - 287,1/23/25,1/23/25 2:59,Disposition Pending
62411582849,False imprisonment,25-0064,UNMH Hospital Tower - 287,1/23/25,1/23/25 2:59,Disposition Pending
62399332919,Agg Battery Upon a Healthcare Worker,25-0060,UNMH-University Of New Mexico Hospital,1/22/25,1/22/25 5:12,Active
62401888503,Fraud Use of CC Less Than $250,25-0061,Student Union Building - 60,1/22/25,1/22/25 10:53,Closed
62401888503,Larceny - Miscellaneous Under $250,25-0061,Student Union Building - 60,1/22/25,1/22/25 10:53,Closed
62396722556,Warrant Extradition,25-0059,Casas Del Rio Iv - Gila - 94,1/22/25,1/22/25 0:18,Cleared by Arrest
62378702085,Concealing Identity,25-0054,Hokona Hall - 58,1/21/25,1/20/25 1:48,Cleared by Arrest
62378702085,Criminal Trespass,25-0054,Hokona Hall - 58,1/21/25,1/20/25 1:48,Cleared by Arrest
62377959684,Battery HHM DV,25-0057,Lobo Rainforest,1/21/25,1/20/25 22:06,Cleared by Arrest
62377959684,False imprisonment,25-0057,Lobo Rainforest,1/21/25,1/20/25 22:06,Cleared by Arrest
62377959684,Interference W/Communications,25-0057,Lobo Rainforest,1/21/25,1/20/25 22:06,Cleared by Arrest
62375004316,Larceny-All Other Ov $250/Less $500,25-0056,1900 Block of ROMA AVE NE,1/20/25,1/20/25 16:29,Cleared Exceptionally
62364545138,Battery On Peace Officer,25-0055,UNMH-University Of New Mexico Hospital,1/20/25,1/20/25 3:56,Cleared by Arrest
62364545138,Agg Battery-Peace Officer Wpn/GBH,25-0055,UNMH-University Of New Mexico Hospital,1/20/25,1/20/25 3:56,Cleared by Arrest
62334288839,Aggravated Fleeing An Officer,25-0052,C Lot,1/19/25,1/18/25 21:57,Sent to the DA
62328355393,,25-0050,2600 Block of MARBLE AVE NE,1/18/25,1/18/25 10:03,Closed
62330609597,Criminal Damage Under $1000,25-0051,Mental Health Center: Inpatient - 299C,1/18/25,1/18/25 17:31,Closed
62288402045,Criminal Trespass Notice,25-0044,Woodward Lecture Hall - 82,1/16/25,1/15/25 20:50,Cleared Exceptionally
62290241705,Auto Theft/Unlawful Take MV 1st Ofns,25-0049,"UNMH Parking & Cup
  - 202A",1/16/25,1/16/25 17:15,Closed
62289217892,Criminal Trespass Notice,25-0048,Mesa Vista Hall - 56,1/16/25,1/16/25 14:07,Closed
62289217892,Criminal Trespass Notice,25-0048,Mesa Vista Hall - 56,1/16/25,1/16/25 14:07,Closed
62285338991,,25-0045,UNMH-University Of New Mexico Hospital,1/16/25,1/16/25 9:29,Closed
62286584256,,25-0047,Mental Health Center: Admin / Activity - 299B,1/16/25,1/10/25 17:00,Closed
62286201604,Criminal Damage Under $1000,25-0046,Lomas Parking Structure - 172,1/16/25,1/16/25 11:26,Closed
62271562836,Misdemeanor Warrant,25-0039,University Blvd Ne & Lomas Blvd Ne,1/15/25,1/14/25 12:33,Cleared by Arrest
62252928856,Misdemeanor Warrant,25-0034,UNMH-University Of New Mexico Hospital,1/15/25,1/13/25 21:50,Cleared by Arrest
62268936547,Wrongful Use of Public Property,25-0041,Yale Parking Structure - 144,1/15/25,1/3/25 16:30,Closed
62278598250,Agg Assault Upon A Healthcare Worker,25-0043,New Mexico Children'S Psychiatric Center  Education Building - 236B,1/15/25,1/15/25 18:32,Sent to the DA
62271482592,Injuring or tampering with vehicle,25-0042,Ford Utilities Center - 116,1/15/25,1/15/25 7:58,Closed
62245487095,Agg Battery Upon a Healthcare Worker,25-0029,UNMH-University Of New Mexico Hospital,1/15/25,1/13/25 1:38,Sent to the DA
62261698262,Battery,25-0037,UNMH-University Of New Mexico Hospital,1/14/25,1/14/25 11:11,Closed
62256563127,Criminal Damage Under $1000,25-0035,Casas Del Rio Ii - Jemez - 92,1/14/25,1/14/25 3:45,Closed
62261485830,Battery Upon a Healthcare Worker,25-0038,Mental Health Center: Inpatient - 299C,1/14/25,1/14/25 11:42,Sent to the DA
62251801434,Criminal Trespass Notice,25-0032,Lobo Village,1/13/25,1/13/25 17:05,Closed
62248535839,Auto Theft/Unlawful Take MV 1st Ofns,25-0031,Lobo Rainforest,1/13/25,1/12/25 21:00,Closed
62246532524,Criminal Damage Under $1000,25-0030,Mitchell Hall - 23,1/13/25,1/13/25 4:25,Closed
62243665909,,25-0026,Mental Health Center: Inpatient - 299C,1/12/25,1/12/25 20:05,Closed
62234411144,Felony Warrant,25-0025,UNMH-University Of New Mexico Hospital,1/11/25,1/11/25 17:35,Cleared by Arrest
62234617529,Criminal Damage Under $1000,25-0024,R Lot Rva,1/11/25,1/11/25 14:38,Closed
62228128799,Aggravated Driving Under Influence of Intoxicating Liquor or Drugs 1st Offense,25-0023,Lomas Blvd Ne & Legion Rd Ne,1/11/25,1/11/25 0:42,Cleared by Arrest
62228128799,Open Container/Consumption/Possess,25-0023,Lomas Blvd Ne & Legion Rd Ne,1/11/25,1/11/25 0:42,Cleared by Arrest
62234660197,Auto Burglary,25-0022,Tucker Ne & Camino De Salud Ne,1/11/25,1/10/25 14:44,Inactive
62221345296,Criminal Damage Under $1000,25-0020,Bus Shelter @ Yale & Duck Pond - 52,1/10/25,1/10/25 9:04,Active
62213955498,,25-0019,Castetter Hall - 21,1/9/25,1/9/25 18:01,Closed
62190979176,Larceny - Miscellaneous Under $250,25-0018,Popejoy Hall (At #62) - 72,1/7/25,12/17/24 17:00,Closed
62191037507,Auto Theft/Unlawful Take MV 1st Ofns,25-0017,Santa Clara Hall Dormitory - 61,1/7/25,1/7/25 15:15,Closed
62187286058,,25-0016,"University Arena ""The Pit"" - 302",1/7/25,1/3/25 21:00,Closed
62172749518,Concealing Identity,25-0015,Coronado Hall Dormitory - 155,1/6/25,1/6/25 0:40,Cleared by Arrest
62172749518,Criminal Trespass,25-0015,Coronado Hall Dormitory - 155,1/6/25,1/6/25 0:40,Cleared by Arrest
62152384982,Battery,25-0012,UNMH-University Of New Mexico Hospital,1/5/25,1/5/25 11:11,Cleared by Arrest
62154465086,Battery Upon a Healthcare Worker,25-0013,UNMH-University Of New Mexico Hospital,1/5/25,1/5/25 17:40,Closed
62157420260,Aggravated Driving Under Influence of Intoxicating Liquor or Drugs 1st Offense,25-0014,Central Ave Ne & Stanford Dr Ne,1/5/25,1/5/25 22:12,Cleared by Arrest
62152397066,Criminal Damage Under $1000,25-0011,UNMH Hospital Tower - 287,1/5/25,1/5/25 9:43,Cleared by Arrest
62152397066,Battery (Non-Household Member),25-0011,UNMH Hospital Tower - 287,1/5/25,1/5/25 9:43,Cleared by Arrest
62132724420,Robbery W/Deadly Wpn (1st Ofn),25-0010,Lobo Village,1/4/25,1/4/25 1:02,Active
62144274161,,25-0008,UNMH-University Of New Mexico Hospital,1/4/25,1/3/25 15:39,Inactive
62122812081,Battery (Non-Household Member),25-0004,UNMH-University Of New Mexico Hospital,1/3/25,1/3/25 1:35,Closed
62122812081,Agg. Battery,25-0004,UNMH-University Of New Mexico Hospital,1/3/25,1/3/25 1:35,Closed
62122812081,Larceny - Miscellaneous Under $250,25-0004,UNMH-University Of New Mexico Hospital,1/3/25,1/3/25 1:35,Closed
62129629642,Criminal Damage Over $1000,25-0009,UNMpd,1/3/25,1/3/25 18:32,Closed
62128990225,Battery,25-0006,UNM Cancer Center,1/3/25,1/3/25 14:38,Cleared by Arrest
62122967553,Warrant Extradition,25-0005,UNMH-University Of New Mexico Hospital,1/3/25,1/2/25 21:29,Cleared by Arrest
62069249208,Battery On Peace Officer,24-2172,New Mexico Children'S Psychiatric Center  Chama Cottage - 237,12/31/24,12/31/24 10:47,Cleared by Arrest
62069249208,Felony Warrant,24-2172,New Mexico Children'S Psychiatric Center  Chama Cottage - 237,12/31/24,12/31/24 10:47,Cleared by Arrest
62069249208,Battery On Peace Officer,24-2172,New Mexico Children'S Psychiatric Center  Chama Cottage - 237,12/31/24,12/31/24 10:47,Cleared by Arrest
62069249208,Battery On Peace Officer,24-2172,New Mexico Children'S Psychiatric Center  Chama Cottage - 237,12/31/24,12/31/24 10:47,Cleared by Arrest
62059683196,,24-2171,Mental Health Center: Inpatient - 299C,12/30/24,12/30/24 17:45,Closed
62048739134,Criminal Damage Under $1000,24-2162,Lobo Rainforest,12/29/24,12/24/24 15:14,Closed
62048682254,Battery Upon a Healthcare Worker,24-2170,UNMH-University Of New Mexico Hospital,12/29/24,12/29/24 17:50,Closed
62041449255,Resist/Evad/Obstruct Any Ofc,24-2163,"University Arena ""The Pit"" - 302",12/29/24,12/25/24 1:29,Cleared by Arrest
62041449255,Arson/Negligent Arson Under $100,24-2163,"University Arena ""The Pit"" - 302",12/29/24,12/25/24 1:29,Cleared by Arrest
62040495336,Harassment,24-2169,Lobo Village,12/28/24,12/28/24 21:38,Cleared Exceptionally
62030538946,,24-2168,nan,12/27/24,12/27/24 18:55,Closed
62009342084,Battery,24-2165,New Mexico Children'S Psychiatric Center  Chama Cottage - 237,12/25/24,12/25/24 18:11,Active
61999790306,Breaking & Entering,24-2161,Elect. And Computer Eng. Centennial Library - 46,12/24/24,12/24/24 11:05,Cleared by Arrest
61968928871,Battery HHM DV,24-2158,"UNMH Parking & Cup
  - 202A",12/22/24,12/22/24 19:09,Sent to the DA
61966379152,Battery Upon a Healthcare Worker,24-2159,New Mexico Children'S Psychiatric Center  Chama Cottage - 237,12/22/24,12/22/24 19:07,Disposition Pending
61965408672,Battery Upon a Healthcare Worker,24-2157,New Mexico Children'S Psychiatric Center  Chama Cottage - 237,12/22/24,12/22/24 18:58,Sent to the DA
61951437632,Battery Upon a Healthcare Worker,24-2156,New Mexico Children'S Psychiatric Center  Chama Cottage - 237,12/21/24,12/21/24 15:41,Sent to the DA
61938614518,Battery Upon a Healthcare Worker,24-2155,New Mexico Children'S Psychiatric Center  Chama Cottage - 237,12/20/24,12/20/24 11:47,Sent to the DA
61932843910,Auto Theft/Unlawful Take MV 1st Ofns,24-2154,Student Union Building - 60,12/20/24,12/19/24 23:59,Closed
61935979539,Battery Upon a Healthcare Worker,24-2153,Mental Health Center: Admin / Activity - 299B,12/20/24,12/19/24 12:05,Cleared by Arrest
61923698285,Criminal Trespass,24-2151,Student Union Building - 60,12/19/24,12/19/24 8:02,Cleared by Arrest
61923698285,Disorderly Conduct,24-2151,Student Union Building - 60,12/19/24,12/19/24 8:02,Cleared by Arrest
61923929587,,24-2152,University Advisement & Enrichment Center - 85,12/19/24,12/17/24 9:00,Closed
26932,Liquor Law Violation: Disciplinary Referral,00756-2024,Coronado Hall Dorm,12/18/24,12/14/24 14:15,Referred for Admin
26931,Liquor Law Violation: Disciplinary Referral,00752-2024,Redondo Village Apts,12/18/24,12/12/24 23:00,Referred for Admin
26930,Liquor Law Violation: Disciplinary Referral,00752-2024,Redondo Village Apts,12/18/24,12/12/24 23:00,Referred for Admin
26929,Liquor Law Violation: Disciplinary Referral,00752-2024,Redondo Village Apts,12/18/24,12/12/24 23:00,Referred for Admin
26928,Liquor Law Violation: Disciplinary Referral,00752-2024,Redondo Village Apts,12/18/24,12/12/24 23:00,Referred for Admin
61913575617,Criminal Trespass Notice,24-2148,Castetter Hall - 21,12/18/24,12/18/24 17:29,Closed
61875407954,,24-2131,"University Arena ""The Pit"" - 302",12/17/24,12/13/24 19:35,Closed
61875136102,Criminal Damage Under $1000,24-2127,UNMH-University Of New Mexico Hospital,12/17/24,12/13/24 1:25,Closed
61880052245,Battery Upon a Healthcare Worker,24-2145,UNMH-University Of New Mexico Hospital,12/17/24,12/17/24 11:40,Closed
61879214104,Criminal Damage Over $1000,24-2142,UNMH-University Of New Mexico Hospital,12/17/24,12/17/24 6:50,Cleared by Arrest
61879065833,Criminal Trespass,24-2143,Castetter Hall - 21,12/17/24,12/17/24 7:12,Cleared by Arrest
61877488022,Criminal Trespass Notice,24-2141,Lobo Rainforest,12/17/24,12/17/24 0:41,Closed
61874200267,Battery On Peace Officer,24-2139,UNMH-University Of New Mexico Hospital,12/16/24,12/16/24 16:42,Cleared by Arrest
61874200267,Resisting/Evading/Obstructin Ofc,24-2139,UNMH-University Of New Mexico Hospital,12/16/24,12/16/24 16:42,Cleared by Arrest
61874200267,Battery On Peace Officer,24-2139,UNMH-University Of New Mexico Hospital,12/16/24,12/16/24 16:42,Cleared by Arrest
61874200267,Disorderly Conduct,24-2139,UNMH-University Of New Mexico Hospital,12/16/24,12/16/24 16:42,Cleared by Arrest
61874200267,Assault on Peace Officer,24-2139,UNMH-University Of New Mexico Hospital,12/16/24,12/16/24 16:42,Cleared by Arrest
61874325301,,24-2140,Johnson Center - 59,12/16/24,12/16/24 19:00,Closed
61869502728,Criminal Damage Under $1000,24-2137,1600 Block of CENTRAL AVE NE,12/16/24,12/15/24 17:00,Closed
61848633029,Battery HHM DV,24-2136,A Lot Student Services,12/15/24,12/15/24 12:52,Closed
61836411018,Criminal Trespass Notice,24-2135,"University Arena ""The Pit"" - 302",12/15/24,12/15/24 4:01,Closed
61815035313,Battery (Non-Household Member),24-2134,Mental Health Center: Inpatient - 299C,12/14/24,12/14/24 18:45,Sent to the DA
61798892188,Felony Warrant,24-2133,Bookstore - 102,12/14/24,12/14/24 10:39,Cleared by Arrest
61740902165,Burglary - Commercial,24-2130,Humanities - 81,12/13/24,12/10/24 19:30,Active
61741067958,Battery Upon a Healthcare Worker,24-2132,New Mexico Children'S Psychiatric Center  Education Building - 236B,12/13/24,12/13/24 18:55,Closed
61714018305,,24-2129,Humanities - 81,12/13/24,12/13/24 8:29,Closed
61700244765,Criminal Trespass,24-2128,Castetter Hall - 21,12/13/24,12/13/24 9:36,Cleared by Arrest
61628781629,"Burglary - Dwelling, Subsection A",24-2125,Humanities - 81,12/12/24,12/12/24 14:37,Active
61628781629,Criminal Damage Over $1000,24-2125,Humanities - 81,12/12/24,12/12/24 14:37,Active
61535650787,Criminal Trespass Notice,24-2123,R Lot Coronado,12/12/24,12/12/24 4:02,Closed
61611468354,Criminal Trespass Notice,24-2126,Castetter Hall - 21,12/12/24,12/12/24 16:56,Closed
61551333096,Criminal Sexual Penetration,24-2124,Coronado Hall Dormitory - 155,12/12/24,9/4/24 20:00,Active
61473385729,Criminal Trespass Notice,24-2122,Student Union Building - 60,12/11/24,12/11/24 14:58,Closed
61463112270,,24-2121,UNMH-University Of New Mexico Hospital,12/11/24,12/10/24 9:16,Closed
61459432169,Battery Upon a Healthcare Worker,24-2120,UNMH-University Of New Mexico Hospital,12/11/24,12/10/24 23:42,Closed
26909,Criminal Damage Over $1000,T24000189,Art,12/10/24,12/9/24 11:34,Closed
26908,Larceny-All Oth Ov $500/Less $2500,T24000190,Castetter Hall,12/10/24,12/9/24 10:45,Closed
61457775530,Agg Battery Upon a Healthcare Worker,24-2118,New Mexico Children'S Psychiatric Center  Chama Cottage - 237,12/10/24,12/10/24 19:07,Closed
61451244026,Felony Warrant,24-2108,UNMH-University Of New Mexico Hospital,12/10/24,12/9/24 4:44,Cleared by Arrest
61452552537,Auto Burglary,24-2114,Lobo Rainforest,12/10/24,12/9/24 22:30,Closed
61452552537,Auto Burglary,24-2114,Lobo Rainforest,12/10/24,12/9/24 22:30,Closed
61455095600,Criminal Damage Over $1000,24-2116,1200 Block of UNIVERSITY BLVD NE,12/10/24,12/2/24 16:00,Closed
61457734817,Battery (Non-Household Member),24-2119,New Mexico Children'S Psychiatric Center  Chama Cottage - 237,12/10/24,12/10/24 18:25,Closed
61457238786,,24-2117,Student Health Cntr And Undergrad Studies - 73,12/10/24,12/10/24 17:18,Closed
61454337002,Auto Theft/Unlawful Take MV 1st Ofns,24-2115,1100 Block of STANFORD DR NE,12/10/24,12/10/24 10:40,Closed
26889,Liquor Law Violation: Disciplinary Referral,00736-2024,Hokona,12/9/24,12/6/24 20:57,Referred for Admin
26888,Criminal Damage Under $1000,T24000187,Lomas Parking Structure,12/9/24,12/5/24 19:00,Closed
61443744075,,24-2111,UNMH-University Of New Mexico Hospital,12/9/24,12/9/24 8:07,Closed
61448633855,,24-2113,Student Health Cntr And Undergrad Studies - 73,12/9/24,12/9/24 14:34,Cleared Exceptionally
61444928371,Warrant Extradition,24-2110,1800 Block of LOMAS BLVD NE,12/9/24,12/9/24 8:11,Cleared by Arrest
61447513790,,24-2112,Biomedical Research Facility - 253,12/9/24,12/9/24 16:17,Closed
61441920973,Arson Over $1000,24-2109,Hodgin Hall - 103,12/9/24,12/9/24 7:31,Closed
61437616924,,24-2107,UNMH-University Of New Mexico Hospital,12/8/24,12/8/24 20:52,Closed
61431970316,Battery Upon a Healthcare Worker,24-2102,N-Mental Health,12/8/24,12/8/24 2:09,Sent to the DA
61436745218,Domestic Violence Report No Arrest,24-2105,UNMpd,12/8/24,12/8/24 16:30,Closed
61434200894,Battery Upon a Healthcare Worker,24-2103,Mental Health Center: Inpatient - 299C,12/8/24,12/8/24 10:43,Cleared Exceptionally
61437352374,Battery Upon a Healthcare Worker,24-2106,New Mexico Children'S Psychiatric Center  Chama Cottage - 237,12/8/24,12/8/24 19:22,Sent to the DA
61436648615,Larceny - Miscellaneous Under $250,24-2104,Popejoy Hall (At #62) - 72,12/8/24,12/8/24 15:32,Active
61426688668,,24-2100,Coronado Hall Dormitory - 155,12/7/24,12/4/24 12:27,Closed
61429584633,,24-2101,Lobo Village,12/7/24,12/7/24 15:22,Closed
61422176284,Larceny-All Other Over $500,24-2099,Dane Smith Hall - 48,12/6/24,12/6/24 13:46,Inactive
61415649530,Criminal Trespass,24-2097,Castetter Hall - 21,12/6/24,12/6/24 3:38,Cleared by Arrest
61391607072,Battery,24-2089,1000 Block of YALE BLVD NE,12/6/24,12/3/24 21:03,Closed
61417946004,,24-2098,400 Block of UNIVERSITY BLVD NE,12/6/24,12/6/24 10:12,Closed
26887,Liquor Law Violation: Disciplinary Referral,00709-2024,Casas Del Rio 440 Redondo East Dr (Chama),12/5/24,11/21/24 22:48,Referred for Admin
61412561650,Larceny-All Oth Ov $500/Less $2500,24-2090,Devargas Hall Dormitory - 75,12/5/24,12/4/24 4:11,Active
61412561650,Conspiracy,24-2090,Devargas Hall Dormitory - 75,12/5/24,12/4/24 4:11,Active
61403948662,Criminal Trespass,24-2092,Johnson Center - 59,12/5/24,12/4/24 23:34,Cleared by Arrest
61408716075,Auto Burglary,24-2093,Lobo Rainforest,12/5/24,12/4/24 20:30,Closed
61412050500,,24-2095,UNMH-University Of New Mexico Hospital,12/5/24,12/5/24 19:12,Closed
61409908236,Criminal Trespass,24-2094,Lobo Rainforest,12/5/24,12/5/24 14:20,Closed
61401853059,Breaking & Entering,24-2091,Casas Del Rio Iii - Pecos - 93,12/4/24,12/4/24 17:40,Active
61390424023,Battery Upon a Healthcare Worker,24-2088,Mental Health Center: Inpatient - 299C,12/3/24,12/3/24 16:35,Closed
61388572818,Harassment,24-2087,Psychology Clinic - 192,12/3/24,12/3/24 12:43,Closed
61381451478,,24-2084,Lobo Village,12/2/24,12/2/24 19:48,Closed
61381371546,,24-2083,UNMH-University Of New Mexico Hospital,12/2/24,12/2/24 19:02,Closed
61380895734,Battery,24-2082,Johnson Center - 59,12/2/24,12/2/24 17:12,Active
61371892300,Battery Upon a Healthcare Worker,24-2081,New Mexico Children'S Psychiatric Center  Pecos Cottage - 241,12/1/24,12/1/24 19:09,Closed
61369160483,Felony Warrant,24-2078,Anthropology - 11,12/1/24,11/28/24 13:53,Cleared by Arrest
61256237357,Battery Upon a Healthcare Worker,24-2079,Mental Health Center: Inpatient - 299C,11/30/24,11/29/24 8:15,Sent to the DA
61304576621,,24-2080,UNMH Hospital Tower - 287,11/30/24,11/30/24 16:58,Closed
61260351797,Threats/Use Phone to Terrify/Intim,24-2072,UNMpd,11/30/24,11/19/24 14:14,Closed