Date/Time Occurred,Incident Type,Location,Date/Time Reported,Disposition
1/1/25 14:02,FAMILY/ACQUAINT DISPUTE,UNIVERSITY HOSPITAL 1500 E MEDICAL CENTER DR,1/1/25 14:02,ASSISTANCE PROVIDED
1/1/25 4:01,DRUG VIOLATION - VCSA,1500 E MEDICAL CENTER DR,1/1/25 4:01,CLOSED
1/2/25 14:23,DRUG VIOLATION - VCSA,1500 E MEDICAL CENTER DR,1/2/25 14:23,ASSISTANCE PROVIDED
1/2/25 13:55,LARCENY,1540 E HOSPITAL DR, 12/23/2024,OPEN
1/2/25 9:30,ASSAULT OR BATTERY,1500 E MEDICAL CENTER DR,1/2/25 9:30,CLOSED
1/3/25 18:11,LARCENY,TAUBMAN A ALFRED HEALTH CARE CTR 1620 E MEDICAL CENTER DR, 10:30am  2:30pm 1/2/2025,CLOSED
1/3/25 17:16,LARCENY,BRIGHTON CENTER FOR SPECIALTY CARE 7500 CHALLIS RD,1/3/25 16:30,CLOSED
1/3/25 13:35,DRUG VIOLATION - VCSA,1500 E MEDICAL CENTER DR,1/3/25 13:35,CLOSED
1/3/25 11:25,DRUG VIOLATION - VCSA,1665 DEAN RD,1/3/25 11:25,CLOSED
1/4/25 15:49,LARCENY,1540 E HOSPITAL DR,1/4/2025 3:30pm ,CLOSED
1/4/25 2:47,DRUG VIOLATION - VCSA,1502 E MEDICAL CENTER DR,1/4/25 2:47,CLOSED
1/4/25 0:42,DRUG VIOLATION - VCSA,1500 E MEDICAL CENTER DR,1/4/25 0:42,CLOSED
1/5/25 12:58,LARCENY,UNIVERSITY HOSPITAL 1500 E MEDICAL CENTER DR, 12/31/2024,CLOSED
1/5/25 11:26,DRUG VIOLATION - VCSA,1500 E MEDICAL CENTER DR,1/5/25 11:26,CLOSED
1/6/25 17:23,DRUG VIOLATION - VCSA,1500 E MEDICAL CENTER DR,1/6/25 17:23,CLOSED
1/6/25 16:01,CRASH - FAIL TO RP,MEDICAL CENTER DR PARKING STRUCT 1600 E MEDICAL CENTER DR,8:15am 1/6/2025,CLOSED
1/6/25 13:07,FIRE,UNIVERSITY HOSPITAL 1500 E MEDICAL CENTER DR,1/6/25 13:07,ASSISTANCE PROVIDED
1/6/25 12:59,FIRE,UNIVERSITY HOSPITAL 1500 E MEDICAL CENTER DR,1/6/25 12:59,CLOSED
1/6/25 12:10,FRAUDULENT ACTIVITY,CAMPUS SAFETY SERVICES BUILDING 1239 KIPKE DR,1/6/25 12:10,CLOSED
1/6/25 10:11,UNLAWFUL DRIVING AWAY,207 FLETCHER ST,1/6/25 10:11,CLOSED
1/6/25 6:10,ASSAULT OR BATTERY,1500 E MEDICAL CENTER DR,1/6/25 6:10,CLOSED
1/6/25 2:39,ASSAULT OR BATTERY,TAUBMAN A ALFRED HEALTH CARE CTR 1620 E MEDICAL CENTER DR,1/6/25 2:39,OPEN
1/7/25 22:26,DRUG VIOLATION - VCSA,UNIVERSITY HOSPITAL 1500 E MEDICAL CENTER DR,1/7/25 22:26,CLOSED
1/7/25 18:52,TRAFFIC STOP,FULLER RD / N MEDICAL CENTER DR,1/7/25 18:52,OPEN
1/7/25 17:21,DRUG VIOLATION - VCSA,1500 E MEDICAL CENTER DR,1/7/25 17:21,CLOSED
1/7/25 17:07,LARCENY,BURSLEY JOSEPH A & MARGUERITE K HALL 1931 DUFFIELD ST, 12pm  3pm 1/7/2024,CLOSED
1/7/25 14:35,LARCENY,MOTT CHILDRENS VON VOIGTLANDER WOMENS HOSPITALS 1540 E HOSPITAL DR,Unknown,PATIENT DID NOT WANT TO FILE A REPORT
1/7/25 13:13,LARCENY,MOTT CHILDRENS VON VOIGTLANDER WOMENS HOSPITALS 1540 E HOSPITAL DR,10am 1/7/2025,CLOSED
1/7/25 9:09,TRESPASS,MICHIGAN STADIUM 1201 S MAIN ST,1/7/25 9:09,INFORMATION ONLY ASSISTANCE PROVIDED
1/8/25 20:35,ASSAULT OR BATTERY,FRANKEL SAMUEL AND JEAN CARDIOVASCULAR CENTER 1425 E ANN ST,1/8/25 20:35,CLOSED
1/8/25 20:23,PROPERTY DAMAGE - MDOP,STOCKWELL MADELON LOUISA HALL 324 S OBSERVATORY ST,Unknown,CLOSED
1/8/25 16:42,ASSAULT OR BATTERY,CANCER CENTER 1400 E MEDICAL CENTER DR,1/8/25 16:42,INFORMATION ONLY
1/8/25 15:12,LARCENY,105 WASHTENAW AVE, 8:30am to 9am 1/8/2025,INFORMATION ONLY
1/8/25 13:12,DRUG VIOLATION - VCSA,UNIVERSITY HOSPITAL SOUTH 1521 E SIMPSON RD,1/8/25 13:12,CLOSED
1/8/25 10:10,LARCENY,COUZENS HALL 1300 E ANN ST, 7:30am 12/16/2024  9am 1/8/2025,CLOSED
1/8/25 10:01,LARCENY,BAITS VERA II 1421 HUBBARD RD, 12/23/2024  1/8/2025,CLOSED
1/9/25 23:44,ORDINANCE VIOLATION - OTHER,SCHOOL OF KINESIOLOGY BUILDING 830 N UNIVERSITY AVE,1/9/25 23:44,INFORMATION ONLY
1/9/25 23:09,TRESPASS,COUZENS HALL 1300 E ANN ST,1/9/25 23:09,INFORMATION ONLY OPEN
1/9/25 20:51,ASSAULT OR BATTERY,MOTT CHILDRENS VON VOIGTLANDER WOMENS HOSPITALS 1540 E HOSPITAL DR,1/9/25 20:51,CLOSED
1/9/25 18:21,LARCENY,MODERN LANGUAGES BUILDING 812 E WASHINGTON ST,1/9/25 18:21,CANCEL REPORT INFORMATION ONLY
1/9/25 17:17,DRUG VIOLATION - VCSA,UNIVERSITY HOSPITAL 1500 E MEDICAL CENTER DR,1/9/25 17:17,CLOSED
1/9/25 12:36,LARCENY,MOTT CHILDRENS VON VOIGTLANDER WOMENS HOSPITALS 1540 E HOSPITAL DR,1/9/25 12:36,CLOSED
1/9/25 10:47,DRUG VIOLATION - VCSA,FRANKEL SAMUEL AND JEAN CARDIOVASCULAR CENTER 1425 E ANN ST,1/9/25 10:47,OPEN
1/9/25 10:19,CRASH - FAIL TO RP,MED CTR N ENTRANCE PARKING STRUCTURE 1300 E MEDICAL CENTER DR, 5:30am 1/8/2025  10am 1/9/2025,CLOSED
1/10/25 19:00,LARCENY,EAST QUADRANGLE 701 E UNIVERSITY AVE,5:20pm 1/10/2025,CLOSED
1/10/25 18:23,TRESPASS,1500 E MEDICAL CENTER DR,1/10/25 18:23,CLOSED
1/10/25 17:27,FRAUDULENT ACTIVITY,COUZENS HALL 1300 E ANN ST,1/10/25 17:27,ASSISTANCE PROVIDED
1/10/25 13:38,CRASH - FAIL TO RP,MEDICAL CENTER DR PARKING STRUCT 1600 E MEDICAL CENTER DR, 6:50am  1pm 1/10/2025,CLOSED
1/10/25 11:46,DISORDERLY CONDUCT,1500 E MEDICAL CENTER DR,1/10/25 11:46,CLOSED
1/10/25 2:13,TRESPASS,MICHIGAN UNION 530 S STATE ST,1/10/25 2:13,ASSISTANCE PROVIDED
1/10/25 1:19,DRUG VIOLATION - VCSA,1500 E MEDICAL CENTER DR,1/10/25 1:19,CLOSED
1/11/25 10:43,HARASSMENT,WEST QUADRANGLE 541 THOMPSON ST,1/11/25 10:43,CLOSED
1/12/25 16:42,ASSAULT OR BATTERY,1500 E MEDICAL CENTER DR,1/12/25 16:42,ASSISTANCE PROVIDED
1/12/25 15:42,ASSAULT OR BATTERY,MICHIGAN LEAGUE 911 N UNIVERSITY AVE,1/12/25 15:42,CLOSED
1/12/25 8:37,DRUG VIOLATION - VCSA,1500 E MEDICAL CENTER DR,1/12/25 8:37,CLOSED
1/13/25 23:34,DRUG VIOLATION - VCSA,MOTT CHILDRENS VON VOIGTLANDER WOMENS HOSPITALS 1540 E HOSPITAL DR,1/13/25 23:34,CLOSED
1/13/25 20:41,DRUG VIOLATION - VCSA,1500 E MEDICAL CENTER DR,1/13/25 20:41,CLOSED
1/13/25 15:44,ORDINANCE VIOLATION - BIKE,MOTT CHILDRENS VON VOIGTLANDER WOMENS HOSPITALS 1540 E HOSPITAL DR,1/13/25 15:44,ASSISTANCE PROVIDED
1/13/25 13:32,PROPERTY DAMAGE - MDOP,MARKLEY MARY 1503 WASHINGTON HTS,Unknown,CLOSED
1/13/25 12:06,DRUG VIOLATION - VCSA,1500 E MEDICAL CENTER DR,1/13/25 12:06,CLOSED
1/13/25 10:03,LARCENY,MOSHER ELIZA M HALL & JORDAN MYRA B HALL 200 S OBSERVATORY ST, 8:50am  9am 1/13/2025,CLOSED
1/13/25 9:14,ASSAULT OR BATTERY,CANCER CENTER 1400 E MEDICAL CENTER DR,1/13/25 9:14,CLOSED
1/13/25 8:46,PROPERTY DAMAGE - MDOP,STOCKWELL 324 S OBSERVATORY ST,12/10/24,CLOSED
1/13/25 4:00,DRUG VIOLATION - VCSA,TAUBMAN A ALFRED HEALTH CARE CTR 1620 E MEDICAL CENTER DR,1/13/25 4:00,CLOSED
1/13/25 2:36,DRUG VIOLATION - VCSA,MOTT CHILDRENS VON VOIGTLANDER WOMENS HOSPITALS 1540 E HOSPITAL DR,1/13/25 2:36,OPEN
1/14/25 20:22,CRASH - FAIL TO RP,RANDALL HARRISON M LABORATORY 450 CHURCH ST,1/14/25 20:22,ASSISTANCE PROVIDED
1/14/25 20:14,ORDINANCE VIOLATION - SKATEBRD,FLETCHER ST PARKING STRUCTURE 201 FLETCHER ST,1/14/25 20:14,VERBAL WARNING
1/14/25 18:23,LARCENY,NORTH CAMPUS RECREATION BUILDING 2375 HUBBARD RD, 5pm  5:50pm 1/14/2025,CLOSED
1/14/25 17:01,LARCENY,MUNGER GRADUATE RESIDENCES 540 THOMPSON ST,Unknown,OPEN
1/14/25 16:47,WEAPONS OFFENSE,1500 E MEDICAL CENTER DR,1/14/25 16:47,CLOSED
1/14/25 15:50,PROPERTY DAMAGE - MDOP,LOT NC32 1320 HUBBARD RD, 5pm 7/12/2024  3:50pm 7/14/2024,CLOSED
1/14/25 14:17,TRESPASS,1100 NORTH UNIVERSITY BUILDING 1100 N UNIVERSITY AVE,1/14/25 14:17,OPEN
1/14/25 13:52,DISORDERLY CONDUCT,1100 NORTH UNIVERSITY BUILDING 1100 N UNIVERSITY AVE,1/14/25 13:52,UTL/GOA
1/14/25 13:12,ASSAULT OR BATTERY,ROSS SCHOOL OF BUSINESS BUILDING 701 TAPPAN ST, 12:30pm  12:40pm 1/14/2025,CLOSED
1/14/25 12:33,LARCENY,INTRAMURAL SPORTS BUILDING 606 E HOOVER AVE, 11am  12pm 1/14/2025,CLOSED
1/14/25 8:35,ASSAULT OR BATTERY,UNIVERSITY HOSPITAL 1500 E MEDICAL CENTER DR,1/14/25 8:35,OPEN
1/14/25 7:02,LARCENY,1500 E MEDICAL CENTER DR, 7pm  10pm 1/13/2025,CLOSED
1/14/25 5:30,LARCENY,UNIVERSITY HOSPITAL 1500 E MEDICAL CENTER DR,5:28am 1/14/2025,CLOSED
1/15/25 20:11,ASSAULT OR BATTERY,UNIVERSITY HOSPITAL 1500 E MEDICAL CENTER DR,1/15/25 20:11,OPEN INFORMATION ONLY
1/15/25 19:43,ORDINANCE VIOLATION - OTHER,MICHIGAN UNION 530 S STATE ST,1/15/25 19:43,VERBAL WARNING
1/15/25 18:21,TRESPASS,MICHIGAN UNION 530 S STATE ST,1/15/25 18:21,CLOSED
1/15/25 17:52,LARCENY,LOT NC31 1600 HUBBARD RD, 1/8/2025  1/15/2025,CLOSED
1/15/25 13:31,ORDINANCE VIOLATION - OTHER,DIAG 920 N UNIVERSITY AVE,1/15/25 13:31,UNFOUNDED INCIDENT
1/15/25 8:10,LARCENY,MOTT CHILDRENS VON VOIGTLANDER WOMENS HOSPITALS 1540 E HOSPITAL DR,During the day 1/15/2025,CLOSED
1/15/25 3:26,TRESPASS,SHAPIRO HAROLD T AND VIVIAN B LIBRARY 919 S UNIVERSITY AVE,1/15/25 3:26,OPEN ASSISTANCE PROVIDED
1/15/25 1:58,DOMESTIC ASSAULT,UNIVERSITY HOSPITAL 1500 E MEDICAL CENTER DR,1/15/25 1:58,CLOSED
1/16/25 17:17,FRAUDULENT ACTIVITY,EAST QUADRANGLE 701 E UNIVERSITY AVE,1/16/25 17:17,CLOSED
1/16/25 16:00,ASSAULT OR BATTERY,1500 E MEDICAL CENTER DR,1/16/25 16:00,OPEN
1/16/25 12:39,PROPERTY DAMAGE - MDOP,1500 E MEDICAL CENTER DR,1/16/25 12:39,CLOSED
1/16/25 12:11,ORDINANCE VIOLATION - OTHER,DIAG 920 N UNIVERSITY AVE,1/16/25 12:11,ASSISTANCE PROVIDED
1/16/25 0:10,ASSAULT OR BATTERY,WEISER HALL 500 CHURCH ST,1/16/25 0:10,OPEN
1/17/25 21:00,LARCENY,1100 NORTH UNIVERSITY BUILDING 1100 N UNIVERSITY AVE,1/17/25 21:00,UNFOUNDED INCIDENT
1/17/25 20:58,CRASH - FAIL TO RP,MEDICAL CENTER DR PARKING STRUCT 1600 E MEDICAL CENTER DR, 7:50am  8:45pm 1/17/2025,CLOSED
1/17/25 12:21,RETAIL FRAUD ALL DEGREES,SHAPIRO HAROLD T AND VIVIAN B LIBRARY 919 S UNIVERSITY AVE, 11am to 12:15pm 1/17/2025,CLOSED
1/17/25 11:17,TRESPASS,PIERPONT WILBUR K COMMONS 2101 BONISTEEL BLVD,1/17/25 11:17,OPEN
1/17/25 9:55,LARCENY,REVELLI WILLIAM D BAND REHEARSAL HALL 350 E HOOVER AVE,Sometime within the past 30 days,CLOSED
1/17/25 8:55,ASSAULT OR BATTERY,UNIVERSITY HOSPITAL 1500 E MEDICAL CENTER DR,11/1/24,CLOSED
1/17/25 7:37,LARCENY,NORTHWOOD II 2232 CRAM PL,1/17/25 7:37,CLOSED
1/18/25 11:14,DRUG VIOLATION - VCSA,1500 E MEDICAL CENTER DR,1/18/25 11:14,CLOSED
1/18/25 6:23,HARASSMENT,UNIVERSITY HOSPITAL 1500 E MEDICAL CENTER DR,1/18/25 6:23,OPEN
1/19/25 17:07,ASSAULT OR BATTERY,FRANKEL SAMUEL AND JEAN CARDIOVASCULAR CENTER 1425 E ANN ST,1/19/25 17:07,OPEN ASSISTANCE PROVIDED
1/19/25 15:10,CRASH - FAIL TO RP,SIMPSON CIRCLE PARKING STRUCTURE 1535 E HOSPITAL DR, 11am  11:30am 1/17/2025,CLOSED
1/19/25 2:30,UNLAWFUL DRIVING AWAY,LOT NW47 1200 MCINTYRE DR, 8pm  12am 1/18/2025,OPEN INFORMATION ONLY
1/19/25 2:12,OPERATING WHILE INTOXICATED,PACKARD ST / THOMPSON ST,1/19/25 2:12,OPEN ASSISTANCE PROVIDED
1/20/25 22:17,TRESPASS,1500 E MEDICAL CENTER DR,1/20/25 22:17,CLOSED
1/20/25 22:03,SUSPICIOUS INCIDENT OR PERSON,CAMPUS SAFETY SERVICES BUILDING 1239 KIPKE DR,1/20/25 22:03,CLOSED
1/20/25 19:30,FRAUDULENT ACTIVITY,CAMPUS SAFETY SERVICES BUILDING 1239 KIPKE DR,1/20/25 19:30,ASSISTANCE PROVIDED
1/20/25 18:23,DRUG VIOLATION - VCSA,1500 E MEDICAL CENTER DR,1/20/25 18:23,INFORMATION ONLY
1/20/25 15:05,ASSAULT OR BATTERY,UNIVERSITY HOSPITAL 1500 E MEDICAL CENTER DR,1/20/25 15:05,CLOSED
1/20/25 12:04,HARASSMENT,WEST QUADRANGLE 541 THOMPSON ST,1/20/25 12:04,CANCEL REPORT
1/20/25 9:51,LARCENY,INSTITUTE FOR SOCIAL RESEARCH 426 THOMPSON ST,1/20/25 9:51,OPEN
1/20/25 9:16,PROPERTY DAMAGE - MDOP,SOUTH QUADRANGLE 600 E MADISON ST,Unknown,CLOSED
1/21/25 21:38,CRASH - FAIL TO RP,SIMPSON CIRCLE PARKING STRUCTURE 1535 E HOSPITAL DR, 5:45am  8pm 1/21/2025,CLOSED
1/21/25 16:16,HARASSMENT,WEST QUADRANGLE 541 THOMPSON ST,1/21/25 16:16,CLOSED
1/21/25 12:55,LARCENY,SHAPIRO HAROLD T AND VIVIAN B LIBRARY 919 S UNIVERSITY AVE,Unknown,INFORMATION ONLY
1/22/25 19:54,DRUG VIOLATION - VCSA,1500 E MEDICAL CENTER DR,1/22/25 19:54,CLOSED
1/22/25 19:10,LARCENY,WEST QUADRANGLE 541 THOMPSON ST, 12am 1/20/2025  11am 1/21/2025,CLOSED
1/22/25 18:41,LARCENY,UNIVERSITY HOSPITAL SOUTH 1521 E SIMPSON RD,1/22/25 18:41,OPEN ASSISTANCE PROVIDED
1/22/25 16:34,ORDINANCE VIOLATION - BIKE,MOTT CHILDRENS VON VOIGTLANDER WOMENS HOSPITALS 1540 E HOSPITAL DR,1/22/25 16:34,ASSISTANCE PROVIDED
1/22/25 16:18,LARCENY,MUNGER GRADUATE RESIDENCES 540 THOMPSON ST, 12/4/2024  1/8/2025,CLOSED
1/22/25 15:57,ORDINANCE VIOLATION - BIKE,MOTT CHILDRENS VON VOIGTLANDER WOMENS HOSPITALS 1540 E HOSPITAL DR,1/22/25 15:57,ASSISTANCE PROVIDED
1/22/25 13:26,LARCENY,NORTH CAMPUS RECREATION BUILDING 2375 HUBBARD RD, 10:30am  12pm 1/22/2025,CLOSED
1/22/25 7:12,ASSAULT OR BATTERY,E ANN ST / ZINA PITCHER PL,1/22/25 7:12,OPEN
1/22/25 3:53,LARCENY,1500 E MEDICAL CENTER DR,3:10am 1/22/2025,CLOSED
1/22/25 0:17,DRUG VIOLATION - VCSA,SCHOOL OF DENISTRY BUILDING 1011 NORTH UNIVERSITY AVE,1/22/25 0:17,OPEN
1/23/25 17:10,FAMILY/ACQUAINT DISPUTE,1540 E HOSPITAL DR,1/23/25 17:10,OPEN
1/23/25 16:57,LARCENY,FRANKEL SAMUEL AND JEAN CARDIOVASCULAR CENTER 1425 E ANN ST, 12pm  5pm 1/22/2025,CLOSED
1/23/25 16:24,LARCENY,POWER CENTER FOR PERFORMING ARTS 121 FLETCHER ST,6pm 1/22/2025,CLOSED
1/23/25 12:47,LARCENY,SHAPIRO HAROLD T AND VIVIAN B LIBRARY 919 S UNIVERSITY AVE,10:54am 1/23/2025,ASSISTANCE PROVIDED
1/23/25 10:21,HARASSMENT,ROSS SCHOOL OF BUSINESS BUILDING 701 TAPPAN ST,1/23/25 10:21,CLOSED
1/24/25 23:39,TRESPASS,ANGELL JAMES B HALL AND TISCH HALL 435 S STATE ST,1/24/25 23:39,OPEN
1/24/25 21:09,LARCENY,MICHIGAN UNION 530 S STATE ST, 6:05pm  9pm 1/24/2025,CLOSED
1/24/25 19:52,ASSAULT OR BATTERY,1540 E HOSPITAL DR,1/24/25 19:52,OPEN INFORMATION ONLY
1/24/25 15:46,LARCENY,WEST QUADRANGLE 541 THOMPSON ST,Unknown,ASSISTANCE PROVIDED
1/24/25 15:37,DRUG VIOLATION - VCSA,1540 E HOSPITAL DR,1/24/25 15:37,OPEN
1/24/25 14:01,LARCENY,2221 HUBBARD RD,Unknown,CLOSED
1/24/25 13:05,CRASH - FAIL TO RP,LOT M95 1580 WASHINGTON HTS, 5:20am  2:10pm 1/22/2025,CLOSED
1/25/25 18:34,TRESPASS,1500 E MEDICAL CENTER DR,1/25/25 18:34,OPEN
1/25/25 12:09,PROPERTY DAMAGE - MDOP,THOMPSON ST PARKING STRUCTURE 508 THOMPSON ST,Unknown,CLOSED
1/25/25 11:57,LARCENY,WEST QUADRANGLE 541 THOMPSON ST, 2am  9am 1/25/2025,CLOSED
1/25/25 5:51,DRUG VIOLATION - VCSA,1540 E HOSPITAL DR,1/25/25 5:51,CLOSED
1/26/25 9:54,ASSAULT OR BATTERY,1500 E MEDICAL CENTER DR,1/26/25 9:54,CLOSED
1/26/25 1:04,LARCENY,DIAG 920 N UNIVERSITY AVE,Unknown,ASSISTANCE PROVIDED
1/27/25 18:43,DRUG VIOLATION - VCSA,1500 E MEDICAL CENTER DR,1/27/25 18:43,CLOSED
1/27/25 16:01,ORDINANCE VIOLATION - BIKE,1540 E HOSPITAL DR,1/27/25 16:01,UTL/GOA
1/27/25 12:10,WEAPONS OFFENSE,UNIVERSITY HOSPITAL 1500 E MEDICAL CENTER DR,1/27/25 12:10,CLOSED
1/27/25 6:45,PROPERTY DAMAGE - MDOP,MOSHER ELIZA M HALL & JORDAN MYRA B HALL 200 S OBSERVATORY ST, 2:30pm 1/26/2025  6am 1/27/2025,CLOSED
1/28/25 23:06,ORDINANCE VIOLATION - OTHER,PLYMOUTH RD / UPLAND DR,1/28/25 23:06,INFORMATION ONLY
1/28/25 8:22,CRASH - FAIL TO RP,MED CTR N ENTRANCE PARKING STRUCTURE 1300 E MEDICAL CENTER DR,8:19am 1/28/2025,CLOSED
1/28/25 1:03,LARCENY,MARKLEY MARY 1503 WASHINGTON HTS,Within the past month,CLOSED
1/29/25 16:01,FRAUDULENT ACTIVITY,EAST QUADRANGLE 701 E UNIVERSITY AVE,1/29/25 16:01,CLOSED
1/29/25 1:28,LARCENY,FLETCHER HALL 915 SYBIL ST, 12pm  12:30pm 1/22/2025,CLOSED
1/30/25 21:26,TRESPASS,YOST ICE ARENA 1116 S STATE ST,1/30/25 21:26,ASSISTANCE PROVIDED
1/30/25 17:59,LARCENY,NORTH CAMPUS RECREATION BUILDING 2375 HUBBARD RD, 3:59pm  5:59pm 1/30/2025,ASSISTANCE PROVIDED
1/30/25 15:52,DRUG VIOLATION - VCSA,1500 E MEDICAL CENTER DR,1/30/25 15:52,CLOSED
1/30/25 13:19,WEAPONS OFFENSE,1540 E HOSPITAL DR,1/30/25 13:19,CLOSED
1/30/25 12:48,DRUG VIOLATION - VCSA,1500 E MEDICAL CENTER DR,1/30/25 12:48,CLOSED
1/30/25 10:42,LARCENY,INSTITUTE FOR SOCIAL RESEARCH 426 THOMPSON ST,1/30/25 10:42,CLOSED
1/30/25 8:16,LARCENY,INSTITUTE FOR SOCIAL RESEARCH 426 THOMPSON ST,1/30/25 8:16,CLOSED
1/30/25 6:28,LARCENY,MOTT CHILDRENS VON VOIGTLANDER WOMENS HOSPITALS 1540 E HOSPITAL DR, 7pm 1/29/2025  6am 1/30/2025,CLOSED
1/30/25 3:14,DRUG VIOLATION - VCSA,TAUBMAN A ALFRED HEALTH CARE CTR 1620 E MEDICAL CENTER DR,1/30/25 3:14,CLOSED
1/30/25 2:12,FRAUDULENT ACTIVITY,CAMPUS SAFETY SERVICES BUILDING 1239 KIPKE DR,1/30/25 2:12,TOT OTHER DEPT AAPD
1/31/25 23:50,ASSAULT OR BATTERY,1500 E MEDICAL CENTER DR,1/31/25 23:50,OPEN
1/31/25 23:21,TRESPASS,MICHIGAN LEAGUE 911 N UNIVERSITY AVE,1/31/25 23:21,OPEN
1/31/25 19:52,DRUG VIOLATION - VCSA,1500 E MEDICAL CENTER DR,1/31/25 19:52,CLOSED
1/31/25 19:03,FIRE,E STADIUM BLVD / S MAIN ST,1/31/25 19:03,CLOSED
1/31/25 17:49,CRASH - HIT/RUN,CANCER CENTER 1400 E MEDICAL CENTER DR,1/31/25 17:49,OPEN
1/31/25 14:33,LARCENY,TAUBMAN A ALFRED HEALTH CARE CTR 1620 E MEDICAL CENTER DR,During the day 1/31/2025,CLOSED
1/31/25 12:58,TRESPASS,BEYSTER BOB AND BETTY BUILDING 2260 HAYWARD ST,1/31/25 12:58,OPEN
1/31/25 12:04,FRAUDULENT ACTIVITY,LAWYERS CLUB AND MUNGER CHARLES T RESIDENCES 551 S STATE ST,1/31/25 12:04,CLOSED
1/31/25 9:26,ASSAULT OR BATTERY,UNIVERSITY HOSPITAL 1500 E MEDICAL CENTER DR,1/31/25 9:26,CLOSED
2/1/25 20:11,DOMESTIC ASSAULT,NORTHWOOD V 2599 STONE RD,2/1/25 20:11,OPEN ASSISTANCE PROVIDED
2/1/25 19:09,DRUG VIOLATION - VCSA,1500 E MEDICAL CENTER DR,2/1/25 19:09,CLOSED
2/1/25 11:52,CRASH - FAIL TO RP,MEDICAL CENTER DR PARKING STRUCT 1600 E MEDICAL CENTER DR, 9am  11:30am 2/1/2025,CLOSED
2/2/25 22:28,LARCENY,MODERN LANGUAGES BUILDING 812 E WASHINGTON ST,Sometime over the past month,ASSISTANCE PROVIDED
2/2/25 20:49,DRUG VIOLATION - VCSA,1500 E MEDICAL CENTER DR,2/2/25 20:49,CLOSED
2/2/25 17:49,WEAPONS OFFENSE,1500 E MEDICAL CENTER DR,2/2/25 17:49,OPEN
2/2/25 15:01,TRESPASS,COOK MARTHA BUILDING 906 S UNIVERSITY AVE,2/2/25 15:01,UTL/GOA
2/2/25 8:04,TRESPASS,NORTH QUADRANGLE RESIDENTIAL AND ACADEMIC COMPLEX 105 S STATE ST,2/2/25 8:04,OPEN
2/2/25 2:30,DRUG VIOLATION - VCSA,LOT M10 1502 E MEDICAL CENTER DR,2/2/25 2:30,CLOSED
2/2/25 1:04,DRUG VIOLATION - VCSA,1500 E MEDICAL CENTER DR,2/2/25 1:04,CLOSED
2/3/25 23:44,ORDINANCE VIOLATION - BIKE,FLETCHER HALL 915 SYBIL ST,2/3/25 23:44,CLOSED
2/3/25 21:43,LARCENY,INTRAMURAL SPORTS BUILDING 606 E HOOVER AVE, 8:03pm  9:25pm 2/3/2025,CLOSED
2/3/25 19:49,UNLAWFUL DRIVING AWAY,LIPSEY STANFORD STUDENT PUBLICATIONS BUILDING 420 MAYNARD ST, 4:30pm  7:30pm 2/3/2025,CLOSED
2/3/25 18:16,PROPERTY DAMAGE - MDOP,CRISLER CENTER 333 E STADIUM BLVD, 7:45am  5:20pm 2/3/2025,CLOSED
2/3/25 18:12,DRUG VIOLATION - VCSA,1500 E MEDICAL CENTER DR,2/3/25 18:12,CLOSED
2/3/25 16:21,CRASH - FAIL TO RP,FOREST AVE PARKING STRUCTURE 650 S FOREST AVE,2/3/25 16:21,ASSISTANCE PROVIDED
2/3/25 16:19,LARCENY,NORTH CAMPUS RECREATION BUILDING 2375 HUBBARD RD,Unknown,ASSISTANCE PROVIDED
2/3/25 11:04,PROPERTY DAMAGE - MDOP,OH MARY ALICE AND LILLIAN GODDARD HALL 619 OXFORD RD,Unknown,CLOSED
2/4/25 18:34,LARCENY,CHEMISTRY & DOW WILLARD H LABORATORY 930 N UNIVERSITY AVE, 1/23/2025  2/4/2025,CLOSED
2/4/25 16:23,CRASH - HIT/RUN,S STATE ST / S UNIVERSITY AVE,2/4/25 16:23,INFORMATION ONLY OPEN
2/4/25 15:36,ASSAULT OR BATTERY,MOTT CHILDRENS VON VOIGTLANDER WOMENS HOSPITALS 1540 E HOSPITAL DR,2/4/25 15:36,CLOSED
2/4/25 15:21,FRAUDULENT ACTIVITY,UNIVERSITY HOSPITAL 1500 E MEDICAL CENTER DR,2/4/25 15:21,UTL/GOA
2/4/25 14:20,HARASSMENT,CANCER CENTER 1400 E MEDICAL CENTER DR,2/4/25 14:20,CLOSED
2/4/25 13:01,FIRE,NORTHWOOD V 2364 STONE RD,two weeks ago,CLOSED
2/4/25 12:29,TRESPASS,MASON HALL 419 S STATE ST,2/4/25 12:29,OPEN
2/4/25 12:15,ASSAULT OR BATTERY,1500 E MEDICAL CENTER DR,2/4/25 12:15,CLOSED
2/4/25 9:48,TRESPASS,MICHIGAN UNION 530 S STATE ST,2/4/25 9:48,ASSISTANCE PROVIDED READ TRESPASS
2/4/25 7:35,WEAPONS OFFENSE,1540 E HOSPITAL DR,2/4/25 7:35,CLOSED
2/5/25 20:36,FRAUDULENT ACTIVITY,MOSHER ELIZA M HALL & JORDAN MYRA B HALL 200 S OBSERVATORY ST,2/5/25 20:36,CLOSED
2/5/25 17:57,DRUG VIOLATION - VCSA,1500 E MEDICAL CENTER DR,2/5/25 17:57,CLOSED
2/5/25 17:06,FRAUDULENT ACTIVITY,HENDERSON MARY BARTRON HOUSE 1330 HILL ST,2/5/25 17:06,CLOSED
2/5/25 14:56,CRASH - FAIL TO RP,KELLOGG W K FOUNDATION INSTITUTE 1011 N UNIVERSITY AVE,During the day 2/5/2025,OPEN
2/5/25 14:36,DOMESTIC ASSAULT,VAUGHAN HENRY FRIEZE PUBLIC HEALTH BUILDING 1415 WASHINGTON HTS,2/5/25 14:36,OPEN
2/5/25 12:54,FRAUDULENT ACTIVITY,SHARED SERVICES CENTER 1000 VICTORS WAY,2/5/25 12:54,CLOSED
2/5/25 11:46,LARCENY,SHAPIRO HAROLD T AND VIVIAN B LIBRARY 919 S UNIVERSITY AVE, 3pm  4pm 2/4/2025,CLOSED
2/5/25 9:30,LARCENY,BRIGHTON HEALTH CENTER 8001 CHALLIS RD,Sometime over the past three weeks,CLOSED
2/5/25 9:02,LARCENY,SHAPIRO HAROLD T AND VIVIAN B LIBRARY 919 S UNIVERSITY AVE, 7pm 2/3/2025  8am 2/5/2025,CLOSED
2/5/25 8:58,LARCENY,INSTITUTE FOR SOCIAL RESEARCH 426 THOMPSON ST,2/5/25 8:58,CLOSED
2/5/25 8:46,PROPERTY DAMAGE - MDOP,WEST QUADRANGLE 541 THOMPSON ST, 4pm 2/4/2025  6am 2/5/2025,CLOSED
2/5/25 8:38,LARCENY,INSTITUTE FOR SOCIAL RESEARCH 426 THOMPSON ST,2/5/25 8:38,CLOSED
2/5/25 6:01,ORDINANCE VIOLATION - BIKE,FRANKEL SAMUEL AND JEAN CARDIOVASCULAR CENTER 1425 E ANN ST,2/5/25 6:01,INFORMATION ONLY
2/6/25 23:35,ORDINANCE VIOLATION - ALCOHOL,EAST QUADRANGLE 701 E UNIVERSITY AVE,2/6/25 23:35,CLOSED
2/6/25 21:38,ASSAULT OR BATTERY,MASON HALL 419 S STATE ST,2/6/25 21:38,OPEN
2/6/25 17:04,LARCENY,MICHIGAN LEAGUE 911 N UNIVERSITY AVE, 2pm  3pm 2/6/2025,CLOSED
2/6/25 15:45,FIRE,CANCER CENTER 1400 E MEDICAL CENTER DR,2/6/25 15:45,CLOSED
2/6/25 15:30,CRASH - FAIL TO RP,BRIGHTON HEALTH CENTER 8001 CHALLIS RD, 2:30pm  3:30pm 2/6/2024,CLOSED
2/6/25 15:19,FIRE,CHEMISTRY & DOW WILLARD H LABORATORY 930 N UNIVERSITY AVE,2/6/25 15:19,CLOSED
2/6/25 10:37,LARCENY,SOUTH QUADRANGLE 600 E MADISON ST, 8pm  8:30pm 2/4/2025,CLOSED
2/6/25 9:09,ASSAULT OR BATTERY,MOTT CHILDRENS VON VOIGTLANDER WOMENS HOSPITALS 1540 E HOSPITAL DR, 7:15pm  8pm 2/5/2025,CLOSED
2/6/25 1:41,LARCENY,LITERATURE SCIENCE AND THE ARTS 500 S STATE ST, 9pm 2/5/2025  1am 2/6/2025,CLOSED
2/7/25 22:57,LARCENY,MASON HALL 419 S STATE ST,10:57pm 2/7/2025,CLOSED
2/7/25 15:46,RETAIL FRAUD ALL DEGREES,SHAPIRO HAROLD T AND VIVIAN B LIBRARY 919 S UNIVERSITY AVE,2/7/25 15:46,CLOSED
2/7/25 12:43,TRESPASS,UNIVERSITY HOSPITAL 1500 E MEDICAL CENTER DR,2/7/25 12:43,CLOSED
2/7/25 8:07,LARCENY,CANCER CENTER 1400 E MEDICAL CENTER DR,Unknown,CLOSED
2/7/25 6:48,CRASH - FAIL TO RP,MOTT CHILDRENS VON VOIGTLANDER WOMENS HOSPITALS 1540 E HOSPITAL DR,2/7/25 6:48,CLOSED
2/7/25 2:40,LARCENY,CAMPUS SAFETY SERVICES BUILDING 1239 KIPKE DR,2/7/25 2:40,TOT OTHER DEPT AAPD
2/8/25 21:38,ORDINANCE VIOLATION - ALCOHOL,EAST QUADRANGLE 701 E UNIVERSITY AVE,2/8/25 21:38,CLOSED
2/8/25 18:22,FRAUDULENT ACTIVITY,CAMPUS SAFETY SERVICES BUILDING 1239 KIPKE DR,2/8/25 18:22,CLOSED
2/8/25 3:44,PROPERTY DAMAGE - MDOP,SOUTH QUADRANGLE 600 E MADISON ST,2/8/25 3:44,CLOSED
2/8/25 1:21,DRUG VIOLATION - VCSA,UNIVERSITY HOSPITAL 1500 E MEDICAL CENTER DR,2/8/25 1:21,OPEN
2/9/25 22:02,LARCENY,MARKLEY MARY 1503 WASHINGTON HTS,Unknown,CLOSED
2/9/25 21:19,DRUG VIOLATION - VCSA,1500 E MEDICAL CENTER DR,2/9/25 21:19,CLOSED
2/9/25 17:30,ASSAULT OR BATTERY,UNIVERSITY HOSPITAL 1500 E MEDICAL CENTER DR,2/9/25 17:30,CLOSED
2/9/25 16:35,CRIMINAL SEXUAL CONDUCT,1500 E MEDICAL CENTER DR,2/9/25 16:35,CLOSED
2/9/25 15:44,ORDINANCE VIOLATION - OTHER,MOTT CHILDRENS VON VOIGTLANDER WOMENS HOSPITALS 1540 E HOSPITAL DR,2/9/25 15:44,ASSISTANCE PROVIDED
2/9/25 7:41,LARCENY,UNIVERSITY HOSPITAL 1500 E MEDICAL CENTER DR,Unknown,INFORMATION ONLY
2/9/25 0:19,ORDINANCE VIOLATION - ALCOHOL,BAITS VERA II 1441 HUBBARD RD,2/9/25 0:19,CLOSED
2/10/25 21:11,DRUG VIOLATION - VCSA,UNIVERSITY HOSPITAL 1500 E MEDICAL CENTER DR,2/10/25 21:11,CLOSED
2/10/25 20:09,FRAUDULENT ACTIVITY,CAMPUS SAFETY SERVICES BUILDING 1239 KIPKE DR,2/10/25 20:09,CLOSED
2/10/25 12:32,LARCENY,SHAPIRO HAROLD T AND VIVIAN B LIBRARY 919 S UNIVERSITY AVE, 10:15am  12:15pm 2/10/2025,CLOSED
2/10/25 11:56,LARCENY,CAMPUS SAFETY SERVICES BUILDING 1239 KIPKE DR, 2/6/2025  2/7/2025,INFORMATION ONLY
2/10/25 9:32,UNLAWFUL DRIVING AWAY,LOT NC32 1320 HUBBARD RD,2/10/25 9:32,UNFOUNDED INCIDENT
2/11/25 17:51,LARCENY,MOTT CHILDRENS VON VOIGTLANDER WOMENS HOSPITALS 1540 E HOSPITAL DR,2/11/25 17:51,CANCEL REPORT
2/11/25 17:48,DRUG VIOLATION - VCSA,UNIVERSITY HOSPITAL 1500 E MEDICAL CENTER DR,2/11/25 17:48,CLOSED
2/11/25 17:19,DRUG VIOLATION - VCSA,1540 E HOSPITAL DR,2/11/25 17:19,CLOSED
2/11/25 16:37,LARCENY,362 HILL ST,2/11/25 16:37,CLOSED
2/11/25 11:10,LARCENY,UNIVERSITY HOSPITAL 1500 E MEDICAL CENTER DR, 2/8/2025  2/9/2025,CLOSED
2/11/25 10:22,DOMESTIC ASSAULT - IP,SIMPSON CIRCLE PARKING STRUCTURE 1535 E HOSPITAL DR,2/11/25 10:22,OPEN ASSISTANCE PROVIDED
2/11/25 10:20,PROPERTY DAMAGE - MDOP,CANCER CENTER 1400 E MEDICAL CENTER DR,Unknown,CLOSED
2/11/25 10:14,PROPERTY DAMAGE - MDOP,TAUBMAN A ALFRED HEALTH CARE CTR 1620 E MEDICAL CENTER DR,Unknown,CLOSED
2/11/25 10:11,LARCENY,ANGELL JAMES B HALL AND TISCH HALL 435 S STATE ST, 2/3/2025  2/11/2025,INFORMATION ONLY
2/12/25 22:12,PROPERTY DAMAGE - MDOP,MARKLEY MARY 1503 WASHINGTON HTS,11:12pm 2/12/2025,CLOSED
2/12/25 17:52,CRASH - FAIL TO RP,E ANN ST / GLEN AVE,2/12/25 17:52,OPEN ASSISTANCE PROVIDED
2/12/25 17:09,DRUG VIOLATION - VCSA,1500 E MEDICAL CENTER DR,2/12/25 17:09,CLOSED
2/12/25 16:17,LARCENY,UNIVERSITY HOSPITAL 1500 E MEDICAL CENTER DR,12pm 2/12/2025,CLOSED
2/12/25 14:07,DRUG VIOLATION - VCSA,1500 E MEDICAL CENTER DR,2/12/25 14:07,CLOSED
2/12/25 11:14,ASSAULT OR BATTERY,UNIVERSITY HOSPITAL 1500 E MEDICAL CENTER DR,2/12/25 11:14,CLOSED
2/12/25 11:00,LARCENY,NORTH QUADRANGLE RESIDENTIAL AND ACADEMIC COMPLEX 105 S STATE ST, 11:30pm 2/11/2025  10am 2/12/2025,CLOSED
2/12/25 10:49,LARCENY,SHAPIRO HAROLD T AND VIVIAN B LIBRARY 919 S UNIVERSITY AVE,2:45pm 2/11/2025,CLOSED
2/12/25 1:32,TRESPASS,1500 E MEDICAL CENTER DR,2/12/25 1:32,OPEN INFORMATION ONLY
2/13/25 18:22,LARCENY,THAYER ST PARKING STRUCTURE 216 S THAYER ST, 7:45am  4pm 2/13/2025,INFORMATION ONLY OPEN
2/13/25 17:06,LARCENY,MICHIGAN UNION 530 S STATE ST, 2:30pm  5:30pm 2/13/2025,CLOSED
2/13/25 15:50,ASSAULT OR BATTERY,DOMINO'S FARMS OFFICE PARK 24 FRANK LLOYD WRIGHT DRIVE,2/13/25 15:50,CLOSED
2/13/25 14:54,LARCENY,FRANKEL SAMUEL AND JEAN CARDIOVASCULAR CENTER 1425 E ANN ST, 7:15am  2:30pm 2/13/2025,CLOSED
2/13/25 14:03,ORDINANCE VIOLATION - SALES,SOUTH QUADRANGLE 600 E MADISON ST,2/13/25 14:03,ASSISTANCE PROVIDED
2/13/25 12:20,FIRE,BURSLEY JOSEPH A & MARGUERITE K HALL 1931 DUFFIELD ST,2/13/25 12:20,CLOSED
2/13/25 10:45,LARCENY,UNIVERSITY HOSPITAL 1500 E MEDICAL CENTER DR,10:20am 2/13/2025,CLOSED
2/13/25 10:14,ASSAULT OR BATTERY,UNIVERSITY HOSPITAL 1500 E MEDICAL CENTER DR,2/13/25 10:14,NO REPORT FILED
2/14/25 23:51,ORDINANCE VIOLATION - ALCOHOL,COOK MARTHA BUILDING 906 S UNIVERSITY AVE,2/14/25 23:51,CLOSED
2/14/25 23:39,DISORDERLY CONDUCT,BURSLEY JOSEPH A & MARGUERITE K HALL 1931 DUFFIELD ST,2/14/25 23:39,CLOSED
2/14/25 21:17,DRUG VIOLATION - VCSA,1500 E MEDICAL CENTER DR,2/14/25 21:17,CLOSED
2/14/25 18:17,DRUG VIOLATION - VCSA,1500 E MEDICAL CENTER DR,2/14/25 18:17,CLOSED
2/14/25 17:23,LARCENY,EAST QUADRANGLE 701 E UNIVERSITY AVE,1pm 2/14/2025,CLOSED
2/14/25 16:33,LARCENY,778(1100) BLK N UNIVERSITY AVE, 2pm  4:20pm 2/14/2025,OPEN
2/14/25 16:15,PROPERTY DAMAGE - MDOP,ARBOR LAKES 14251 PLYMOUTH RD, 1/31/2025  2/5/2025,CLOSED
2/14/25 12:04,LARCENY,SHAPIRO HAROLD T AND VIVIAN B LIBRARY 919 S UNIVERSITY AVE,2/12/2025  2/13/2025,CLOSED
2/14/25 11:04,LARCENY,SOUTH QUADRANGLE 600 E MADISON ST,2/14/25 11:04,CLOSED
2/15/25 22:01,LARCENY,MODERN LANGUAGES BUILDING 812 E WASHINGTON ST, 9:15pm  10pm 2/15/2025,CLOSED
2/15/25 20:35,LARCENY,INTRAMURAL SPORTS BUILDING 606 E HOOVER AVE,Within two hours of 2/15/2025 08:35 pm,CLOSED
2/15/25 19:18,LARCENY,UNIVERSITY HOSPITAL 1500 E MEDICAL CENTER DR,During the day 2/15/2025,CLOSED
2/15/25 17:02,TRESPASS,PIERPONT WILBUR K COMMONS 2101 BONISTEEL BLVD,2/15/25 17:02,OPEN READ TRESPASS
2/15/25 14:44,DRUG VIOLATION - VCSA,1540 E HOSPITAL DR,2/15/25 14:44,CLOSED
2/15/25 6:54,LARCENY,UNIVERSITY HOSPITAL 1500 E MEDICAL CENTER DR,2/15/25 6:54,CLOSED
2/16/25 20:42,DRUG VIOLATION - VCSA,1500 E MEDICAL CENTER DR,2/16/25 20:42,CLOSED
2/16/25 14:43,DRUG VIOLATION - VCSA,1540 E HOSPITAL DR,2/16/25 14:43,CLOSED
2/16/25 14:33,LARCENY,UNIVERSITY HOSPITAL 1500 E MEDICAL CENTER DR,2/16/25 14:33,CLOSED
2/16/25 12:41,HARASSMENT,CHEMISTRY & DOW WILLARD H LABORATORY 930 N UNIVERSITY AVE,2/16/25 12:41,CLOSED
2/16/25 12:11,LARCENY,ANGELL HALL AUDITORIUMS 435 S STATE ST, 12pm  4pm 12/10/2024,CLOSED
2/17/25 16:56,LARCENY,MARKLEY MARY 1503 WASHINGTON HTS,2/14/25,OPEN ASSISTANCE PROVIDED
2/17/25 16:20,CRASH - FAIL TO RP,E MEDICAL CENTER DR / SIMPSON DR,2/17/25 16:20,ASSISTANCE PROVIDED
2/17/25 16:06,LARCENY,SHAPIRO HAROLD T AND VIVIAN B LIBRARY 919 S UNIVERSITY AVE, 1pm  3pm 2/17/2025,CLOSED
2/17/25 14:50,DRUG VIOLATION - VCSA,MOTT CHILDRENS VON VOIGTLANDER WOMENS HOSPITALS 1540 E HOSPITAL DR,2/17/25 14:50,CLOSED
2/17/25 14:11,FAMILY/ACQUAINT DISPUTE,MOSHER ELIZA M HALL & JORDAN MYRA B HALL 200 S OBSERVATORY ST,2/17/25 14:11,CLOSED
2/17/25 11:39,LARCENY,EAST QUADRANGLE 701 E UNIVERSITY AVE,Unknown,CLOSED
2/17/25 11:25,HARASSMENT,CAMPUS SAFETY SERVICES BUILDING 1239 KIPKE DR,2/17/25 11:25,ASSISTANCE PROVIDED
2/17/25 11:21,DRUG VIOLATION - VCSA,1500 E MEDICAL CENTER DR,2/17/25 11:21,CLOSED
2/17/25 10:07,ASSAULT OR BATTERY,TRANSPORTATION BUILDING 1500(1665) BLK DEAN RD,2/17/25 10:07,OPEN ASSISTANCE PROVIDED
2/18/25 21:40,LARCENY,DANA SAMUEL TRASK BUILDING 440 CHURCH ST,During the day 2/18/2025,CLOSED
2/18/25 15:37,FRAUDULENT ACTIVITY,SHARED SERVICES CENTER 1000 VICTORS WAY,2/18/25 15:37,CLOSED
2/18/25 15:22,DRUG VIOLATION - VCSA,1540 E HOSPITAL DR,2/18/25 15:22,CLOSED
2/18/25 15:16,FRAUDULENT ACTIVITY,CAMPUS SAFETY SERVICES BUILDING 1239 KIPKE DR,2/18/25 15:16,TOT OTHER DEPT
2/18/25 15:05,CRASH - FAIL TO RP,1540 E HOSPITAL DR,2:14pm 2/18/2025,CLOSED
2/18/25 12:15,LARCENY,NORTH CAMPUS RECREATION BUILDING 2375 HUBBARD RD, 11am  12pm 2/18/2025,CLOSED
2/18/25 12:04,LARCENY,EAST QUADRANGLE 701 E UNIVERSITY AVE,11:34am 2/18/2025,INFORMATION ONLY
2/18/25 11:43,FIRE,CHEMISTRY & DOW WILLARD H LABORATORY 930 N UNIVERSITY AVE,2/18/25 11:43,CLOSED
2/18/25 6:13,LARCENY,FRANKEL SAMUEL AND JEAN CARDIOVASCULAR CENTER 1425 E ANN ST, 2:05pm 2/17/2025  5:50pm 2/18/2025,CLOSED
2/19/25 23:23,FIRE,AEROSPACE ENGINEERING LAB PLASMA RESEARCH 2603 DRAPER DR,2/19/25 23:23,CLOSED
2/19/25 20:26,LARCENY,INTRAMURAL SPORTS BUILDING 606 E HOOVER AVE,During the day 2/16/2025,OPEN ASSISTANCE PROVIDED
2/19/25 17:49,PROPERTY DAMAGE - MDOP,1500 E MEDICAL CENTER DR,2/19/25 17:49,CLOSED
2/19/25 15:11,ASSAULT OR BATTERY,TAUBMAN A ALFRED HEALTH CARE CTR 1620 E MEDICAL CENTER DR,2/14/25,OPEN INFORMATION ONLY
2/19/25 15:03,DRUG VIOLATION - VCSA,1500 E MEDICAL CENTER DR,2/19/25 15:03,CLOSED
2/19/25 14:38,CRASH - FAIL TO RP,LOT SC7 1300 KIPKE DR, 5:30am  2:30pm 2/19/2025,OPEN
2/19/25 14:22,ORDINANCE VIOLATION - OTHER,MICHIGAN UNION 530 S STATE ST,2/19/25 14:22,CLOSED
2/19/25 10:12,LARCENY,SHAPIRO HAROLD T AND VIVIAN B LIBRARY 919 S UNIVERSITY AVE,Over the past day,CLOSED
2/19/25 9:51,LARCENY,CANHAM DONALD B NATATORIUM 500 E HOOVER AVE,2/13/2025 2/17/2025  2/18/2025,CLOSED
2/20/25 23:57,FIRE,BURSLEY JOSEPH A & MARGUERITE K HALL 1931 DUFFIELD ST,2/20/25 23:57,CLOSED
2/20/25 22:33,FIRE,LURIE ANN AND ROBERT H BIOMEDICAL ENGINEERING BLD 1101 BEAL AVE,2/20/25 22:33,CLOSED
2/20/25 15:09,ASSAULT OR BATTERY,MARKLEY MARY BUTLER HALL 1503 WASHINGTON HTS,2/20/25 15:09,OPEN
2/20/25 10:14,ORDINANCE VIOLATION - OTHER,DUDERSTADT JAMES AND ANNE CENTER 2281 BONISTEEL BLVD,2/20/25 10:14,OPEN
2/20/25 9:31,STALKING,UNIVERSITY HOSPITAL 1500 E MEDICAL CENTER DR,2/20/25 9:31,CLOSED
2/20/25 3:06,TRESPASS,TAUBMAN A ALFRED HEALTH CARE CTR 1620 E MEDICAL CENTER DR,2/20/25 3:06,OPEN ASSISTANCE PROVIDED
2/21/25 18:26,LARCENY,NORTH CAMPUS RECREATION BUILDING 2375 HUBBARD RD, 4:20pm  5:20pm 2/21/2025,CLOSED
2/21/25 17:22,LARCENY,MUNGER GRADUATE RESIDENCES 540 THOMPSON ST,2/21/25 17:22,CLOSED
2/21/25 17:04,TRESPASS,MICHIGAN UNION 530 S STATE ST,2/21/25 17:04,ASSISTANCE PROVIDED
2/21/25 16:29,LARCENY,INTRAMURAL SPORTS BUILDING 606 E HOOVER AVE, 2:30pm  3:30pm 2/21/2025,CLOSED
2/21/25 16:15,PROPERTY DAMAGE - MDOP,MICHIGAN SQUARE 330 E LIBERTY ST,1/31/25,CLOSED
2/21/25 13:47,PROPERTY DAMAGE - MDOP,BAITS VERA II 1440 HUBBARD RD, 11:30am  1:22pm 2/21/2025,CLOSED
2/21/25 13:41,FRAUDULENT ACTIVITY,MOSHER ELIZA M HALL & JORDAN MYRA B HALL 200 S OBSERVATORY ST,2/21/25 13:41,CLOSED
2/21/25 12:42,DOMESTIC ASSAULT,BAITS VERA II 1420 HUBBARD RD,2/21/25 12:42,OPEN ASSISTANCE PROVIDED
2/21/25 9:41,FAMILY/ACQUAINT DISPUTE,UNIVERSITY HOSPITAL 1500 E MEDICAL CENTER DR,2/21/25 9:41,CLOSED
2/21/25 8:23,PROPERTY DAMAGE - MDOP,WALL STREET EAST PARKING STRUCTURE 1041 WALL ST,Unknown,ASSISTANCE PROVIDED UTL/GOA
2/21/25 6:31,LARCENY,FRANKEL SAMUEL AND JEAN CARDIOVASCULAR CENTER 1425 E ANN ST,During the night hours  2/20/2025  2/21/2025,CLOSED
2/22/25 18:51,ASSAULT OR BATTERY,1500 E MEDICAL CENTER DR,2/22/25 18:51,ASSISTANCE PROVIDED OPEN
2/22/25 15:38,DISORDERLY CONDUCT,N UNIVERSITY AVE / S STATE ST,2/22/25 15:38,CLOSED
2/22/25 13:32,TRESPASS,SHAPIRO HAROLD T AND VIVIAN B LIBRARY 919 S UNIVERSITY AVE,2/22/25 13:32,ASSISTANCE PROVIDED
2/22/25 13:01,FRAUDULENT ACTIVITY,MICHIGAN UNION 530 S STATE ST,2/22/25 13:01,CLOSED
2/23/25 19:00,HARASSMENT,CAMPUS SAFETY SERVICES BUILDING 1239 KIPKE DR,2/23/25 19:00,CLOSED
2/23/25 15:37,FRAUDULENT ACTIVITY,CAMPUS SAFETY SERVICES BUILDING 1239 KIPKE DR,2/23/25 15:37,INFORMATION ONLY
2/23/25 14:33,DRUG VIOLATION - VCSA,1500 E MEDICAL CENTER DR,2/23/25 14:33,CLOSED
2/23/25 12:51,LARCENY,CRISLER CENTER 333 E STADIUM BLVD, 7:25pm  11pm 2/23/2025,CLOSED
2/23/25 10:52,TRESPASS,CHEMISTRY & DOW WILLARD H LABORATORY 930 N UNIVERSITY AVE,2/23/25 10:52,OPEN
2/23/25 9:44,TRESPASS,CHEMISTRY & DOW WILLARD H LABORATORY 930 N UNIVERSITY AVE,2/23/25 9:44,ASSISTANCE PROVIDED
2/23/25 2:17,LARCENY,WEST QUADRANGLE 541 THOMPSON ST, 1:35am  1:37am 2/23/2025,CLOSED
2/24/25 20:53,LARCENY,NORTH CAMPUS RECREATION BUILDING 2375 HUBBARD RD, 7:09pm  8:15pm 2/24/2025,CLOSED
2/24/25 20:32,LARCENY,WEST QUADRANGLE 541 THOMPSON ST, 11am  7pm 2/24/2025,CLOSED
2/24/25 19:15,ASSAULT OR BATTERY,UNIVERSITY HOSPITAL 1500 E MEDICAL CENTER DR,2/24/25 19:15,CLOSED
2/24/25 18:28,LARCENY,UNIVERSITY HOSPITAL 1500 E MEDICAL CENTER DR,2/24/25 18:28,CLOSED
2/24/25 18:05,LARCENY,CRISLER CENTER 333 E STADIUM BLVD,9:30pm 2/22/2025,CLOSED
2/24/25 14:05,UNLAWFUL DRIVING AWAY,LOT M98 CATHERINE RD / W MEDICAL CENTER DR, 6am  2pm 2/24/2025,CLOSED
2/24/25 11:16,DRUG VIOLATION - VCSA,UNIVERSITY HOSPITAL 1500 E MEDICAL CENTER DR,2/24/25 11:16,CLOSED
2/24/25 10:07,LARCENY,MOTT CHILDRENS VON VOIGTLANDER WOMENS HOSPITALS 1540 E HOSPITAL DR, 11:15am  8pm 2/19/2025,CLOSED
2/24/25 7:58,ORDINANCE VIOLATION - OTHER,FRANKEL SAMUEL AND JEAN CARDIOVASCULAR CENTER 1425 E ANN ST,2/24/25 7:58,ASSISTANCE PROVIDED
2/25/25 18:56,FIRE,AEROSPACE ENGINEERING LAB PLASMA RESEARCH 2603 DRAPER DR,2/25/25 18:56,CLOSED
2/25/25 18:46,CRASH - FAIL TO RP,SIMPSON CIRCLE PARKING STRUCTURE 1535 E HOSPITAL DR, 6:30am  6:30pm 2/25/2025,CLOSED
2/25/25 11:16,FRAUDULENT ACTIVITY,SOUTH QUADRANGLE 600 E MADISON ST,2/25/25 11:16,CLOSED
2/25/25 11:11,LARCENY,1500 E MEDICAL CENTER DR, 11/13/2024  11/17/2024,CLOSED
2/25/25 11:07,ASSAULT OR BATTERY,DIAG 920 N UNIVERSITY AVE,2/25/25 11:07,CLOSED
2/25/25 10:22,LARCENY,UNIVERSITY HOSPITAL 1500 E MEDICAL CENTER DR, 6:55pm 2/24/2025  4am 2/25/2025,CLOSED
2/25/25 9:19,LARCENY,FRANCIS THOMAS JR PUBLIC HEALTH 1420 WASHINGTON HTS, 5:30pm  7pm 2/22/2025,OPEN INFORMATION ONLY
2/25/25 8:14,LARCENY,MED-INN 1495 SIMPSON RD,2/25/25 8:14,OPEN
2/27/25 18:24,DRUG VIOLATION - VCSA,1500 E MEDICAL CENTER DR,2/27/25 18:24,CLOSED
2/27/25 15:19,PROPERTY DAMAGE - MDOP,TAUBMAN A ALFRED HEALTH CARE CTR 1620 E MEDICAL CENTER DR, 2pm  2:30pm 2/27/2025,CLOSED
2/27/25 14:32,FIRE,ENGINEERING RESEARCH BUILDING 2 2200 BONISTEEL BLVD,2/27/25 14:32,CLOSED
2/27/25 12:20,LARCENY,MARKLEY MARY BUTLER HALL 1503 WASHINGTON HTS, 10:20am  10:40am 2/27/2025,CLOSED
2/27/25 12:17,LARCENY,LOT W39 613 S FIFTH AVE, 6pm 2/26/2025  10am 2/27/2025,CLOSED
2/27/25 11:49,CRASH - FAIL TO RP,MEDICAL CENTER DR PARKING STRUCT 1600 E MEDICAL CENTER DR, 9:45am  10:44am 2/27/2025,CLOSED
2/27/25 10:44,LARCENY,EAST QUADRANGLE 701 E UNIVERSITY AVE, 12pm 2/13/2025  5:30pm 2/23/2025,CLOSED
2/27/25 3:15,LARCENY,UNIVERSITY HOSPITAL 1500 E MEDICAL CENTER DR, 8pm 2/26/2025  2am 2/27/2025,CLOSED
2/28/25 20:31,DRUG VIOLATION - VCSA,1540 E HOSPITAL DR,2/28/25 20:31,CLOSED
2/28/25 19:35,LARCENY,INTRAMURAL SPORTS BUILDING 606 E HOOVER AVE, 5:45pm  6:45pm 2/28/2025,CLOSED
2/28/25 15:52,TRESPASS,LOT W39 613 S FIFTH AVE,2/28/25 15:52,ASSISTANCE PROVIDED
2/28/25 12:00,PROPERTY DAMAGE - MDOP,LOT NW10 2100 HUBBARD,During the morning hours of 2/28/2025,ASSISTANCE PROVIDED
2/28/25 11:28,DRUG VIOLATION - VCSA,1500 E MEDICAL CENTER DR,2/28/25 11:28,CLOSED
2/28/25 10:34,FRAUDULENT ACTIVITY,MICHIGAN STADIUM 1201 S MAIN ST,2/28/25 10:34,ASSISTANCE PROVIDED
2/28/25 9:43,PROPERTY DAMAGE - MDOP,HILL/ S FIFTH, 5pm 2/27/2025  6am 2/28/2025,CLOSED
2/28/25 8:23,ASSAULT OR BATTERY,1500 E MEDICAL CENTER DR,2/28/25 8:23,OPEN
3/1/25 18:47,LARCENY,UNIVERSITY HOSPITAL 1500 E MEDICAL CENTER DR, 6:30am  6:47pm 3/1/2025,CLOSED
3/1/25 16:36,CRIMINAL SEXUAL CONDUCT,UNIVERSITY HOSPITAL 1500 E MEDICAL CENTER DR, 9pm  10pm 9/20/2024,CLOSED
3/1/25 16:00,DRUG VIOLATION - VCSA,1500 E MEDICAL CENTER DR,3/1/25 16:00,CLOSED
3/1/25 15:41,ASSAULT OR BATTERY,1500 E MEDICAL CENTER DR,3/1/25 15:41,CLOSED
3/2/25 19:36,DRUG VIOLATION - VCSA,1500 E MEDICAL CENTER DR,3/2/25 19:36,CLOSED
3/2/25 2:36,TRESPASS,MUNGER GRADUATE RESIDENCES 540 THOMPSON ST,3/2/25 2:36,CLOSED
3/3/25 20:58,DRUG VIOLATION - VCSA,1500 E MEDICAL CENTER DR,3/3/25 20:58,CLOSED
3/3/25 16:26,LARCENY,ELECTRICAL ENGINEERING AND COMPUTER SCIENCE BLD 1301 BEAL AVE,Over the past three weeks,INFORMATION ONLY
3/3/25 16:22,LARCENY,SIMPSON CIRCLE PARKING STRUCTURE 1535 E HOSPITAL DR, 7:30am 2/29/2025  9pm 2/24/2025,OPEN
3/3/25 13:40,LARCENY,LAUNDRY 1665 DEAN RD, 2/28/2025  3/3/2025,OPEN
3/3/25 12:59,INCIDENT INVOLVING THREAT OR DEVICE,CAMPUS SAFETY SERVICES BUILDING 1239 KIPKE DR,3/3/25 12:59,CLOSED
3/3/25 7:49,CRASH - FAIL TO RP,MED CTR N ENTRANCE PARKING STRUCTURE 1300 E MEDICAL CENTER DR, 5:30am  7:49am 3/3/2025,CLOSED
3/3/25 1:44,LARCENY,MARKLEY MARY BUTLER HALL 1503 WASHINGTON HTS,Unknown,CLOSED
3/3/25 1:12,TRAFFIC STOP,GEDDES AVE / CHURCH ST,3/3/25 1:12,CLOSED
3/4/25 19:37,ASSAULT OR BATTERY,MED-INN 1495 SIMPSON RD,3/4/25 19:37,CLOSED
3/4/25 19:02,PROPERTY DAMAGE - MDOP,FLETCHER ST PARKING STRUCTURE 201 FLETCHER ST,During the day 3/4/2025,OPEN ASSISTANCE PROVIDED
3/4/25 18:12,PROPERTY DAMAGE - MDOP,THAYER ST PARKING STRUCTURE 216 S THAYER ST,During the day 3/4/2025,CLOSED
3/4/25 16:36,CRIMINAL SEXUAL CONDUCT,NORTHWOOD I 1696 CRAM CIR, 2:30am  3am 2/26/2025,CLOSED
3/4/25 16:18,PROPERTY DAMAGE - MDOP,PALMER DRIVE PARKING STRUCTURE 200 WASHTENAW AVE, 6:40am  3:30pm 3/4/2025,CLOSED
3/4/25 15:25,PROPERTY DAMAGE - MDOP,PALMER COMMONS 100 WASHTENAW AVE,During the day 3/4/2025,CLOSED
3/4/25 14:27,LARCENY,SHAPIRO HAROLD T AND VIVIAN B LIBRARY 919 S UNIVERSITY AVE, 2/26/2025  2/27/2025,CLOSED
3/4/25 13:19,PROPERTY DAMAGE - MDOP,CHURCH ST PARKING STRUCTURE 525 CHURCH ST, 5am  12:15pm 3/4/2025,CLOSED
3/4/25 10:23,LARCENY,MOTT CHILDRENS VON VOIGTLANDER WOMENS HOSPITALS 1540 E HOSPITAL DR, 3/3/2025  3/4/2025,CLOSED
3/5/25 18:03,LARCENY,SIMPSON CIRCLE PARKING STRUCTURE 1535 E HOSPITAL DR, 3/4/2025  3/5/2025,OPEN
3/5/25 17:39,DRUG VIOLATION - VCSA,TAUBMAN A ALFRED HEALTH CARE CTR 1620 E MEDICAL CENTER DR,3/5/25 17:39,OPEN
3/5/25 16:49,PROPERTY DAMAGE - MDOP,CHURCH ST PARKING STRUCTURE 525 CHURCH ST, 8am  5pm 3/4/2025,CLOSED
3/5/25 16:46,ASSAULT OR BATTERY,1500 E MEDICAL CENTER DR,3/5/25 16:46,OPEN ASSISTANCE PROVIDED
3/5/25 13:54,PROPERTY DAMAGE - MDOP,CHURCH ST PARKING STRUCTURE 525 CHURCH ST, 7:20am  2:30pm 3/4/2025,CLOSED
3/5/25 12:54,CRIMINAL SEXUAL CONDUCT,MOTT CHILDRENS VON VOIGTLANDER WOMENS HOSPITALS 1540 E HOSPITAL DR,3/5/25 12:54,OPEN
3/5/25 8:30,WEAPONS OFFENSE,1540 E HOSPITAL DR,3/5/25 8:30,CLOSED
3/5/25 8:30,PROPERTY DAMAGE - MDOP,FLETCHER ST PARKING STRUCTURE 201 FLETCHER ST, 6:45am  2:15pm 3/4/2025,CLOSED
3/5/25 8:25,PROPERTY DAMAGE - MDOP,FLETCHER ST PARKING STRUCTURE 201 FLETCHER ST, 3/3/2025  3/4/2025,OPEN ASSISTANCE PROVIDED
3/5/25 8:17,LARCENY,INSTITUTE FOR SOCIAL RESEARCH 426 THOMPSON ST,3/5/25 8:17,CLOSED
3/5/25 7:33,DRUG VIOLATION - VCSA,1500 E MEDICAL CENTER DR,3/5/25 7:33,ASSISTANCE PROVIDED
3/5/25 5:47,LARCENY,FRANKEL SAMUEL AND JEAN CARDIOVASCULAR CENTER 1425 E ANN ST,Unknown,OPEN
3/5/25 0:57,ASSAULT OR BATTERY,DUDERSTADT JAMES AND ANNE CENTER 2281 BONISTEEL BLVD,3/5/25 0:57,INFORMATION ONLY OPEN ASSISTANCE PROVIDED WITH ARREST
3/6/25 16:36,DRUG VIOLATION - VCSA,1500 E MEDICAL CENTER DR,3/6/25 16:36,CLOSED
3/6/25 15:09,PROPERTY DAMAGE - MDOP,FLETCHER ST PARKING STRUCTURE 201 FLETCHER ST, 8:30am  5pm 3/4/2025,CLOSED
3/6/25 13:26,WEAPONS OFFENSE,UNIVERSITY HOSPITAL 1500 E MEDICAL CENTER DR,3/6/25 13:26,ASSISTANCE PROVIDED
3/6/25 12:49,CRASH - FAIL TO RP,EAST ANN ARBOR HEALTH AND GERIATRICS CENTER 4260 PLYMOUTH RD,12:49pm 3/6/2025,OPEN
3/6/25 11:28,TRESPASS,PIERPONT WILBUR K COMMONS 2101 BONISTEEL BLVD,3/6/25 11:28,ASSISTANCE PROVIDED
3/6/25 10:42,ASSAULT OR BATTERY,NORTH CAMPUS RESEARCH COMPLEX BUILDING 35 2800 PLYMOUTH RD,2/28/25,ASSISTANCE PROVIDED
3/6/25 10:36,LARCENY,MICHIGAN UNION 530 S STATE ST, 3/5/2025  3/6/2025,INFORMATION ONLY
3/6/25 8:49,PROPERTY DAMAGE - MDOP,FLETCHER ST PARKING STRUCTURE 201 FLETCHER ST,During the day 3/5/2025,OPEN
3/6/25 2:49,ASSAULT OR BATTERY,1502 E MEDICAL CENTER DR,3/6/25 2:49,CLOSED
3/7/25 22:40,FIRE,S MAIN ST / ANN ARBOR SALINE RD,3/7/25 22:40,ASSISTANCE PROVIDED
3/7/25 17:07,TRESPASS,BREHM TOWER 1000 WALL ST,3/7/25 17:07,TOT OTHER DEPT HVA AMBULANCE
3/7/25 16:27,LARCENY,MED CTR N ENTRANCE PARKING STRUCTURE 1300 E MEDICAL CENTER DR,During the day 3/7/2025,OPEN
3/7/25 12:54,TRESPASS,MICHIGAN UNION 530 S STATE ST,3/7/25 12:54,VERBAL WARNING
3/7/25 10:53,LARCENY,TAUBMAN A ALFRED HEALTH CARE CTR 1620 E MEDICAL CENTER DR,Unknown,OPEN
3/7/25 10:21,PROPERTY DAMAGE - MDOP,FLETCHER ST PARKING STRUCTURE 201 FLETCHER ST, 1pm  5pm 3/4/2025,CLOSED
3/7/25 8:36,ASSAULT OR BATTERY,UNIVERSITY HOSPITAL 1500 E MEDICAL CENTER DR,3/7/25 8:36,CLOSED
3/8/25 22:21,DRUG VIOLATION - VCSA,1540 E HOSPITAL DR,3/8/25 22:21,CLOSED
3/8/25 12:39,DRUG VIOLATION - VCSA,1500 E MEDICAL CENTER DR,3/8/25 12:39,CLOSED
3/8/25 9:31,PROPERTY DAMAGE - MDOP,FLETCHER ST PARKING STRUCTURE 201 FLETCHER ST,3/4/25,OPEN
3/8/25 1:06,TRESPASS,MASON HALL 419 S STATE ST,3/8/25 1:06,ASSISTANCE PROVIDED
3/9/25 22:34,TRESPASS,1500 E MEDICAL CENTER DR,3/9/25 22:34,CLOSED
3/9/25 22:20,TRESPASS,FRANKEL SAMUEL AND JEAN CARDIOVASCULAR CENTER 1425 E ANN ST,3/9/25 22:20,CLOSED
3/9/25 19:05,LARCENY,INTRAMURAL SPORTS BUILDING 606 E HOOVER AVE, 3:15pm  5:30pm 3/9/2025,CLOSED
3/9/25 15:33,DRUG VIOLATION - VCSA,1500 E MEDICAL CENTER DR,3/9/25 15:33,CLOSED
3/10/25 22:41,LARCENY,LLOYD ALICE CROCKER HALL 100 S OBSERVATORY ST, 12am  8pm 3/10/2025,CLOSED
3/10/25 21:28,DRUG VIOLATION - VCSA,1500 E MEDICAL CENTER DR,3/10/25 21:28,CLOSED
3/10/25 17:46,LARCENY,MODERN LANGUAGES BUILDING 812 E WASHINGTON ST, 9:30am  5pm 3/10/2025,CLOSED
3/10/25 17:43,TRESPASS,1540 E HOSPITAL DR,3/10/25 17:43,OPEN
3/10/25 17:18,PROPERTY DAMAGE - MDOP,FLETCHER ST PARKING STRUCTURE 201 FLETCHER ST, 7:50am 3/4/2025  5:10pm 3/5/2025,CLOSED
3/10/25 17:15,LARCENY,CHEMISTRY & DOW WILLARD H LABORATORY 930 N UNIVERSITY AVE, 1:30pm  5:30pm 3/10/2025,CLOSED
3/10/25 15:04,LARCENY,SOUTH QUADRANGLE 600 E MADISON ST, 1:08pm  2:57pm 3/10/2025,CLOSED
3/10/25 14:35,PROPERTY DAMAGE - MDOP,FLETCHER ST PARKING STRUCTURE 201 FLETCHER ST,Sometime last week,OPEN ASSISTANCE PROVIDED
3/10/25 13:39,CRASH - FAIL TO RP,TAUBMAN A ALFRED HEALTH CARE CTR 1620 E MEDICAL CENTER DR, 6am  1pm 3/10/2025,CLOSED
3/10/25 13:26,CRASH - FAIL TO RP,LOT NC100 2800 PLYMOTH RD, 8:30am  1:25pm 3/10/2025,CLOSED
3/10/25 12:04,ORDINANCE VIOLATION - OTHER,MOTT CHILDRENS VON VOIGTLANDER WOMENS HOSPITALS 1540 E HOSPITAL DR,3/10/25 12:04,UTL/GOA
3/10/25 11:59,DRUG VIOLATION - VCSA,UNIVERSITY HOSPITAL 1500 E MEDICAL CENTER DR,3/10/25 11:59,CLOSED
3/10/25 11:44,DRUG VIOLATION - VCSA,1500 E MEDICAL CENTER DR,3/10/25 11:44,ASSISTANCE PROVIDED
3/10/25 10:34,HARASSMENT,MOTT CHILDRENS VON VOIGTLANDER WOMENS HOSPITALS 1540 E HOSPITAL DR,3/10/25 10:34,CLOSED
3/10/25 10:32,FRAUDULENT ACTIVITY,WOLVERINE TOWER 3003 S STATE ST,3/10/25 10:32,INFORMATION ONLY
3/10/25 9:48,LARCENY,TAUBMAN A ALFRED HEALTH SCIENCES LIBRARY 1135 CATHERINE ST, 7am  5pm 3/7/2025,OPEN
3/10/25 8:47,PROPERTY DAMAGE - MDOP,FLETCHER ST PARKING STRUCTURE 201 FLETCHER ST, 3/4/2025  3/9/2025,CLOSED
3/10/25 2:50,TRESPASS,ANGELL JAMES B HALL AND TISCH HALL 435 S STATE ST,3/10/25 2:50,ASSISTANCE PROVIDED
3/10/25 0:57,DOMESTIC ASSAULT,SIMPSON CIRCLE PARKING STRUCTURE 1535 E HOSPITAL DR,3/10/25 0:57,OPEN
3/11/25 23:44,ASSAULT OR BATTERY,1500 E MEDICAL CENTER DR,3/11/25 23:44,OPEN ASSISTANCE PROVIDED
3/11/25 22:44,ASSAULT OR BATTERY,1500 E MEDICAL CENTER DR,3/11/25 22:44,CLOSED
3/11/25 20:28,SEX OFFENSE OTHER - IND EXPOSE,UNIVERSITY HOSPITAL 1500 E MEDICAL CENTER DR,3/11/25 20:28,CLOSED
3/11/25 17:15,DRUG VIOLATION - VCSA,CANCER CENTER 1400 E MEDICAL CENTER DR,3/11/25 17:15,CLOSED
3/11/25 17:10,PROPERTY DAMAGE - MDOP,FLETCHER ST PARKING STRUCTURE 201 FLETCHER ST, 3/4/2025  3/6/2025,OPEN
3/11/25 14:32,HARASSMENT,MOTT CHILDRENS VON VOIGTLANDER WOMENS HOSPITALS 1540 E HOSPITAL DR,3/11/25 14:32,CLOSED
3/11/25 12:57,CRASH - FAIL TO RP,MED CTR N ENTRANCE PARKING STRUCTURE 1300 E MEDICAL CENTER DR, 9am  12:45pm 3/11/2025,CLOSED
3/11/25 6:02,UNLAWFUL DRIVING AWAY,1500 E MEDICAL CENTER DR,3/11/25 6:02,UNFOUNDED INCIDENT
3/12/25 23:51,CRIMINAL SEXUAL CONDUCT,MED-INN 1495 SIMPSON RD,3/12/25 23:51,OPEN ASSISTANCE PROVIDED
3/12/25 18:09,CRASH - FAIL TO RP,MEDICAL CENTER DR PARKING STRUCT 1600 E MEDICAL CENTER DR,2:15pm 3/12/2025,CLOSED
3/12/25 18:01,PROPERTY DAMAGE - MDOP,ART ARCHITECTURE BUILDING 2000 BONISTEEL BLVD, 11am  5pm 3/10/2025,CLOSED
3/12/25 17:36,DRUG VIOLATION - VCSA,UNIVERSITY HOSPITAL 1500 E MEDICAL CENTER DR,3/12/25 17:36,CLOSED
3/12/25 15:50,DRUG VIOLATION - VCSA,1500 E MEDICAL CENTER DR,3/12/25 15:50,CLOSED
3/12/25 15:16,ORDINANCE VIOLATION - BIKE,FRANKEL SAMUEL AND JEAN CARDIOVASCULAR CENTER 1425 E ANN ST,3/12/25 15:16,ASSISTANCE PROVIDED
3/12/25 13:04,CRASH - FAIL TO RP,MEDICAL CENTER DR PARKING STRUCT 1600 E MEDICAL CENTER DR,3/12/25 13:04,OPEN INFORMATION ONLY
3/12/25 8:27,LARCENY,TAUBMAN A ALFRED HEALTH CARE CTR 1620 E MEDICAL CENTER DR, 5:30pm 3/10/2025  6:30am 3/12/2025,CLOSED
3/12/25 6:56,TRESPASS,UNIVERSITY HOSPITAL 1500 E MEDICAL CENTER DR,3/12/25 6:56,OPEN ASSISTANCE PROVIDED
3/12/25 4:21,CRASH - FAIL TO RP,MEDICAL CENTER DR PARKING STRUCT 1600 E MEDICAL CENTER DR, 10pm 3/10/2025  6am 3/11/2025,CLOSED
3/13/25 18:09,DRUG VIOLATION - VCSA,1500 E MEDICAL CENTER DR,3/13/25 18:09,CLOSED
3/13/25 18:00,LARCENY,MOSHER ELIZA M HALL & JORDAN MYRA B HALL 200 S OBSERVATORY ST, 2:34pm  3:30pm 3/13/2025,CLOSED
3/13/25 17:01,ORDINANCE VIOLATION - SALES,MICHIGAN UNION 530 S STATE ST,3/13/25 17:01,UNFOUNDED INCIDENT
3/13/25 15:28,FRAUDULENT ACTIVITY,STUDENT ACTIVITIES 515 E JEFFERSON ST,3/13/25 15:28,ASSISTANCE PROVIDED
3/13/25 15:22,LARCENY,WEST QUADRANGLE 541 THOMPSON ST, 8am 2/13/2025  3pm 2/20/2025,CLOSED
3/13/25 15:21,LARCENY,KELLOGG W K EYE CENTER 1000 WALL ST,Unknown,CLOSED
3/13/25 14:13,LARCENY,UNIVERSITY HOSPITAL 1500 E MEDICAL CENTER DR,Unknown,ASSISTANCE PROVIDED OPEN
3/13/25 14:01,LARCENY,MOTT CHILDRENS VON VOIGTLANDER WOMENS HOSPITALS 1540 E HOSPITAL DR, 2pm  5pm 2/14/2025,CLOSED
3/13/25 13:14,LARCENY,WEST QUADRANGLE 541 THOMPSON ST, 10pm 3/10/2025  11am 3/13/2025,CLOSED
3/13/25 10:07,CRASH - HIT/RUN,TAUBMAN A ALFRED HEALTH CARE CTR 1620 E MEDICAL CENTER DR,10am 3/13/2025,OPEN INFORMATION ONLY
3/13/25 9:16,LARCENY,MOTT CHILDRENS VON VOIGTLANDER WOMENS HOSPITALS 1540 E HOSPITAL DR,Unknown,CLOSED
3/13/25 8:38,PROPERTY DAMAGE - MDOP,300 N INGALLS BUILDING 300 N INGALLS ST,Unknown,ASSISTANCE PROVIDED
3/14/25 23:19,DRUG VIOLATION - VCSA,1540 E HOSPITAL DR,3/14/25 23:19,CLOSED
3/14/25 21:51,DRUG VIOLATION - VCSA,1500 E MEDICAL CENTER DR,3/14/25 21:51,UNFOUNDED INCIDENT
3/14/25 21:17,LARCENY,COUZENS HALL 1300 E ANN ST, 1pm  9:15pm 3/14/2025,CLOSED
3/14/25 18:26,LARCENY,NORTH CAMPUS RECREATION BUILDING 2375 HUBBARD RD, 5pm  5:50pm 3/14/2025,CLOSED
3/14/25 15:51,PROPERTY DAMAGE - MDOP,MASON HALL 419 S STATE ST, 3/13/2025  3/14/2025,CLOSED
3/14/25 14:59,LARCENY,NORTH QUADRANGLE RESIDENTIAL AND ACADEMIC COMPLEX 105 S STATE ST,3:15pm 3/14/2025,CLOSED
3/14/25 12:15,LARCENY,SOUTH QUADRANGLE 600 E MADISON ST,11:44am 3/14/2025,CLOSED
3/14/25 11:08,DRUG VIOLATION - VCSA,KELLOGG W K FOUNDATION INSTITUTE 1011 N UNIVERSITY AVE,3/14/25 11:08,ASSISTANCE PROVIDED
3/14/25 2:18,TRESPASS,MICHIGAN UNION 530 S STATE ST,3/14/25 2:18,CLOSED
3/14/25 1:00,MINOR IN POSSESSION,317 MAYNARD ST 317 MAYNARD ST,3/14/25 1:00,OPEN
3/15/25 20:31,LARCENY,MICHIGAN UNION 530 S STATE ST, 6:50pm  7:20pm 3/15/2025,CLOSED
3/15/25 17:35,DRUG VIOLATION - VCSA,UNIVERSITY HOSPITAL 1500 E MEDICAL CENTER DR,3/15/25 17:35,OPEN
3/15/25 16:27,DRUG VIOLATION - VCSA,1500 E MEDICAL CENTER DR,3/15/25 16:27,CLOSED
3/15/25 16:13,LARCENY,LOT SC20 1000 S STATE ST,Within the past two weeks,INFORMATION ONLY
3/15/25 14:42,CRASH - FAIL TO RP,MEDICAL CENTER DR PARKING STRUCT 1600 E MEDICAL CENTER DR, 3/12/2025  3/13/2025,CLOSED
3/15/25 14:18,MINOR IN POSSESSION,HILL ST / LINCOLN AVE,3/15/25 14:18,OPEN
3/15/25 0:56,TRESPASS,MICHIGAN UNION 530 S STATE ST,3/15/25 0:56,UTL/GOA
3/15/25 0:27,DRUG VIOLATION - VCSA,1500 E MEDICAL CENTER DR,3/15/25 0:27,CLOSED
3/16/25 23:27,DRUG VIOLATION - VCSA,1500 E MEDICAL CENTER DR,3/16/25 23:27,CLOSED
3/16/25 19:26,LARCENY,STOCKWELL MADELON LOUISA HALL 324 S OBSERVATORY ST, 11pm 3/13/2025  3pm 3/16/2025,CLOSED
3/16/25 18:41,CRASH - FAIL TO RP,NORTH CAMPUS RESEARCH COMPLEX BUILDING 9 2800 PLYMOUTH RD, 4pm 3/15/2025  7am 3/16/2025,CLOSED
3/16/25 18:38,DRUG VIOLATION - VCSA,1500 E MEDICAL CENTER DR,3/16/25 18:38,CLOSED
3/16/25 8:48,LARCENY,WALL STREET EAST PARKING STRUCTURE 1041 WALL ST, 6:45am  8:30am 3/16/2025,ASSISTANCE PROVIDED
3/16/25 2:50,DRUG VIOLATION - VCSA,S STATE ST / MCKINLEY AVE,3/16/25 2:50,ASSISTANCE PROVIDED OPEN
3/16/25 1:46,TRESPASS,MICHIGAN UNION 530 S STATE ST,3/16/25 1:46,OPEN ASSISTANCE PROVIDED
3/16/25 1:25,DRUG VIOLATION - VCSA,1540 E HOSPITAL DR,3/16/25 1:25,CLOSED
3/17/25 20:00,LARCENY,LLOYD ALICE 100 S OBSERVATORY ST, 2am 3/16/2025  7pm 3/17/2025,CLOSED
3/17/25 17:28,LARCENY,BIOLOGICAL SCIENCE BUILDING 1105 N UNIVERSITY AVE, 9am  5:15pm 3/17/2025,CLOSED
3/17/25 16:21,PROPERTY DAMAGE - MDOP,CHURCH ST PARKING STRUCTURE 525 CHURCH ST, 3/1/2025  3/10/2025,CLOSED
3/17/25 16:07,HARASSMENT,MOSHER ELIZA M HALL & JORDAN MYRA B HALL 200 S OBSERVATORY ST,3/17/25 16:07,ASSISTANCE PROVIDED OPEN
3/17/25 15:14,PROPERTY DAMAGE - MDOP,CHURCH ST PARKING STRUCTURE 525 CHURCH ST, 5pm 3/1/2025  6am 3/7/2025,CLOSED
3/17/25 13:50,LARCENY,PIERPONT WILBUR K COMMONS 2101 BONISTEEL BLVD, 1pm  1:15pm 3/17/2025,CLOSED
3/17/25 11:28,TRESPASS,MICHIGAN UNION 530 S STATE ST,3/17/25 11:28,ASSISTANCE PROVIDED
3/17/25 5:53,DRUG VIOLATION - VCSA,1500 E MEDICAL CENTER DR,3/17/25 5:53,CLOSED
3/17/25 0:06,UNLAWFUL DRIVING AWAY,LOT SC6 1200 KIPKE DR,3:30am 3/15/2025,OPEN
3/19/25 20:02,LARCENY,778(1100) BLK N UNIVERSITY AVE, 12pm 3/17/2025  7:40pm 3/19/2025,CLOSED
3/19/25 16:57,PROPERTY DAMAGE - MDOP,NORTH QUADRANGLE RESIDENTIAL AND ACADEMIC COMPLEX 105 S STATE ST,Unknown,CLOSED
3/19/25 16:07,LARCENY,FRANKEL SAMUEL AND JEAN CARDIOVASCULAR CENTER 1425 E ANN ST, 1:20pm  4pm 3/19/2025,CLOSED
3/19/25 15:11,CRASH - FAIL TO RP,MED CTR N ENTRANCE PARKING STRUCTURE 1300 E MEDICAL CENTER DR, 4am  3pm 3/19/2025,CLOSED
3/19/25 14:41,FRAUDULENT ACTIVITY,SCHEMBECHLER GLENN E HALL 1200 S STATE ST,3/19/25 14:41,CLOSED
3/19/25 11:49,DRUG VIOLATION - VCSA,1500 E MEDICAL CENTER DR,3/19/25 11:49,CLOSED
3/19/25 8:36,LARCENY,INSTITUTE FOR SOCIAL RESEARCH 426 THOMPSON ST,3/19/25 8:36,CLOSED
3/19/25 8:35,LARCENY,INSTITUTE FOR SOCIAL RESEARCH 426 THOMPSON ST,3/19/25 8:35,CLOSED
3/19/25 8:35,LARCENY,INSTITUTE FOR SOCIAL RESEARCH 426 THOMPSON ST,3/19/25 8:35,CLOSED
3/19/25 7:13,DRUG VIOLATION - VCSA,UNIVERSITY HOSPITAL 1500 E MEDICAL CENTER DR,3/19/25 7:13,CLOSED
3/19/25 1:53,MINOR IN POSSESSION,BURSLEY JOSEPH A & MARGUERITE K HALL 1931 DUFFIELD ST,3/19/25 1:53,OPEN
3/20/25 22:08,LARCENY,MODERN LANGUAGES BUILDING 812 E WASHINGTON ST, 7:30pm  9pm 3/20/2025,CLOSED
3/20/25 21:26,DRUG VIOLATION - VCSA,1500 E MEDICAL CENTER DR,3/20/25 21:26,CLOSED
3/20/25 19:24,PROPERTY DAMAGE - MDOP,LOT NC43 2109 FULLER RD, 2pm  7pm 3/20/2025,CLOSED
3/20/25 16:39,LARCENY,MICHIGAN LEAGUE 911 N UNIVERSITY AVE, 12pm  1pm 3/2/2025,CLOSED
3/20/25 15:47,LARCENY,ROSS SCHOOL OF BUSINESS BUILDING 701 TAPPAN ST, 6pm 3/19/2025  8:30am 3/20/2025,CLOSED
3/20/25 15:21,FRAUDULENT ACTIVITY,SHARED SERVICES CENTER 1000 VICTORS WAY,3/5/25,ASSISTANCE PROVIDED OPEN
3/20/25 13:17,DRUG VIOLATION - VCSA,UNIVERSITY HOSPITAL 1500 E MEDICAL CENTER DR,3/20/25 13:17,CLOSED
3/20/25 11:47,DRUG VIOLATION - VCSA,1500 E MEDICAL CENTER DR,3/20/25 11:47,CLOSED
3/20/25 11:11,LARCENY,400 BLOCK CHURCH, 10am  5:30pm 3/19/2025,CLOSED
3/20/25 9:03,LARCENY,ANGELL JAMES B HALL AND TISCH HALL 435 S STATE ST, 12:30pm  2:30pm 3/19/2025,CLOSED
3/21/25 16:25,CRASH - FAIL TO RP,LOT M34 200 S OBSERVATORY ST,During the day 3/21/2025,INFORMATION ONLY
3/21/25 13:58,LARCENY,STOCKWELL MADELON LOUISA HALL 324 S OBSERVATORY ST,3/21/25 13:58,UNFOUNDED INCIDENT
3/21/25 13:28,LARCENY,NORTH QUADRANGLE RESIDENTIAL AND ACADEMIC COMPLEX 105 S STATE ST, 1pm 3/17/2025  1pm 3/21/2025,CLOSED
3/21/25 12:27,DRUG VIOLATION - VCSA,1500 E MEDICAL CENTER DR,3/21/25 12:27,OPEN
3/21/25 8:30,PROPERTY DAMAGE - MDOP,TAUBMAN A ALFRED HEALTH CARE CTR 1620 E MEDICAL CENTER DR,Over the past several months,CLOSED
3/21/25 0:54,MINOR IN POSSESSION,WASHTENAW AVE / WILMOT ST,3/21/25 0:54,ASSISTANCE PROVIDED VERBAL WARNING
3/22/25 22:00,ORDINANCE VIOLATION - SKATEBRD,MICHIGAN STADIUM 1201 S MAIN ST,3/22/25 22:00,VERBAL WARNING
3/22/25 21:07,FIRE,BURSLEY JOSEPH A & MARGUERITE K HALL 1931 DUFFIELD ST,3/22/25 21:07,CLOSED
3/22/25 17:05,LARCENY,INTRAMURAL SPORTS BUILDING 606 E HOOVER AVE,3/22/25 17:05,INFORMATION ONLY UNFOUNDED
3/22/25 11:02,LARCENY,COUZENS HALL 1300 E ANN ST, 12:50pm 3/21/2025  4am 3/22/2025,CLOSED
3/22/25 2:56,ASSAULT OR BATTERY,TAUBMAN A ALFRED HEALTH CARE CTR 1620 E MEDICAL CENTER DR,3/22/25 2:56,OPEN ASSISTANCE PROVIDED
3/23/25 23:34,PROPERTY DAMAGE - MDOP,OH LAUREL HARPER SEELEY HALL 627 OXFORD RD,Unknown,CLOSED
3/23/25 21:32,PROPERTY DAMAGE - MDOP,LITERATURE SCIENCE AND THE ARTS 500 S STATE ST,Unknown,CLOSED
3/23/25 19:50,LARCENY,UNIVERSITY HOSPITAL 1500 E MEDICAL CENTER DR,3/23/25 19:50,ASSISTANCE PROVIDED UNFOUNDED
3/23/25 13:07,EXTORTION,COUZENS HALL 1300 E ANN ST,3/23/25 13:07,CLOSED
3/23/25 13:01,LARCENY,1919 GREEN RD, 2pm 3/9/2025  1pm 3/23/2025,CLOSED
3/23/25 12:41,LARCENY,SOUTH QUADRANGLE 600 E MADISON ST, 6:30pm  7:15pm 3/22/2025,CLOSED
3/23/25 6:33,TRESPASS,PALMER DRIVE PARKING STRUCTURE 200 WASHTENAW AVE,3/23/25 6:33,OPEN
3/23/25 0:36,DRUG VIOLATION - VCSA,1500 E MEDICAL CENTER DR,3/23/25 0:36,ASSISTANCE PROVIDED
3/24/25 22:46,LARCENY,LOT M28 1500 WASHINGTON HEIGHTS, 6:30am  10pm 3/24/2025,CLOSED
3/24/25 20:11,DRUG VIOLATION - VCSA,1500 E MEDICAL CENTER DR,3/24/25 20:11,CLOSED
3/24/25 18:33,LARCENY,MASON HALL 419 S STATE ST, 6:15pm  6:20pm 3/24/2025,CLOSED
3/24/25 16:02,LARCENY,NORTH QUADRANGLE RESIDENTIAL AND ACADEMIC COMPLEX 105 S STATE ST,Unknown,CLOSED
3/24/25 15:46,HARASSMENT,SOUTH QUADRANGLE 600 E MADISON ST,3/24/25 15:46,INFORMATION ONLY UNFOUNDED
3/24/25 15:02,LARCENY,LOT NC26 2500 HAYWARD ST, 10:30am  2:30pm 3/24/2025,CLOSED
3/24/25 11:44,LARCENY,SHAPIRO HAROLD T AND VIVIAN B LIBRARY 919 S UNIVERSITY AVE,Sometime over the past two weeks,CLOSED
3/24/25 10:01,DRUG VIOLATION - VCSA,UNIVERSITY HOSPITAL 1500 E MEDICAL CENTER DR,3/24/25 10:01,CLOSED
3/24/25 7:01,LARCENY,MOTT CHILDRENS VON VOIGTLANDER WOMENS HOSPITALS 1540 E HOSPITAL DR,6:30am 3/24/2025,CLOSED
3/25/25 18:58,TRESPASS,LLOYD ALICE CROCKER HALL 100 S OBSERVATORY ST,3/25/25 18:58,CLOSED
3/25/25 16:40,CRASH - FAIL TO RP,BRIGHTON HEALTH CENTER 8001 CHALLIS RD,3/25/25 16:40,OPEN CANCEL REPORT UNFOUNDED
3/25/25 15:38,LARCENY,INTRAMURAL SPORTS BUILDING 606 E HOOVER AVE, 1pm  3pm 3/25/2025,OPEN
3/25/25 13:44,LARCENY,NORTH CAMPUS RECREATION BUILDING 2375 HUBBARD RD,After 2:52pm 3/24/2025,CLOSED
3/25/25 12:53,LARCENY,RANDALL HARRISON M LABORATORY 450 CHURCH ST, 8:25am  12:45pm 3/25/2025,CLOSED
3/25/25 8:16,ORDINANCE VIOLATION - BIKE,MOORE EARL V BLDG 1100 BAITS DR,3/25/25 8:16,INFORMATION ONLY
3/25/25 7:25,PROPERTY DAMAGE - MDOP,LANE HALL 204 S STATE ST,Late evening or night hours,CLOSED
3/26/25 22:35,DRUG VIOLATION - VCSA,1500 E MEDICAL CENTER DR,3/26/25 22:35,ASSISTANCE PROVIDED
3/26/25 20:49,DRUG VIOLATION - VCSA,1500 E MEDICAL CENTER DR,3/26/25 20:49,CANCEL REPORT UNFOUNDED
3/26/25 20:46,ORDINANCE VIOLATION - SKATEBRD,NORTH CAMPUS RESEARCH COMPLEX BUILDING 18 2800 PLYMOUTH RD,3/26/25 20:46,ASSISTANCE PROVIDED
3/26/25 18:48,LARCENY,UNIVERSITY HOSPITAL 1500 E MEDICAL CENTER DR,Unknown,INFORMATION ONLY
3/26/25 17:26,LARCENY,MUNGER GRADUATE RESIDENCES 540 THOMPSON ST,Over the past several weeks,CLOSED
3/26/25 16:49,DRUG VIOLATION - VCSA,UNIVERSITY HOSPITAL 1500 E MEDICAL CENTER DR,3/26/25 16:49,ASSISTANCE PROVIDED
3/26/25 15:07,LARCENY,LORCH HALL 611 TAPPAN ST, 7pm 3/25/2025  8am 3/26/2025,CLOSED
3/26/25 13:23,ASSAULT OR BATTERY,UNIVERSITY HOSPITAL 1500 E MEDICAL CENTER DR,3/26/25 13:23,OPEN
3/26/25 13:13,DRUG VIOLATION - VCSA,1500 E MEDICAL CENTER DR,3/26/25 13:13,CLOSED
3/26/25 13:11,ASSAULT OR BATTERY,UNIVERSITY HOSPITAL 1500 E MEDICAL CENTER DR,3/26/25 13:11,ASSISTANCE PROVIDED
3/26/25 12:53,LARCENY,LOT M10 1502 E MEDICAL CENTER DR, 3/22/2025  3/26/2025,CLOSED
3/26/25 8:37,PROPERTY DAMAGE - MDOP,BAITS VERA I 1220 HUBBARD RD,3/26/25 8:37,CLOSED
3/26/25 2:07,FRAUDULENT ACTIVITY,MOSHER ELIZA M HALL & JORDAN MYRA B HALL 200 S OBSERVATORY ST,3/26/25 2:07,CLOSED
3/26/25 2:03,ASSAULT OR BATTERY,TAUBMAN A ALFRED HEALTH CARE CTR 1620 E MEDICAL CENTER DR,3/26/25 2:03,CLOSED
3/27/25 20:38,ASSAULT OR BATTERY,1500 E MEDICAL CENTER DR,3/27/25 20:38,ASSISTANCE PROVIDED OPEN
3/27/25 19:29,TRESPASS,1500 E MEDICAL CENTER DR,3/27/25 19:29,ASSISTANCE PROVIDED
3/27/25 14:12,CRASH - FAIL TO RP,MED CTR N ENTRANCE PARKING STRUCTURE 1300 E MEDICAL CENTER DR, 6:45am  2:10pm 3/27/2025,CLOSED
3/27/25 13:39,FRAUDULENT ACTIVITY,MARKLEY MARY 1503 WASHINGTON HTS,3/27/25 13:39,ASSISTANCE PROVIDED
3/29/25 0:00,ASSAULT OR BATTERY - IP,SHAPIRO HAROLD T AND VIVIAN B LIBRARY 919 S UNIVERSITY AVE,3/29/25 0:00,OPEN ASSISTANCE PROVIDED
3/28/25 23:29,FRAUDULENT ACTIVITY,2002 GEDDES AVE,3/28/25 23:29,TOT OTHER DEPT
3/28/25 19:46,LARCENY,NORTH CAMPUS RECREATION BUILDING 2375 HUBBARD RD, 6:39pm  7:20pm 3/28/2025,CLOSED
3/28/25 18:02,CRASH - FAIL TO RP,GLEN AVE PARKING STRUCTURE 333 GLEN AVE,3/28/25 18:02,CANCEL REPORT
3/28/25 15:17,CRASH - FAIL TO RP,1551 MCINTYRE ST,3/28/25 15:17,CANCEL REPORT
3/28/25 11:36,CRASH - FAIL TO RP,MOTT CHILDRENS VON VOIGTLANDER WOMENS HOSPITALS 1540 E HOSPITAL DR, 6am  4pm 3/27/2025,CLOSED
3/28/25 10:13,LARCENY,SHAPIRO HAROLD T AND VIVIAN B LIBRARY 919 S UNIVERSITY AVE, 7am  9am 3/28/2025,CLOSED
3/28/25 9:24,CRASH - FAIL TO RP,SIMPSON CIRCLE PARKING STRUCTURE 1535 E HOSPITAL DR, 2:50pm 3/27/2025  12am 3/28/2025,CLOSED
3/28/25 3:44,ASSAULT OR BATTERY,TAUBMAN A ALFRED HEALTH CARE CTR 1620 E MEDICAL CENTER DR,3/28/25 3:44,CLOSED
3/29/25 8:17,DRUG VIOLATION - VCSA,MOTT CHILDRENS VON VOIGTLANDER WOMENS HOSPITALS 1540 E HOSPITAL DR,3/29/25 8:17,CLOSED
3/29/25 5:06,DRUG VIOLATION - VCSA,1500 E MEDICAL CENTER DR,3/29/25 5:06,CLOSED
3/29/25 3:56,PROPERTY DAMAGE - MDOP,SOUTH QUADRANGLE 600 E MADISON ST,1:18am 3/29/2025,CLOSED
3/30/25 20:50,LARCENY,MODERN LANGUAGES BUILDING 812 E WASHINGTON ST,Over winter break,ASSISTANCE PROVIDED
3/30/25 19:24,FIRE,KELLOGG W K EYE CENTER 1000 WALL ST,3/30/25 19:24,ASSISTANCE PROVIDED
3/30/25 16:07,LARCENY,SOUTH QUADRANGLE 600 E MADISON ST, 8:30am  3:30pm 3/30/2025,CLOSED
3/30/25 2:32,DRUG VIOLATION - VCSA,TAUBMAN A ALFRED HEALTH CARE CTR 1620 E MEDICAL CENTER DR,3/30/25 2:32,CLOSED
3/30/25 1:18,TRESPASS,MUNGER GRADUATE RESIDENCES 540 THOMPSON ST,3/30/25 1:18,OPEN
3/30/25 0:07,ASSAULT OR BATTERY,S STATE ST / E WILLIAM ST,3/30/25 0:07,OPEN
3/31/25 23:03,DRUG VIOLATION - VCSA,1500 E MEDICAL CENTER DR,3/31/25 23:03,CLOSED
3/31/25 22:04,ORDINANCE VIOLATION - OTHER,NEWBERRY HELEN H RESIDENCE 432 S STATE ST,3/31/25 22:04,CLOSED
3/31/25 16:51,DRUG VIOLATION - VCSA,1500 E MEDICAL CENTER DR,3/31/25 16:51,CLOSED
3/31/25 15:19,CRASH - FAIL TO RP,FLETCHER ST PARKING STRUCTURE 201 FLETCHER ST,3/31/25 15:19,OPEN INFORMATION ONLY
3/31/25 13:51,LARCENY,NORTH QUADRANGLE RESIDENTIAL AND ACADEMIC COMPLEX 105 S STATE ST, 12pm 3/28/2025  1:51pm 3/31/2025,CLOSED
3/31/25 13:20,LARCENY,MEDICAL SCIENCE 1301 CATHERINE ST,Over the weekend,CLOSED
3/31/25 13:13,PROPERTY DAMAGE - MDOP,BAITS VERA II 1441 HUBBARD RD,Sometime over the past two weeks,OPEN ASSISTANCE PROVIDED
3/31/25 11:32,UNLAWFUL DRIVING AWAY,SCHOOL OF KINESIOLOGY BUILDING 830 N UNIVERSITY AVE, 8:25am  11:10am 3/31/2025,CLOSED
3/31/25 10:15,DRUG VIOLATION - VCSA,1500 E MEDICAL CENTER DR,3/31/25 10:15,CLOSED
3/31/25 9:13,LARCENY,SOUTH HALL 701 S STATE ST,Over an extended period,OPEN
3/31/25 7:43,PROPERTY DAMAGE - MDOP,1100 NORTH UNIVERSITY BUILDING 1100 N UNIVERSITY AVE,Within the past two weeks,CLOSED
3/31/25 6:16,DRUG VIOLATION - VCSA,UNIVERSITY HOSPITAL 1500 E MEDICAL CENTER DR,3/31/25 6:16,CANCEL REPORT UNFOUNDED
3/31/25 3:20,TRESPASS,INTRAMURAL SPORTS BUILDING 606 E HOOVER AVE,3/31/25 3:20,ASSISTANCE PROVIDED
3/31/25 2:23,HARASSMENT,NORTH CAMPUS ADMINISTRATIVE COMPLEX 2901 HUBBARD RD,3/31/25 2:23,ASSISTANCE PROVIDED
3/31/25 0:41,DRUG VIOLATION - VCSA,1500 E MEDICAL CENTER DR,3/31/25 0:41,ASSISTANCE PROVIDED
4/1/25 18:38,ASSAULT OR BATTERY,UNIVERSITY HOSPITAL 1500 E MEDICAL CENTER DR,4/1/25 18:38,ASSISTANCE PROVIDED
4/1/25 15:13,LARCENY,LIVONIA SPECIALTY CARE 19900 HAGGERTY RD, 7:20am  3:30pm 3/31/2025,CLOSED
4/1/25 14:03,PROPERTY DAMAGE - MDOP,1100 NORTH UNIVERSITY BUILDING 1100 N UNIVERSITY AVE,Unknown,CLOSED
4/1/25 13:42,DRUG VIOLATION - VCSA,1500 E MEDICAL CENTER DR,4/1/25 13:42,CLOSED
4/1/25 13:17,DOMESTIC ASSAULT,MOORE EARL V BLDG 1100 BAITS DR,4/1/25 13:17,CLOSED
4/1/25 11:49,LARCENY,MICHIGAN UNION 530 S STATE ST, 11:40am  11:45am 4/1/2025,CLOSED
4/1/25 10:25,LARCENY,SHAPIRO HAROLD T AND VIVIAN B LIBRARY 919 S UNIVERSITY AVE, 3/24/2025  3/28/2025,CLOSED
4/1/25 10:11,LARCENY,ROSS SCHOOL OF BUSINESS BUILDING 701 TAPPAN ST, 8:25am  10:02am 4/1/2025,OPEN
4/1/25 6:02,DRUG VIOLATION - VCSA,UNIVERSITY HOSPITAL 1500 E MEDICAL CENTER DR,4/1/25 6:02,CLOSED
4/2/25 20:39,DRUG VIOLATION - VCSA,1500 E MEDICAL CENTER DR,4/2/25 20:39,CLOSED
4/2/25 18:46,CRASH - FAIL TO RP,THOMPSON ST PARKING STRUCTURE 508 THOMPSON ST,4/2/25 18:46,CLOSED
4/2/25 15:07,DRUG VIOLATION - VCSA,1500 E MEDICAL CENTER DR,4/2/25 15:07,CLOSED
4/2/25 14:15,CRASH - FAIL TO RP,TAUBMAN A ALFRED HEALTH CARE CTR 1620 E MEDICAL CENTER DR, 10:30am  12:30pm 4/2/2024,CLOSED
4/2/25 11:21,BURGLARY OF ALL TYPES - IP,STOCKWELL MADELON LOUISA HALL 324 S OBSERVATORY ST,4/2/25 11:21,OPEN
4/2/25 11:15,DRUG VIOLATION - VCSA,1500 E MEDICAL CENTER DR,4/2/25 11:15,CLOSED
4/2/25 11:03,TRESPASS,KELLOGG W K FOUNDATION INSTITUTE 1011 N UNIVERSITY AVE,4/2/25 11:03,ASSISTANCE PROVIDED
4/2/25 8:05,LARCENY,INSTITUTE FOR SOCIAL RESEARCH 426 THOMPSON ST,4/2/25 8:05,CLOSED
4/3/25 21:34,TRESPASS,1500 E MEDICAL CENTER DR,4/3/25 21:34,OPEN
4/3/25 17:11,LARCENY,CENTRAL CAMPUS CLASSROOM BUILDING 1225 GEDDES AVE, 10:20am  5:11pm 4/3/2025,CLOSED
4/3/25 13:45,LARCENY,WEST QUADRANGLE 541 THOMPSON ST, 3/29/2025  4/2/2029,CLOSED
4/3/25 13:42,PROPERTY DAMAGE - MDOP,1100 NORTH UNIVERSITY BUILDING 1100 N UNIVERSITY AVE,Unknown,CLOSED
4/3/25 12:15,ASSAULT OR BATTERY,CAMPUS SAFETY SERVICES BUILDING 1239 KIPKE DR,3/31/25,CLOSED
4/3/25 10:40,ASSAULT OR BATTERY,LLOYD ALICE 100 S OBSERVATORY ST,4/3/25 10:40,ASSISTANCE PROVIDED OPEN INFORMATION ONLY
4/3/25 1:23,PROPERTY DAMAGE - MDOP,LITERATURE SCIENCE AND THE ARTS 500 S STATE ST,Over the past month,CLOSED
4/4/25 21:57,HARASSMENT,1500 E MEDICAL CENTER DR,4/4/25 21:57,CLOSED
4/4/25 18:29,LARCENY,COUZENS HALL 1300 E ANN ST,4/4/25 18:29,CLOSED
4/4/25 14:45,LARCENY,LOT W13 400 THOMPSON ST,4/4/25 14:45,CLOSED
4/4/25 14:25,LARCENY,MOTT CHILDRENS VON VOIGTLANDER WOMENS HOSPITALS 1540 E HOSPITAL DR,Unknown,CLOSED
4/4/25 13:06,STALKING,UNIVERSITY HOSPITAL 1500 E MEDICAL CENTER DR,4/4/25 13:06,OPEN
4/4/25 13:03,FIRE,NORTH QUADRANGLE RESIDENTIAL AND ACADEMIC COMPLEX 105 S STATE ST,4/4/25 13:03,CLOSED
4/4/25 11:47,LARCENY,LOT NW1 1700 MURFIN, 9pm 4/3/2025  11:30am 4/4/2025,CLOSED
4/4/25 11:34,LARCENY,MOSHER ELIZA M HALL & JORDAN MYRA B HALL 200 S OBSERVATORY ST, 12pm 4/1/2025  11:34am 4/4/2025,CLOSED
4/4/25 0:54,PROPERTY DAMAGE - MDOP,WEST QUADRANGLE 541 THOMPSON ST,Unknown,CLOSED
4/5/25 22:54,ORDINANCE VIOLATION - ALCOHOL,SOUTH QUADRANGLE 600 E MADISON ST,4/5/25 22:54,CLOSED
4/5/25 9:41,DRUG VIOLATION - VCSA,UNIVERSITY HOSPITAL 1500 E MEDICAL CENTER DR,4/5/25 9:41,CLOSED
4/5/25 2:34,LARCENY,LLOYD ALICE 100 S OBSERVATORY ST, 12:40am  2:34am 4/5/2025,CLOSED
4/5/25 1:22,DRUG VIOLATION - VCSA,1500 E MEDICAL CENTER DR,4/5/25 1:22,OPEN
4/6/25 23:50,DRUG VIOLATION - VCSA,1500 E MEDICAL CENTER DR,4/6/25 23:50,CLOSED
4/6/25 17:34,ORDINANCE VIOLATION - OTHER,NORTHWOOD IV 1649 MCINTYRE DR,4/6/25 17:34,CLOSED
4/6/25 14:16,DRUG VIOLATION - VCSA,1540 E HOSPITAL DR,4/6/25 14:16,CLOSED
4/6/25 13:25,LARCENY,NORTH QUADRANGLE RESIDENTIAL AND ACADEMIC COMPLEX 105 S STATE ST, 12:30pm  1:15pm 4/6/2025,CLOSED
4/6/25 7:57,DRUG VIOLATION - VCSA,1500 E MEDICAL CENTER DR,4/6/25 7:57,CLOSED
4/6/25 6:09,ORDINANCE VIOLATION - FAIL ID,SOUTH QUADRANGLE 600 E MADISON ST,4/6/25 6:09,CLOSED
4/6/25 5:17,DRUG VIOLATION - VCSA,1500 E MEDICAL CENTER DR,4/6/25 5:17,OPEN ASSISTANCE PROVIDED
4/6/25 1:53,DRUG VIOLATION - VCSA,1540 E HOSPITAL DR,4/6/25 1:53,OPEN
4/7/25 21:35,LARCENY,MOTT CHILDRENS VON VOIGTLANDER WOMENS HOSPITALS 1540 E HOSPITAL DR, 9:30pm 4/5/2025  9:35pm 4/7/2025,CLOSED
4/7/25 19:22,DRUG VIOLATION - VCSA,UNIVERSITY HOSPITAL 1500 E MEDICAL CENTER DR,4/7/25 19:22,CLOSED
4/7/25 13:40,LARCENY,SOUTH QUADRANGLE 600 E MADISON ST, 7pm 4/4/2025  6:30pm 4/5/2025,CLOSED
4/7/25 13:29,CRASH - FAIL TO RP,SIMPSON CIRCLE PARKING STRUCTURE 1535 E HOSPITAL DR, 6:45am  1:24pm 4/7/2025,CLOSED
4/7/25 12:41,ASSAULT OR BATTERY,1500 E MEDICAL CENTER DR,4/7/25 12:41,CLOSED
4/7/25 7:47,PROPERTY DAMAGE - MDOP,SHAPIRO HAROLD T AND VIVIAN B LIBRARY 919 S UNIVERSITY AVE, 4/4/2025 to 4/7/2025,CLOSED
4/7/25 6:52,TRESPASS,MASON HALL 419 S STATE ST,4/7/25 6:52,CLOSED
4/7/25 6:36,TRESPASS,MASON HALL 419 S STATE ST,4/7/25 6:36,ASSISTANCE PROVIDED
4/8/25 21:08,LARCENY,DIAG 920 N UNIVERSITY AVE,During the day 4/5/2025,OPEN
4/8/25 19:18,CRASH - FAIL TO RP,WALL STREET EAST PARKING STRUCTURE 1041 WALL ST, 9:30am  6:45am 4/8/2025,CLOSED
4/8/25 18:49,LARCENY,TAUBMAN A ALFRED HEALTH SCIENCES LIBRARY 1135 CATHERINE ST, 8am  6:49pm 4/8/2025,CLOSED
4/8/25 17:18,ORDINANCE VIOLATION - OTHER,NORTHWOOD IV 1649 MCINTYRE DR,4/8/25 17:18,CLOSED
4/8/25 16:55,LARCENY,BIOLOGICAL SCIENCE BUILDING 1105 N UNIVERSITY AVE, 2pm  4:50pm 4/8/2025,CLOSED
4/8/25 15:40,PROPERTY DAMAGE - MDOP,1100 NORTH UNIVERSITY BUILDING 1100 N UNIVERSITY AVE,Unknown,CLOSED
4/8/25 14:26,LARCENY,MARKLEY MARY 1503 WASHINGTON HTS,Since September 2024,CLOSED
4/8/25 12:04,LARCENY,LLOYD ALICE 100 S OBSERVATORY ST,4/8/25 12:04,UNFOUNDED INCIDENT
4/8/25 11:36,CRASH - FAIL TO RP,E WASHINGTON ST / FLETCHER ST,4/8/25 11:36,OPEN
4/8/25 10:45,LARCENY,SHAPIRO HAROLD T AND VIVIAN B LIBRARY 919 S UNIVERSITY AVE, 3/31/2025 to 4/4/2025,CLOSED
4/8/25 10:22,ORDINANCE VIOLATION - OTHER,CHEMISTRY & DOW WILLARD H LABORATORY 930 N UNIVERSITY AVE,4/8/25 10:22,UTL/GOA
4/8/25 9:35,LARCENY,UH ADULT EMERGENCY SERVICES 1500 E MEDICAL CENTER DR, 4/7/2025 to 4/8/2025,CLOSED
4/8/25 7:04,DRUG VIOLATION - VCSA,UNIVERSITY HOSPITAL 1500 E MEDICAL CENTER DR,4/8/25 7:04,CLOSED
4/8/25 4:59,TRESPASS,TAUBMAN A ALFRED HEALTH CARE CTR 1620 E MEDICAL CENTER DR,4/8/25 4:59,ASSISTANCE PROVIDED
4/9/25 19:59,CRIMINAL SEXUAL CONDUCT,CAMPUS SAFETY SERVICES BUILDING 1239 KIPKE DR,4/9/25 19:59,ASSISTANCE PROVIDED
4/9/25 19:39,PROPERTY DAMAGE - MDOP,LOT NC53 2600 HAYWARD ST,Unknown,ASSISTANCE PROVIDED OPEN
4/9/25 18:28,LARCENY,1500 E MEDICAL CENTER DR, 4:30am  11am 4/9/2025,OPEN
4/9/25 18:16,DRUG VIOLATION - VCSA,1500 E MEDICAL CENTER DR,4/9/25 18:16,OPEN ASSISTANCE PROVIDED
4/9/25 10:58,LARCENY,MOSHER ELIZA M HALL & JORDAN MYRA B HALL 200 S OBSERVATORY ST, 8am  12am 4/7/2025,CLOSED
4/9/25 8:22,LARCENY,INSTITUTE FOR SOCIAL RESEARCH 426 THOMPSON ST,4/9/25 8:22,CLOSED
4/10/25 19:31,LARCENY,COUZENS HALL 1300 E ANN ST,7:20pm 4/10/2025,CLOSED
4/10/25 15:28,ASSAULT OR BATTERY,NORTH QUADRANGLE RESIDENTIAL AND ACADEMIC COMPLEX 105 S STATE ST,4/10/25 15:28,OPEN ASSISTANCE PROVIDED
4/10/25 11:04,CRASH - FAIL TO RP,THOMPSON ST PARKING STRUCTURE 508 THOMPSON ST, 7:45am  11am 4/10/2025,CLOSED
4/10/25 6:24,UNLAWFUL DRIVING AWAY,UNIVERSITY HOSPITAL 1500 E MEDICAL CENTER DR,4/10/25 6:24,OPEN ASSISTANCE PROVIDED
4/11/25 21:25,TRESPASS,MOSHER ELIZA M HALL & JORDAN MYRA B HALL 200 S OBSERVATORY ST,4/11/25 21:25,UTL/GOA
4/11/25 19:17,DRUG VIOLATION - VCSA,MOTT CHILDRENS VON VOIGTLANDER WOMENS HOSPITALS 1540 E HOSPITAL DR,4/11/25 19:17,CLOSED
4/11/25 17:09,ASSAULT OR BATTERY,1540 E HOSPITAL DR,4/11/25 17:09,CLOSED
4/11/25 16:48,LARCENY,MOTT CHILDRENS VON VOIGTLANDER WOMENS HOSPITALS 1540 E HOSPITAL DR, 11am  12pm 4/11/2025,OPEN
4/11/25 16:37,LARCENY,MODERN LANGUAGES BUILDING 812 E WASHINGTON ST, 2:50pm  3:15pm 4/11/2025,CLOSED
4/11/25 14:21,LARCENY,SHAPIRO HAROLD T AND VIVIAN B LIBRARY 919 S UNIVERSITY AVE, 10:30am  1pm 4/11/2025,CLOSED
4/11/25 10:00,TRESPASS,BRIGHTON CENTER FOR SPECIALTY CARE 7500 CHALLIS RD,4/11/25 10:00,CLOSED
4/11/25 8:31,PROPERTY DAMAGE - MDOP,ANGELL JAMES B HALL AND TISCH HALL 435 S STATE ST,Unknown,CLOSED
4/12/25 23:23,PROPERTY DAMAGE - MDOP,SOUTH QUADRANGLE 600 E MADISON ST,4/12/25 23:23,CLOSED
4/12/25 21:36,TRESPASS,INTRAMURAL SPORTS BUILDING 606 E HOOVER AVE,4/12/25 21:36,VERBAL WARNING
4/12/25 18:28,SUSPICIOUS INCIDENT OR PERSON,BAITS VERA II 1430 HUBBARD RD,4/12/25 18:28,OPEN
4/12/25 15:02,DRUG VIOLATION - VCSA,1500 E MEDICAL CENTER DR,4/12/25 15:02,CLOSED
4/12/25 13:13,LARCENY,SCHOOL OF SOCIAL WORK BUILDING 1080 S UNIVERSITY AVE, 9am  12pm 4/12/2025,CLOSED
4/12/25 9:28,LARCENY,MOSHER ELIZA M HALL & JORDAN MYRA B HALL 200 S OBSERVATORY ST,Unknown,CLOSED
4/12/25 1:43,TRESPASS,MICHIGAN UNION 530 S STATE ST,4/12/25 1:43,READ TRESPASS
4/12/25 0:20,FIRE,LOT M71 1100 FULLER RD,4/12/25 0:20,OPEN
4/13/25 22:45,PROPERTY DAMAGE - MDOP,MASON HALL 419 S STATE ST,Unknown,OPEN ASSISTANCE PROVIDED
4/13/25 22:05,PROPERTY DAMAGE - MDOP,ANGELL JAMES B HALL AND TISCH HALL 435 S STATE ST,Unknown,CLOSED
4/13/25 20:28,DRUG VIOLATION - VCSA,1500 E MEDICAL CENTER DR,4/13/25 20:28,CLOSED
4/13/25 15:46,PROPERTY DAMAGE - MDOP,LOT SC20 1000 S STATE ST, 1:30pm  3:30pm 4/13/2025,CLOSED
4/13/25 15:35,LARCENY,MICHIGAN UNION 530 S STATE ST, 2pm  3pm 4/13/2025,CLOSED
4/13/25 15:08,ORDINANCE VIOLATION - SKATEBRD,COOK MARTHA BUILDING 906 S UNIVERSITY AVE,4/13/25 15:08,VERBAL WARNING
4/13/25 14:58,ASSAULT OR BATTERY,1500 E MEDICAL CENTER DR,4/13/25 14:58,CLOSED
4/13/25 13:41,TRESPASS,MOSHER ELIZA M HALL & JORDAN MYRA B HALL 200 S OBSERVATORY ST,4/13/25 13:41,CLOSED
4/13/25 9:42,ASSAULT OR BATTERY,1500 E MEDICAL CENTER DR,4/13/25 9:42,CLOSED
4/14/25 23:02,LARCENY,RACKHAM HORACE H SCHOOL OF GRADUATE STUDIES 915 E WASHINGTON ST, 7:50pm  8:20pm 4/14/2025,CLOSED
4/14/25 21:51,DRUG VIOLATION - VCSA,1500 E MEDICAL CENTER DR,4/14/25 21:51,CLOSED
4/14/25 17:41,CRIMINAL SEXUAL CONDUCT,MOTT CHILDRENS VON VOIGTLANDER WOMENS HOSPITALS 1540 E HOSPITAL DR,4/14/25 17:41,CLOSED
4/14/25 14:14,LARCENY,SCHOOL OF DENISTRY BUILDING 1011 NORTH UNIVERSITY AVE, 11:30am  2pm 4/14/2025,CLOSED
4/14/25 13:39,CRASH - FAIL TO RP,LOT NC91 2800 PLYMOUTH RD, 2pm  10pm 4/11/2025,CLOSED
4/14/25 10:52,LARCENY,EDUCATION SCHOOL OF 610 E UNIVERSITY AVE,Unknown,INFORMATION ONLY
4/14/25 10:10,DOMESTIC ASSAULT,MOTT CHILDRENS VON VOIGTLANDER WOMENS HOSPITALS 1540 E HOSPITAL DR,4/14/25 10:10,OPEN WITH ARREST
4/14/25 2:21,FIRE,MITCHELL FIELD BUILDING 1900 FULLER RD,4/14/25 2:21,CLOSED
4/15/25 23:28,DRUG VIOLATION - VCSA,1500 E MEDICAL CENTER DR,4/15/25 23:28,CLOSED
4/15/25 21:03,DRUG VIOLATION - VCSA,1500 E MEDICAL CENTER DR,4/15/25 21:03,CLOSED
4/15/25 19:52,LARCENY,ART ARCHITECTURE BUILDING 2000 BONISTEEL BLVD, 7pm  7:05pm 4/15/2025,CLOSED
4/15/25 19:51,DRUG VIOLATION - VCSA,1500 E MEDICAL CENTER DR,4/15/25 19:51,CLOSED
4/15/25 15:00,PROPERTY DAMAGE - MDOP,1100 NORTH UNIVERSITY BUILDING 1100 N UNIVERSITY AVE,Unknown,OPEN
4/15/25 12:52,LARCENY,MOSHER ELIZA M HALL & JORDAN MYRA B HALL 200 S OBSERVATORY ST,11:12pm 4/13/2025,OPEN
4/15/25 11:33,LARCENY,SHAPIRO HAROLD T AND VIVIAN B LIBRARY 919 S UNIVERSITY AVE, 4/7/2025  4/11/2025,CLOSED
4/15/25 0:15,DRUG VIOLATION - VCSA,1500 E MEDICAL CENTER DR,4/15/25 0:15,OPEN ASSISTANCE PROVIDED
4/16/25 20:54,SUSPICIOUS INCIDENT OR PERSON,ROSS SCHOOL OF BUSINESS BUILDING 701 TAPPAN ST,4/16/25 20:54,CLOSED
4/16/25 20:20,ASSAULT OR BATTERY,1500 E MEDICAL CENTER DR,4/16/25 20:20,CLOSED
4/16/25 17:08,LARCENY,FRANKEL SAMUEL AND JEAN CARDIOVASCULAR CENTER 1425 E ANN ST, 6:45am  3:09pm 4/15/2025,CLOSED
4/16/25 16:49,CRASH - FAIL TO RP,LOT W32 300 HILL ST,4/16/25 16:49,OPEN
4/16/25 13:35,LARCENY,SOUTH HALL 701 S STATE ST, 3/25/2025  4/3/2025,CLOSED
4/16/25 13:30,RETAIL FRAUD ALL DEGREES,SHAPIRO HAROLD T AND VIVIAN B LIBRARY 919 S UNIVERSITY AVE,4/16/25 13:30,OPEN
4/16/25 10:12,CRASH - FAIL TO RP,CARDIOVASCULAR CENTER PARKING STRUCTURE 1421 E ANN ST,4/16/25 10:12,UTL/GOA
4/16/25 1:30,TRESPASS,SHAPIRO HAROLD T AND VIVIAN B LIBRARY 919 S UNIVERSITY AVE,4/16/25 1:30,OPEN ASSISTANCE PROVIDED
4/17/25 22:46,DRUG VIOLATION - VCSA,CAMPUS SAFETY SERVICES BUILDING 1239 KIPKE DR,4/17/25 22:46,CLOSED
4/17/25 19:37,LARCENY,NORTH CAMPUS RECREATION BUILDING 2375 HUBBARD RD, 6pm  7pm 4/17/2025,CLOSED
4/17/25 16:57,CRASH - FAIL TO RP,SCHEMBECHLER GLENN E HALL 1200 S STATE ST, 1pm  4:57pm 4/17/2025,OPEN
4/17/25 15:46,DRUG VIOLATION - VCSA,1500 E MEDICAL CENTER DR,4/17/25 15:46,CLOSED
4/17/25 15:35,LARCENY,UNIVERSITY HOSPITAL SOUTH UNIT 1 1521 E SIMPSON RD, 12pm 4/9/2025  8am 4/16/2025,CLOSED
4/17/25 14:38,CRASH - FAIL TO RP,E UNIVERSITY AVE / HILL ST, 11am 4/16/2025  3:30pm 4/17/2025,CLOSED
4/17/25 13:27,LARCENY,HATCHER H NORTH GRADUATE LIBRARY 913 S UNIVERSITY AVE,1pm 4/17/2025,CLOSED
4/17/25 13:15,CRASH - FAIL TO RP,SIMPSON CIRCLE PARKING STRUCTURE 1535 E HOSPITAL DR,Within the past four days,ASSISTANCE PROVIDED
4/17/25 13:10,CRASH - FAIL TO RP,SIMPSON CIRCLE PARKING STRUCTURE 1535 E HOSPITAL DR,4/17/25 13:10,CANCELED
4/17/25 10:13,LARCENY,SHAPIRO HAROLD T AND VIVIAN B LIBRARY 919 S UNIVERSITY AVE, 6pm  10pm 4/16/2025,OPEN
4/17/25 9:17,LARCENY,WEST QUADRANGLE 541 THOMPSON ST, 9pm  11pm 4/16/2025,CLOSED
4/17/25 8:59,CRASH - FAIL TO RP,LOT NC32 1320 HUBBARD RD, 9:30am  3pm 4/16/2025,CLOSED
4/17/25 2:50,DRUG VIOLATION - VCSA,LOT M10 1502 E MEDICAL CENTER DR,4/17/25 2:50,CLOSED
4/18/25 13:57,DRUG VIOLATION - VCSA,1500 E MEDICAL CENTER DR,4/18/25 13:57,CANCEL REPORT
4/18/25 13:09,LARCENY,MATTHAEI BOT GDNS EXHIB GRN HSE 1800 DIXBORO RD, 8am 4/17/2025  8am 4/18/2025,CLOSED
4/18/25 12:04,CRASH - HIT/RUN,MOTT CHILDRENS VON VOIGTLANDER WOMENS HOSPITALS 1540 E HOSPITAL DR,4/18/25 12:04,ASSISTANCE PROVIDED OPEN
4/18/25 11:35,PROPERTY DAMAGE - MDOP,UNDERGRADUATE SCIENCE BUILDING 204 WASHTENAW AVE,Within the past 24 hours,CLOSED
4/18/25 7:30,FRAUDULENT ACTIVITY,FRANKEL SAMUEL AND JEAN CARDIOVASCULAR CENTER 1425 E ANN ST,4/18/25 7:30,ASSISTANCE PROVIDED
4/19/25 20:57,LARCENY,SOUTH QUADRANGLE 600 E MADISON ST,8:30pm 4/19/2025,OPEN ASSISTANCE PROVIDED
4/19/25 20:49,LARCENY,DUDERSTADT JAMES AND ANNE CENTER 2281 BONISTEEL BLVD, 3am  4am 4/19/2025,ASSISTANCE PROVIDED
4/19/25 18:59,HARASSMENT,SOUTH QUADRANGLE 600 E MADISON ST,4/19/25 18:59,CLOSED
4/19/25 16:56,DRUG VIOLATION - VCSA,1500 E MEDICAL CENTER DR,4/19/25 16:56,CANCEL REPORT
4/19/25 11:10,LARCENY,MASON HALL 419 S STATE ST,4/17/25,CLOSED
4/19/25 7:00,ASSAULT OR BATTERY,UNIVERSITY HOSPITAL 1500 E MEDICAL CENTER DR,4/19/25 7:00,CLOSED
4/19/25 3:35,DRUG VIOLATION - VCSA,TAUBMAN A ALFRED HEALTH CARE CTR 1620 E MEDICAL CENTER DR,4/19/25 3:35,CLOSED
4/19/25 2:33,ASSAULT OR BATTERY,TAUBMAN A ALFRED HEALTH CARE CTR 1620 E MEDICAL CENTER DR,4/19/25 2:33,OPEN ASSISTANCE PROVIDED
4/19/25 1:17,LARCENY,E HOOVER AVE / SYBIL ST, 11pm 4/18/2025  1:17am 4/19/2025,OPEN ASSISTANCE PROVIDED
4/20/25 21:39,TRESPASS,SHAPIRO HAROLD T AND VIVIAN B LIBRARY 919 S UNIVERSITY AVE,4/20/25 21:39,OPEN
4/20/25 19:09,PROPERTY DAMAGE - MDOP,LITERATURE SCIENCE AND THE ARTS 500 S STATE ST,Unknown,CLOSED
4/20/25 18:14,DRUG VIOLATION - VCSA,1500 E MEDICAL CENTER DR,4/20/25 18:14,OPEN ASSISTANCE PROVIDED
4/20/25 17:12,SEX OFFENSE OTHER - IND EXPOSE,MEDICAL CENTER DR PARKING STRUCT 1600 E MEDICAL CENTER DR,4/20/25 17:12,OPEN ASSISTANCE PROVIDED
4/20/25 15:56,HATE OR BIAS INCIDENT,WEST QUADRANGLE 541 THOMPSON ST,4/20/25 15:56,CLOSED
4/20/25 12:19,DRUG VIOLATION - VCSA,1500 E MEDICAL CENTER DR,4/20/25 12:19,OPEN ASSISTANCE PROVIDED
4/20/25 10:50,LARCENY,MOSHER ELIZA M HALL & JORDAN MYRA B HALL 200 S OBSERVATORY ST, 9:30am  10am 4/20/2025,CLOSED
4/20/25 10:10,DRUG VIOLATION - VCSA,1500 E MEDICAL CENTER DR,4/20/25 10:10,CLOSED
4/20/25 10:08,ORDINANCE VIOLATION - OTHER,NORTHWOOD IV 1850 MCINTYRE DR,4/20/25 10:08,OPEN ASSISTANCE PROVIDED
4/20/25 9:25,DRUG VIOLATION - VCSA,1500 E MEDICAL CENTER DR,4/20/25 9:25,ASSISTANCE PROVIDED
4/20/25 7:41,CRASH - FAIL TO RP,SIMPSON CIRCLE PARKING STRUCTURE 1535 E HOSPITAL DR,7:15am 4/20/2025,CLOSED
4/20/25 1:34,CRIMINAL SEXUAL CONDUCT,WEST QUADRANGLE 541 THOMPSON ST,4/20/25 1:34,CLOSED
4/21/25 13:55,LARCENY - IP,SHAPIRO HAROLD T AND VIVIAN B LIBRARY 919 S UNIVERSITY AVE,4/21/25 13:55,INFORMATION ONLY OPEN
4/21/25 13:19,PROPERTY DAMAGE - MDOP,CRISLER CENTER 333 E STADIUM BLVD,4/19/25,OPEN
4/21/25 12:56,FRAUDULENT ACTIVITY,CAMPUS SAFETY SERVICES BUILDING 1239 KIPKE DR,4/21/25 12:56,INFORMATION ONLY
4/21/25 12:53,CRASH - FAIL TO RP,KELLOGG W K EYE CENTER 1000 WALL ST, 9:15am  12:20pm 4/21/2025,CLOSED
4/21/25 10:56,FRAUDULENT ACTIVITY,BAITS VERA II 1440 HUBBARD RD,4/21/25 10:56,CLOSED
4/21/25 9:37,LARCENY,LOT SC34 2500 S STATE ST, 4pm  6pm 4/19/2025,CLOSED
4/21/25 1:06,SUSPICIOUS INCIDENT OR PERSON,TAUBMAN A ALFRED HEALTH CARE CTR 1620 E MEDICAL CENTER DR,4/21/25 1:06,OPEN ASSISTANCE PROVIDED
4/22/25 20:40,ORDINANCE VIOLATION - SKATEBRD,INDUSTRIAL AND OPERATIONS ENGINEERING BUILDING 1205 BEAL AVE,4/22/25 20:40,UTL/GOA
4/22/25 18:35,CRASH - FAIL TO RP,NORTH CAMPUS RECREATION BUILDING 2375 HUBBARD RD, 5:20pm  6:30pm 4/22/2025,CLOSED
4/22/25 18:10,DOMESTIC ASSAULT - IP,BROWN GEORGE GRANGER MEMORIAL LABORATORIES 2350 HAYWARD ST,4/22/25 18:10,OPEN
4/22/25 17:39,DRUG VIOLATION - VCSA,1500 E MEDICAL CENTER DR,4/22/25 17:39,CLOSED
4/22/25 16:44,LARCENY,BURSLEY JOSEPH A & MARGUERITE K HALL 1931 DUFFIELD ST, 12am  4:44pm 4/22/2025,CLOSED
4/22/25 15:54,PROPERTY DAMAGE - MDOP,NICHOLS ARBORETUM NICHOLS ARBORETUM,Unknown,CLOSED
4/22/25 14:12,LARCENY,CAMPUS SAFETY SERVICES BUILDING 1239 KIPKE DR,4/15/25,TOT OTHER DEPT
4/22/25 11:50,DRUG VIOLATION - VCSA,1500 E MEDICAL CENTER DR,4/22/25 11:50,OPEN
4/22/25 11:24,CRASH - FAIL TO RP,MEDICAL CENTER DR PARKING STRUCT 1600 E MEDICAL CENTER DR, 10am  11:20am 4/22/2025,CLOSED
4/22/25 10:28,HARASSMENT,UNIVERSITY HOSPITAL 1500 E MEDICAL CENTER DR,4/22/25 10:28,CLOSED
4/22/25 10:06,DRUG VIOLATION - VCSA,1500 E MEDICAL CENTER DR,4/22/25 10:06,CLOSED
4/22/25 9:47,LARCENY,SHAPIRO HAROLD T AND VIVIAN B LIBRARY 919 S UNIVERSITY AVE, 4/13/2025  4/19/2025,CLOSED
4/22/25 8:21,SEX OFFENSE OTHER - IND EXPOSE,1500 E MEDICAL CENTER DR,4/22/25 8:21,OPEN ASSISTANCE PROVIDED
4/22/25 0:21,TRESPASS,NORTH QUADRANGLE RESIDENTIAL AND ACADEMIC COMPLEX 105 S STATE ST,4/22/25 0:21,OPEN ASSISTANCE PROVIDED
4/23/25 22:57,OBSTRUCTING POLICE,NICHOLS ARBORETUM NICHOLS ARBORETUM,4/23/25 22:57,CLOSED
4/23/25 21:46,FRAUDULENT ACTIVITY,BAITS VERA II 1440 HUBBARD RD,4/23/25 21:46,CLOSED
4/23/25 16:31,PROPERTY DAMAGE - MDOP,HUTCHINS HALL 625 S STATE ST, 8pm 4/22/2025  11am 4/23/2025,CLOSED
4/23/25 15:26,LARCENY,TAUBMAN A ALFRED HEALTH CARE CTR 1620 E MEDICAL CENTER DR,Minutes before DPSS was contacted,CLOSED
4/23/25 15:16,ORDINANCE VIOLATION - OTHER,DIAG 920 N UNIVERSITY AVE,4/23/25 15:16,ASSISTANCE PROVIDED
4/23/25 14:55,LARCENY,LIVONIA SPECIALTY CARE 19900 HAGGERTY RD, 7am  3:30pm 3/27/2025,CLOSED
4/23/25 14:24,PROPERTY DAMAGE - MDOP,MEDICAL CENTER DR PARKING STRUCT 1600 E MEDICAL CENTER DR, 1:15pm  1:25pm 4/22/2025,CLOSED
4/23/25 13:42,ORDINANCE VIOLATION - OTHER,DIAG 920 N UNIVERSITY AVE,4/23/25 13:42,ASSISTANCE PROVIDED
4/23/25 13:08,DOMESTIC ASSAULT,TAUBMAN A ALFRED HEALTH CARE CTR 1620 E MEDICAL CENTER DR,4/23/25 13:08,OPEN
4/23/25 13:00,UNLAWFUL DRIVING AWAY,SOUTH QUADRANGLE 600 E MADISON ST, 4/19/2025  4/21/2025,CLOSED
4/23/25 12:06,ORDINANCE VIOLATION - SKATEBRD,DIAG 920 N UNIVERSITY AVE,4/23/25 12:06,ASSISTANCE PROVIDED
4/23/25 6:20,TRESPASS,SHAPIRO HAROLD T AND VIVIAN B LIBRARY 919 S UNIVERSITY AVE,4/23/25 6:20,ASSISTANCE PROVIDED
4/23/25 3:31,LARCENY,SOUTH QUADRANGLE 600 E MADISON ST, 5pm 4/22/2025  3:31pm 4/23/2025,CLOSED
4/23/25 0:54,DRUG VIOLATION - VCSA,LLOYD ALICE CROCKER HALL 100 S OBSERVATORY ST,4/23/25 0:54,OPEN
4/24/25 21:25,DRUG VIOLATION - VCSA,UNIVERSITY HOSPITAL 1500 E MEDICAL CENTER DR,4/24/25 21:25,CLOSED
4/24/25 16:31,TRESPASS,SOUTH QUADRANGLE 600 E MADISON ST,4/24/25 16:31,READ TRESPASS OPEN
4/24/25 15:42,FIRE,MITCHELL FIELD BUILDING 1900 FULLER RD,4/24/25 15:42,CLOSED
4/24/25 15:05,HARASSMENT,TAUBMAN A ALFRED HEALTH CARE CTR 1620 E MEDICAL CENTER DR,4/24/25 15:05,INFORMATION ONLY
4/24/25 14:03,LARCENY,ROSS SCHOOL OF BUSINESS BUILDING 701 TAPPAN ST, 2:30pm  7:30pm 4/23/2025,CLOSED
4/24/25 12:24,CRASH - FAIL TO RP,NORTHWOOD V 2118 STONE RD,2:24pm 4/22/2025,CLOSED
4/24/25 11:44,LARCENY,MOTT CHILDRENS VON VOIGTLANDER WOMENS HOSPITALS 1540 E HOSPITAL DR, 7:30am  9:30am 4/24/2025,CLOSED
4/24/25 7:55,CRASH - FAIL TO RP,LOT SC7 1300 KIPKE DR, 7:30am  4pm 4/23/2025,OPEN
4/24/25 7:49,LARCENY,1032 GREENE BUILDING 1032 GREENE ST,Over the past two weeks,OPEN
4/25/25 21:38,ASSAULT OR BATTERY,1500 E MEDICAL CENTER DR,4/25/25 21:38,OPEN ASSISTANCE PROVIDED
4/25/25 21:26,DRUG VIOLATION - VCSA,1500 E MEDICAL CENTER DR,4/25/25 21:26,CLOSED
4/25/25 19:31,TRESPASS,MOSHER ELIZA M HALL & JORDAN MYRA B HALL 200 S OBSERVATORY ST,4/25/25 19:31,OPEN
4/25/25 18:30,LARCENY,INTRAMURAL SPORTS BUILDING 606 E HOOVER AVE, 3:30pm  5pm 4/25/2025,OPEN
4/25/25 17:58,ORDINANCE VIOLATION - SKATEBRD,RACKHAM HORACE H SCHOOL OF GRADUATE STUDIES 915 E WASHINGTON ST,4/25/25 17:58,VERBAL WARNING
4/25/25 17:53,DRUG VIOLATION - VCSA,1500 E MEDICAL CENTER DR,4/25/25 17:53,CLOSED
4/25/25 16:32,FRAUDULENT ACTIVITY,UNIVERSITY OF MICHIGAN 1239 KIPKE DRIVE,4/25/25 16:32,CLOSED
4/25/25 14:30,LARCENY,1300 S STATE ST,4/25/25 14:30,INFORMATION ONLY
4/25/25 14:25,FRAUDULENT ACTIVITY,FORD MOTOR COMPANY ROBOTICS BUILDING 2505 HAYWARD ST,4/25/25 14:25,CLOSED
4/25/25 11:55,LARCENY,UNIVERSITY HOSPITAL SOUTH 1521 E SIMPSON RD, 8:30am 4/24/2025  11:55am 4/25/2025,CLOSED
4/25/25 10:18,CRASH - FAIL TO RP,E MADISON ST / THOMPSON ST, 10pm 4/24/2025  8am 4/25/2025,INFORMATION ONLY
4/26/25 17:47,DRUG VIOLATION - VCSA,1500 E MEDICAL CENTER DR,4/26/25 17:47,CLOSED
4/26/25 17:35,LARCENY,MICHIGAN UNION 530 S STATE ST, 2:30pm 4/25/2025  5:30pm 4/26/2025,CLOSED
4/26/25 15:29,DRUG VIOLATION - VCSA,1500 E MEDICAL CENTER DR,4/26/25 15:29,OPEN
4/26/25 3:07,DRUG VIOLATION - VCSA,1540 E HOSPITAL DR,4/26/25 3:07,CLOSED
4/26/25 2:41,TRESPASS,MICHIGAN STADIUM 1201 S MAIN ST,4/26/25 2:41,OPEN VERBAL WARNING
4/27/25 22:35,ASSAULT OR BATTERY,1500 E MEDICAL CENTER DR,4/27/25 22:35,OPEN
4/27/25 21:05,TRESPASS,TAUBMAN A ALFRED HEALTH CARE CTR 1620 E MEDICAL CENTER DR,4/27/25 21:05,INFORMATION ONLY
4/27/25 20:44,LARCENY,ALUMNI MEMORIAL HALL 525 S STATE ST, 7pm  7:30pm 4/27/2025,CLOSED
4/27/25 20:06,TRESPASS,TAUBMAN A ALFRED HEALTH CARE CTR 1620 E MEDICAL CENTER DR,4/27/25 20:06,CANCEL REPORT UTL
4/27/25 18:07,LARCENY,SOUTH QUADRANGLE 600 E MADISON ST, 3am  4pm 4/27/2025,CLOSED
4/27/25 12:17,DRUG VIOLATION - VCSA,1500 E MEDICAL CENTER DR,4/27/25 12:17,OPEN
4/27/25 7:07,ASSAULT OR BATTERY,TAUBMAN A ALFRED HEALTH CARE CTR 1620 E MEDICAL CENTER DR,4/27/25 7:07,OPEN
4/27/25 2:51,LARCENY,LOT W13 400 THOMPSON ST, 8:30pm 4/26/2025  2:30am 4/27/2025,CLOSED
4/27/25 2:22,LARCENY,WEST QUADRANGLE 541 THOMPSON ST, 1am 4/25/2025  2:22am 4/27/2025,INFORMATION ONLY
4/27/25 2:11,PROPERTY DAMAGE - MDOP,N UNIVERSITY AVE / FLETCHER ST,4/27/25 2:11,OPEN
4/28/25 23:50,MINOR IN POSSESSION,611 CHURCH ST,4/28/25 23:50,OPEN
4/28/25 22:50,LARCENY,NORTHWOOD IV 1829 MCINTYRE DR,4/22/25,ASSISTANCE PROVIDED
4/28/25 18:43,LARCENY,BEYSTER BOB AND BETTY BUILDING 2260 HAYWARD ST, 4pm  6pm 4/25/2025,CLOSED
4/28/25 17:21,CRASH - FAIL TO RP,NORTHWOOD V 2467 STONE RD, 12pm 4/24/2025  5:20pm 4/28/2025,CLOSED
4/28/25 15:32,TRESPASS,TAUBMAN A ALFRED HEALTH CARE CTR 1620 E MEDICAL CENTER DR,4/28/25 15:32,ASSISTANCE PROVIDED
4/28/25 15:08,LARCENY,UNIVERSITY HOSPITAL 1500 E MEDICAL CENTER DR,4/28/25 15:08,CLOSED
4/28/25 14:24,LARCENY,1500 E MEDICAL CENTER DR, 8:30am  2:24pm 4/28/2025,CLOSED
4/28/25 13:05,LARCENY,ANGELL JAMES B HALL AND TISCH HALL 435 S STATE ST, 4pm 2/20/2025  1:05pm 4/28/2025,CLOSED
4/28/25 12:16,LARCENY,CAMPUS SAFETY SERVICES BUILDING 1239 KIPKE DR,Unknown,OPEN
4/28/25 12:01,PROPERTY DAMAGE - MDOP,UNIVERSITY HOSPITAL SOUTH 1505 SIMPSON RD, 11am 4/10/2025  12pm 4/28/2025,CLOSED
4/28/25 10:28,LARCENY,MOTT CHILDRENS VON VOIGTLANDER WOMENS HOSPITALS 1540 E HOSPITAL DR, 4/25/2025  4/28/2025,OPEN INFORMATION ONLY
4/29/25 12:38,CRASH - FAIL TO RP,NORTHVILLE HEALTH CENTER 39901 TRADITIONS DR, 7:30am  11:50am 4/29/2025,OPEN
4/29/25 11:38,FRAUDULENT ACTIVITY,BRIGHTON CENTER FOR SPECIALTY CARE 7500 CHALLIS RD,4/29/25 11:38,CLOSED
4/29/25 9:44,LARCENY,SHAPIRO HAROLD T AND VIVIAN B LIBRARY 919 S UNIVERSITY AVE, 4/21/2025  4/25/2025,CLOSED
4/29/25 0:15,TRESPASS,MICHIGAN STADIUM 1201 S MAIN ST,4/29/25 0:15,ASSISTANCE PROVIDED
4/30/25 22:48,ASSAULT OR BATTERY,DIAG 920 N UNIVERSITY AVE,4/30/25 22:48,CLOSED
4/30/25 18:38,DRUG VIOLATION - VCSA,UNIVERSITY HOSPITAL 1500 E MEDICAL CENTER DR,4/30/25 18:38,CLOSED
4/30/25 18:17,LARCENY,SOUTH QUADRANGLE 600 E MADISON ST, 4:30pm  4:40pm 4/30/2024,CLOSED
4/30/25 17:11,CRASH - FAIL TO RP,SHEPHERD DONALD R WOMENS GYMNASTIC CENTER 2300 S STATE ST,4/30/25 17:11,OPEN
4/30/25 17:01,LARCENY,LAWYERS CLUB AND MUNGER CHARLES T RESIDENCES 551 S STATE ST, 8:38am  4:40pm 4/30/2025,CLOSED
4/30/25 16:05,DRUG VIOLATION - VCSA,1500 E MEDICAL CENTER DR,4/30/25 16:05,CLOSED
4/30/25 15:59,FRAUDULENT ACTIVITY,CAMPUS SAFETY SERVICES BUILDING 1239 KIPKE DR,4/30/25 15:59,INFORMATION ONLY
4/30/25 13:16,PROPERTY DAMAGE - MDOP,1540 E HOSPITAL DR, 12pm 4/8/2025  1:16pm 4/30/2025,CLOSED
4/30/25 12:31,LARCENY,BROWN GEORGE GRANGER MEMORIAL LABORATORIES 2350 HAYWARD ST, 9:30pm 4/24/2025  10:30am 4/25/2025,CLOSED
4/30/25 9:31,SEX OFFENSE OTHER - IND EXPOSE,BRIARWOOD 9 1901 BRIARWOOD CIR,November 26 2024,CLOSED
4/30/25 2:08,DRUG VIOLATION - VCSA,TAUBMAN A ALFRED HEALTH CARE CTR 1620 E MEDICAL CENTER DR,4/30/25 2:08,OPEN