Case Number,Date/Time Reported,Date/Time Occurred,Report #,Location,Incident Type,Disposition
202510935,3/6/25 9:34,3/3/25 -3/4/25 ,250338,600 N Park St,Theft Or Larceny,Open Active
202510869,3/6/25 0:09,3/6/25 0:09,250337,835 W Dayton St,Theft Or Larceny,Citation Issued
202510846,3/5/25 23:08,3/1/25 8:00 PM - 9:00 PM,250344,821 W Johnson St,Simple Assault,Open Active
202510846,3/5/25 23:08,3/1/25 8:00 PM - 9:00 PM,250344,821 W Johnson St,Disorderly Conduct,Open Active
202510846,3/5/25 23:08,3/1/25 8:00 PM - 9:00 PM,250344,821 W Johnson St,Attempted Strong Arm Robbery,Open Active
202510846,3/5/25 22:53,3/5/25 22:53,250336,311 East Campus Mall,Theft Or Larceny,Open Active
202510618,3/4/25 14:26,3/4/25 14:26,,1308 W Dayton St,Disorderly Conduct,Open Active
202510613,3/4/25 12:40,2/21/25 7:00 PM - 9:00 PM,250331,1976 Observatory Dr,Theft Or Larceny,Open Active
202510610,3/4/25 12:26,3/2/25 18:00,250330,800 Langdon St,Theft Or Larceny,Open Active
202510556,3/4/25 0:27,3/4/25 0:27,250329,108 E Campus Mall,Marijuana Possession,Verbal Warning
202510556,3/4/25 0:27,3/4/25 0:27,250329,108 E Campus Mall,Marijuana Possession,Verbal Warning
202510544,3/3/25 23:12,3/3/25 23:12,250328,1308 W Dayton St,Simple Assault,Citation Issued
202510544,3/3/25 23:12,3/3/25 23:12,250328,1308 W Dayton St,Drug Paraphernalia,Citation Issued
202510544,3/3/25 23:12,3/3/25 23:12,250328,1308 W Dayton St,Bail Jumping,Cleared By Arrest
202510544,3/3/25 23:12,3/3/25 23:12,250328,1308 W Dayton St,Disorderly Conduct,Cleared By Arrest
202510487,3/3/25 16:47,3/3/25 16:00,,975 University Av,Theft Or Larceny,No Further Action
202510462,3/3/25 11:23,2/28/25 - 3/2/25 2:30 PM,250327,650 Elm Dr,Theft Or Larceny,Open Active
202510383,3/2/25 21:13,3/2/25 21:13,250325,Campus Dr/Babcock Dr,Failure To Install Interlock Device,Citation Issued
202510383,3/2/25 21:13,3/2/25 21:13,250325,Campus Dr/Babcock Dr,Operating After Revocation,Citation Issued
202510333,3/2/25 13:35,3/2/25 13:35,250324,797 W Dayton St,Motor Vehicle Theft (E-Scooter),Clery Classification
202510271,3/1/25 23:06,3/1/25 23:06,250320,E Johnson St / N Pinckney St,Marijuana Possession,Verbal Warning
202510212,3/1/25 18:04,3/1/25 18:04,,922 Eagle Heights Dr,Fire - Not Arson,No Further Action
202510195,3/1/25 14:39,3/1/25 14:39,,1440 Monroe St,Trespass Or Unauthorized Prese,Verbal Warning
202510195,3/1/25 14:39,3/1/25 14:39,,1440 Monroe St,Trespass Or Unauthorized Prese,Verbal Warning
202510177,3/1/25 12:13,3/1/25 12:13,250318,330 N Orchard St,Theft Or Larceny,Citation Issued
202510171,3/1/25 10:33,3/1/25 10:33,250317,835 W Dayton St,Criminal Damage,Open Active
202510166,3/1/25 9:53,3/1/25 9:53,250315,601 W Dayton St,Theft Or Larceny,Citation Issued
202510135,3/1/25 3:35,3/1/25 3:35,250314,975 University Av,Vandalism,Citation Issued
202510126,3/1/25 0:40,3/1/25 0:40,,N Park St/Regent St,Theft Or Larceny,Verbal Warning
202510126,3/1/25 0:40,3/1/25 0:40,,N Park St/Regent St,Theft Or Larceny,Verbal Warning
202510126,3/1/25 0:40,3/1/25 0:40,,N Park St/Regent St,Theft Or Larceny,Verbal Warning
202510123,3/1/25 0:11,3/1/25 0:11,250313,835 W Dayton St,Marijuana Possession,Citation Issued
202510123,3/1/25 0:11,3/1/25 0:11,250313,835 W Dayton St,Obstructing/Resisting,Citation Issued
202510117,2/28/25 23:37,3/1/25 23:37,250311,835 W Dayton St,Obstructing/Resisting,Citation Issued
202510101,2/28/25 22:27,2/28/25 22:27,250310,48 N Randall Av,Drug Paraphernalia,Verbal Warning
202510101,2/28/25 22:27,2/28/25 22:27,250310,48 N Randall Av,Marijuana Possession,Verbal Warning
202510078,2/28/25 19:41,2/28/25 19:41,,600 N Park St,Trespass Or Unauthorized Prese,Verbal Warning
202509973,2/28/25 6:44,2/28/25 6:44,250306,1180 Observatory Dr,Graffiti,Open Active
202509966,2/28/25 4:59,2/28/25 4:59,250305,W Dayton St / N Orchard St,Possession Of Heroin,Cleared By Arrest
202509954,2/28/25 2:36,2/28/25 2:36,,W Dayton / Bernard Ct,Operating After Revocation,Verbal Warning
202509877,2/27/25 20:31,2/27/25 20:31,250302,615 W Johnson St,Disorderly Conduct,Verbal Warning
202509877,2/27/25 20:31,2/27/25 20:31,250302,615 W Johnson St,Trespass Or Unauthorized Prese,Verbal Warning
202509844,2/27/25 17:31,2/4/25 6:55P - 2/5/25 12:38A,250301,1655 Highland Ave,Theft Or Larceny,Open Active
202509839,2/27/25 17:02,2/25/25  11:40 - 10:30 PM,250300,27 N Charter St,Theft Or Larceny,Open Active
202509711,2/26/25 22:36,2/26/25 22:36,250293,University Ave / Schmitt Pl,Marijuana Possession,Verbal Warning
202509709,2/26/25 22:33,2/26/25 22:33,250292,Regent St / N Park St,Pursuit Or Eluding,Open Active
202509619,2/26/25 11:36,2/26/25 11:36,,601 University Ave,Marijuana Possession,Verbal Warning
202509611,2/26/25 10:11,2/17/25 7:30 AM - 10:30 AM,250289,921 Eagle Heights Dr,Theft Or Larceny,Open Active
202509568,2/26/25 2:33,2/26/25 2:33,,1308 W Dayton St,Trespass Or Unauthorized Prese,Verbal Warning
202509523,2/25/25 21:43,2/25/25 21:43,,455 N Park St,Trespass Or Unauthorized Prese,No Further Action
202509445,2/25/25 11:13,,,1155 Observatory Dr,Graffiti,No Further Action
202509358,2/24/25 23:16,2/24/25 23:16,250283,S Park St / Regent St,Marijuana Possession,Citation Issued
202509318,2/24/25 19:32,2/24/25 11:50 AM - 1:00 PM,250282,797 W Dayton St,Theft Or Larceny,Closed
202509283,2/24/25 16:32,2/24/25 16:32,,716 Langdon St,Trespass Or Unauthorized Prese,Verbal Warning
,2/24/25 15:54,,48665,Non-Campus,Hazing,On Log In Error
202509266,2/24/25 13:16,2/24/25 13:16,250279,2002 Linden Dr,Theft Of Services,Verbal Warning
202509266,2/24/25 13:16,2/24/25 13:16,250279,2002 Linden Dr,Theft Of Services,Verbal Warning
202509266,2/24/25 13:16,2/24/25 13:16,250279,2002 Linden Dr,Theft Of Services,Verbal Warning
202509262,2/24/25 13:01,2/13/25 - 2/16/25 ,250280,30 N Mills St,Burglary,Clery Classification
202509252,2/24/25 11:17,2/19/25 4PM - 2/24/25 11AM,250277,1210 W Dayton St,Theft Or Larceny,Open Active
202509224,2/24/25 8:17,2/24/25 7:20,250276,600 Highland Av,Aggravated Assault,Clery Classification
202509131,2/23/25 14:48,2/23/25 14:48,250272,600 Highland Av,Simple Assault,Cleared By Arrest
202509101,2/23/25 10:09,2/23/25 10:09,,800 Langdon St,Theft Or Larceny,No Further Action
202509101,2/23/25 10:09,2/23/25 10:09,,800 Langdon St,Trespass Or Unauthorized Prese,Verbal Warning
202509098,2/23/25 9:14,2/23/25 9:14,,975 University Av,Trespass Or Unauthorized Prese,Verbal Warning
202509081,2/23/25 2:41,2/23/25 2:39,250269,48 N Randall Av,Obstructing/Resisting,Citation Issued
202509081,2/23/25 2:41,2/23/25 2:39,250269,48 N Randall Av,Obstructing/Resisting,Citation Issued
202509081,2/23/25 2:41,2/23/25 2:39,250269,48 N Randall Av,Obstructing/Resisting,Citation Issued
202509078,2/23/25 2:05,2/23/25 2:05,250270,W Johnson St / N Broom St,Possession Of Cocaine,Cleared By Arrest
202509078,2/23/25 2:05,2/23/25 2:05,250270,W Johnson St / N Broom St,Obstructing/Resisting,Cleared By Arrest
202508982,2/22/25 16:27,2/22/25 16:27,,1101 University Av,Trespass Or Unauthorized Prese,Verbal Warning
,2/22/25 1:48,2/22/25 0:15,20242535,835 W Dayton St,Marijuana Possession,Disciplinary Referral
,2/22/25 1:48,2/22/25 0:15,20242535,835 W Dayton St,Forgery Or Falsification,Disciplinary Referral
202508771,2/21/25 9:59,,250261,475 N Charter St,Graffiti,Open Active
202508771,2/21/25 9:59,,250261,475 N Charter St,Vandalism - National Origin Bias,Clery Classification
202508592,2/20/25 13:44,2/20/25 12:44 PM - 1:30 PM,250259,615 W Johnson St,Theft Or Larceny,Open Active
202508590,2/20/25 13:38,2/20/25 13:38,250256,420 N Park St,Arson,Clery Classification
202508590,2/20/25 13:38,2/20/25 13:38,250256,420 N Park St,Criminal Damage,Open Active
202508573,2/20/25 11:37,2/20/25 10:30 AM - 11:20 AM,250255,1415 Engineering Dr,Theft Or Larceny,Closed
202508439,2/19/25 21:28,2/19/25  1:30 AM - 9:00 PM,250254,On Campus Student Housing,Stalking,Clery Classification
202508383,2/19/25 14:09,2/19/25 14:09,,615 W Johnson St,Theft Or Larceny,No Further Action
,2/19/25 13:14,SPRING 2024 - SPRING 2025 48592,,On Campus,Stalking,Non-Police Report
202508373,2/19/25 12:21,2/16/25 10A - 2/19/25 12:20P,250252,1220 Linden Dr,Graffiti,Closed
,2/19/25 10:06,2/15/25,20242483,800 Langdon St,Forgery Or Falsification,Disciplinary Referral
,2/19/25 10:03,2/8/25 14:15,20242484,800 Langdon St,Forgery Or Falsification,Disciplinary Referral
202508345,2/19/25 8:33,,250251,728 State St,Graffiti,Closed
202508294,2/19/25 0:26,2/19/25 0:26,250249,W Johnson St / N Park St,Marijuana Possession,Citation Issued
202508294,2/19/25 0:26,2/19/25 0:26,250249,W Johnson St / N Park St,Possession Of Narcotics,Cleared By Arrest
202508294,2/19/25 0:26,2/19/25 0:26,250249,W Johnson St / N Park St,Operating While Intoxicated (4Th),Cleared By Arrest
202508294,2/19/25 0:26,2/19/25 0:26,250249,W Johnson St / N Park St,Operating After Revocation,Citation Issued
202508294,2/19/25 0:26,2/19/25 0:26,250249,W Johnson St / N Park St,Failure To Install Interlock Device,Citation Issued
202508281,2/18/25 23:18,2/18/25 23:18,,821 University Av,Trespass Or Unauthorized Prese,Verbal Warning
202508180,2/18/25 14:24,,250245,455 N Park St,Graffiti,Closed
,2/18/25 13:48,FALL 2021,48576,On Campus Student Housing,Sexual Assault,Non-Police Report
202508100,2/18/25 1:47,2/17/25 10P - 2/18/25 1:30A,250240,600 N Park St,Motor Vehicle Theft (E-Scooter),Clery Classification
202508034,2/17/25 18:24,1/24/25 - 2/15/25   250239,,928 Eagle Heights Dr,Fraud,Open Active
202507857,2/16/25 10:34,2/16/25 10:34,250235,502 Eagle Heights Dr,Fire - Not Arson,Open Active
202507847,2/16/25 7:46,,,3500 University Ave,Graffiti,No Further Action
202507840,2/16/25 4:19,2/16/25 4:00,250234,On Campus Student Housing,Aggravated Assault - Dating Violence,Clery Classification
202507840,2/16/25 4:19,2/16/25 4:00,250234,On Campus Student Housing,Robbery,Clery Classification
202507840,2/16/25 4:19,2/16/25 4:00,250234,On Campus Student Housing,Disorderly Conduct,Cleared By Arrest
202507840,2/16/25 4:19,2/16/25 4:00,250234,On Campus Student Housing,Bail Jumping,Cleared By Arrest
202507840,2/16/25 4:19,2/16/25 4:00,250234,On Campus Student Housing,Bail Jumping,Cleared By Arrest
202507840,2/16/25 4:19,2/16/25 4:00,250234,On Campus Student Housing,Bail Jumping,Cleared By Arrest
202507840,2/16/25 4:19,2/16/25 4:00,250234,On Campus Student Housing,Bail Jumping,Cleared By Arrest
202507774,2/15/25 17:54,2/15/25  5:30 PM - 5:45 PM,250227,650 Elm Dr,Theft Or Larceny,Open Active
202507701,2/15/25 2:03,2/15/25 2:03,250224,University Ave / N Park St,Marijuana Possession,Verbal Warning
202507656,2/14/25 21:33,2/14/25 21:33,250220,University Ave / N Brooks St,Pursuit Or Eluding,Closed
202507607,2/14/25 15:30,2/14/25 14:05,250218,821 W Johnson St,Theft Or Larceny,Closed
202507475,2/13/25 19:59,2/13/25 19:59,250214,600 Highland Av,Simple Assault,No Further Action
202507434,2/13/25 16:09,2/13/25 16:09,250212,1101 University Av,Theft Or Larceny,No Further Action
202507434,2/13/25 16:09,2/13/25 16:09,250212,1101 University Av,Theft Or Larceny,No Further Action
202507430,2/13/25 15:11,2/13/25  12:20 PM - 1:10 PM,250211,797 W Dayton St,Theft Or Larceny,Open Active
202507239,2/12/25 13:14,2/12/25 13:14,250207,1000 Highland Av,Disorderly Conduct,Verbal Warning
202507219,2/12/25 8:33,12/1/24 8:33,250205,1620 Kronshage Dr,Fraud,Open Active
202507144,2/11/25 22:34,2/11/25 22:34,250204,University Av/East Campus Malldrug Paraphernalia,nan,Verbal Warning
202507144,2/11/25 22:34,2/11/25 22:34,250204,University Av/East Campus Mallmarijuana Possession,nan,Citation Issued
202507072,2/11/25 15:34,2/9/25 - 2/10/25 ,250203,600 Highland Ave,Obtain Prescription Drug With Fraud,Open Active
202507072,2/11/25 15:34,2/9/25 - 2/10/25 ,250203,600 Highland Ave,Obtain Prescription Drug With Fraud,Open Active
202507072,2/11/25 15:34,2/9/25 - 2/10/25 ,250203,600 Highland Ave,Obtain Prescription Drug With Fraud,Open Active
202507072,2/11/25 15:34,2/9/25 - 2/10/25 ,250203,600 Highland Ave,Make False/Forged Prescription Order,Open Active
202507072,2/11/25 15:34,2/9/25 - 2/10/25 ,250203,600 Highland Ave,Make False/Forged Prescription Order,Open Active
202507072,2/11/25 15:34,2/9/25 - 2/10/25 ,250203,600 Highland Ave,Make False/Forged Prescription Order,Open Active
202507072,2/11/25 15:34,2/9/25 - 2/10/25 ,250203,600 Highland Ave,Impersonate Pharmacist/Get Prescription Open Active,nan
202507072,2/11/25 15:34,2/9/25 - 2/10/25 ,250203,600 Highland Ave,Impersonate Pharmacist/Get Prescription Open Active,nan
202507072,2/11/25 15:34,2/9/25 - 2/10/25 ,250203,600 Highland Ave,Impersonate Pharmacist/Get Prescription Open Active,nan
202507071,2/11/25 14:54,OCT 2024 - JAN 2025,250201,615 W Johnson St,Theft Or Larceny,Open Active
202507069,2/11/25 14:47,,250202,600 N Park St,Graffiti,Closed
202507009,2/11/25 7:06,,250199,314 N Frances St,Graffiti,Closed
202507004,2/11/25 5:06,2/11/25 5:06,250198,1111 Highland Av,Trespass Or Unauthorized Prese,Citation Issued
202506950,2/10/25 20:24,2/10/25 3:20 PM - 7:00 PM,250197,600 N Park St,Motor Vehicle Theft (E-Scooter),Clery Classification
202506948,2/10/25 20:03,2/6/25 - 2/11/25 ,250196,610 Langdon St,Motor Vehicle Theft (E-Bike),Clery Classification
202506874,2/10/25 10:26,2/10/25 10:26,250194,2501 University Bay Dr,Disorderly Conduct,Verbal Warning
,2/10/25 9:42,2/8/25 0:48,48448,Non-Campus,Fondling,Non-Police Report
202506866,2/10/25 9:20,2/10/25 9:20,250192,On Campus,Stalking,Clery Classification
202506866,2/10/25 9:20,2/10/25 9:20,250192,On Campus,Disorderly Conduct,Citation Issued
202506866,2/10/25 9:20,2/10/25 9:20,250192,On Campus,Harassment,Citation Issued
202506759,2/9/25 19:57,2/9/25 19:57,250186,750 Langdon St,Graffiti,Closed
202506673,2/9/25 5:02,2/9/25 5:02,250184,640 N Park St,Marijuana Possession,Verbal Warning
202506642,2/9/25 0:56,2/9/25 0:56,250181,821 W Johnson St,Obstructing/Resisting,Verbal Warning
202506602,2/8/25 20:53,2/8/25 20:53,250179,On Campus Student Housing,Stalking,Clery Classification
202506602,2/8/25 20:53,2/8/25 20:53,250179,On Campus Student Housing,Marijuana Possession,No Further Action
202506602,2/8/25 20:53,2/8/25 20:53,250179,On Campus Student Housing,Trespass To Dwelling,Cleared By Arrest
202506602,2/8/25 20:53,2/8/25 20:53,250179,On Campus Student Housing,Disorderly Conduct,Cleared By Arrest
202506590,2/8/25 18:15,2/8/25 18:15,250178,800 Langdon St,Trespass Or Unauthorized Prese,Cleared By Arrest
202506536,2/8/25 8:48,2/8/25 8:48,250176,800 Langdon St,Trespass Or Unauthorized Prese,Citation Issued
202506536,2/8/25 8:48,2/8/25 8:48,250176,800 Langdon St,Lewd/Lascivious Behavior,Citation Issued
202506536,2/8/25 8:48,2/8/25 8:48,250176,800 Langdon St,Disorderly Conduct,Citation Issued
202506496,2/8/25 0:14,2/8/25 0:14,,1205 University Av,Trespass Or Unauthorized Prese,No Further Action
202506496,2/8/25 0:14,2/8/25 0:14,,1205 University Av,Trespass Or Unauthorized Prese,No Further Action
202506496,2/8/25 0:14,2/8/25 0:14,,1205 University Av,Trespass Or Unauthorized Prese,No Further Action
202506496,2/8/25 0:14,2/8/25 0:14,,1205 University Av,Trespass Or Unauthorized Prese,No Further Action
202506496,2/8/25 0:14,2/8/25 0:14,,1205 University Av,Trespass Or Unauthorized Prese,No Further Action
202506496,2/8/25 0:14,2/8/25 0:14,,1205 University Av,Trespass Or Unauthorized Prese,No Further Action
202506496,2/8/25 0:14,2/8/25 0:14,,1205 University Av,Trespass Or Unauthorized Prese,No Further Action
202506394,2/7/25 16:32,2/5/25 9:00,250175,1610 Kronshage Dr,Fraud,Open Active
202506348,2/7/25 7:19,2/7/25 7:19,,1655 Highland Ave,Disorderly Conduct,No Further Action
202506214,2/6/25 14:33,2/6/25 14:33,,611 Eagle Hts Dr,Theft Or Larceny,No Further Action
202506100,2/5/25 20:24,2/5/25 20:04,250167,1101 University Av,Burglary,Clery Classification
202506098,2/5/25 20:06,2/5/25 20:06,250165,800 Langdon St,Trespass Or Unauthorized Prese,Verbal Warning
202506069,2/5/25 17:59,2/5/25 17:59,250166,821 W Johnson St,Trespass Or Unauthorized Prese,Verbal Warning
202506053,2/5/25 16:46,2/5/25 16:46,250164,13 University Houses,Fraud,Open Active
,2/4/25 16:09,2/3/25 3:30 AM - 7:30 AM,48380,600 Highland Av,Burglary,Non-Police Report
202505871,2/4/25 13:50,,250158,600 N Park St,Graffiti,Closed
,2/3/25 22:43,2/3/25 22:30,20242305,821 W Johnson St,Forgery Or Falsification,Disciplinary Referral
202505738,2/3/25 18:48,2/3/25 12:00 PM - 4:00 PM,250154,615 W Johnson St,Motor Vehicle Theft (E-Scooter),Cleared By Arrest
202505714,2/3/25 16:49,2/3/25 16:49,250153,Observatory Dr / Walnut St,Hit And Run,Open Active
202505706,2/3/25 14:38,1/31/25 5P - 2/3/25 10A,250152,1200 Observatory Dr,Motor Vehicle Theft (E-Bike),Clery Classification
,2/3/25 9:04,2/1/25 23:07,20242049,821 W Johnson St,Drug Paraphernalia,Disciplinary Referral
,2/3/25 9:04,2/1/25 23:07,20242049,821 W Johnson St,Drug Paraphernalia,Disciplinary Referral
,2/3/25 9:04,2/1/25 23:07,20242049,821 W Johnson St,Marijuana Possession,Disciplinary Referral
,2/3/25 9:04,2/1/25 23:07,20242049,821 W Johnson St,Marijuana Possession,Disciplinary Referral
,2/3/25 9:04,2/1/25 23:07,20242049,821 W Johnson St,Forgery Or Falsification,Disciplinary Referral
202505613,2/2/25 21:11,2/2/25 19:00,250147,640 Elm Dr,Extortion,Open Active
202505594,2/2/25 17:56,1/31/25,,835 W Dayton St,Fraud,No Further Action
202505590,2/2/25 17:26,,,728 State St,Theft Or Larceny,No Further Action
202505432,2/1/25 15:31,2/1/25 12:14,250139,333 East Campus Mall,Burglary,Clery Classification
202505419,2/1/25 12:43,2/1/25 12:43,250138,On Campus,Stalking,Clery Classification
202505368,2/1/25 1:49,2/1/25 1:49,250135,W Gilman St / University Ave,Failure To Install Interlock Device,Citation Issued
202505368,2/1/25 1:49,2/1/25 1:49,250135,W Gilman St / University Ave,Operating After Revocation,Citation Issued
202505368,2/1/25 1:49,2/1/25 1:49,250135,W Gilman St / University Ave,Operating While Intoxicated (3Rd),Cleared By Arrest
202505362,2/1/25 0:11,2/1/25 0:11,250134,W Johnson St / State St,Drug Paraphernalia,Cleared By Arrest
202505356,1/31/25 23:46,1/31/25 23:46,250136,303 N Henry St,Marijuana Possession,Verbal Warning
202505309,1/31/25 19:20,1/31/25 19:20,,740 University Av,Theft Or Larceny,No Further Action
202505273,1/31/25 15:47,1/30/25 17:08,250134,800 Langdon St,Motor Vehicle Theft (E-Scooter),Cleared By Arrest
202505262,1/31/25 13:49,1/31/25 1:09 PM -  1:49 PM,250133,455 N Park St,Theft Or Larceny,Unfounded
202505246,1/31/25 11:14,,,2002 Linden Dr,Theft Of Services,Verbal Warning
202505246,1/31/25 11:14,,,2002 Linden Dr,Theft Of Services,Verbal Warning
202505246,1/31/25 11:14,,,2002 Linden Dr,Theft Of Services,Verbal Warning
202505229,1/31/25 9:31,1/27/25 10:30A - 1/31/25 7:56 A250131,,Observatory Dr / Elm Dr,Graffiti,Closed
202505201,1/31/25 2:27,1/31/25 2:27,250130,N Lake St / W Johnson St,Operating After Revocation,Citation Issued
202505201,1/31/25 2:27,1/31/25 2:27,250130,N Lake St / W Johnson St,Operating While Intoxicated (2Nd),Cleared By Arrest
202505201,1/31/25 2:27,1/31/25 2:27,250130,N Lake St / W Johnson St,Bail Jumping,Cleared By Arrest
202505102,1/30/25 14:00,1/30/25  12:30 PM - 1:30 PM,250127,600 Highland Av,Theft Or Larceny,Unfounded
202505080,1/30/25 11:25,,,1200 Observatory Dr,Graffiti,No Further Action
202505034,1/30/25 6:39,,250126,600 N Park St,Graffiti,Closed
,1/30/25 1:22,1/30/25 1:22,25041742,Highland Ave / Observatory Dr Bail Jumping,nan,Mpd Report
,1/30/25 1:22,1/30/25 1:22,25041742,Highland Ave / Observatory Dr Drug Paraphernalia,nan,Mpd Report
,1/30/25 1:22,1/30/25 1:22,25041742,Highland Ave / Observatory Dr Possession Of Methamphetamine,nan,Mpd Report
202504998,1/29/25 23:31,1/29/25 23:31,250125,N Bassett St / W Gorham St,Marijuana Possession,Verbal Warning
202504921,1/29/25 17:13,1/29/25 16:30,250124,600 Highland Av,Theft Or Larceny,Closed
202504889,1/29/25 12:13,1/28/25 1:15 PM - 4:30 PM,250119,105 N Frances St,Theft Or Larceny,Closed
202504851,1/29/25 7:45,1/24/25 11:58,250118,1300 University Av,Fraud,Citation Issued
202504814,1/29/25 0:23,1/29/25 0:23,250116,Lorch Ct / University Ave,Operating After Revocation,Citation Issued
202504814,1/29/25 0:23,1/29/25 0:23,250116,Lorch Ct / University Ave,Failure To Install Interlock Device,Citation Issued
202504814,1/29/25 0:23,1/29/25 0:23,250116,Lorch Ct / University Ave,Bail Jumping,Cleared By Arrest
202504724,1/28/25 16:32,1/23/25 4:15 PM - 5:30 PM,250117,797 W Dayton St,Theft Or Larceny,Closed
202504718,1/28/25 14:40,1/1/25 5:00P - 1/2/25 9:00P,250114,600 Highland Av,Theft Or Larceny,Open Active
202504709,1/28/25 12:01,,250113,1150 University Av,Graffiti,Open Active
,1/28/25 8:36,1/27/25 16:00,48300,On Campus Student Housing,Stalking,Non-Police Report
202504642,1/28/25 7:11,1/28/25 7:11,250112,1400 Monroe St,Disorderly Conduct,Cleared By Arrest
202504642,1/28/25 7:11,1/28/25 7:11,250112,1400 Monroe St,Possession Of Methamphetamine,Cleared By Arrest
202504642,1/28/25 7:11,1/28/25 7:11,250112,1400 Monroe St,Drug Paraphernalia,Cleared By Arrest
202504505,1/27/25 10:36,,250110,21 N Park St,Graffiti,Open Active
202504503,1/27/25 10:29,,250109,Observatory Dr / Elm Dr,Graffiti,Open Active
202504503,1/27/25 10:29,,250109,Observatory Dr / Elm Dr,Graffiti,Open Active
,1/26/25 22:55,1/26/25 22:55,25036940,University Ave / N Lake St,Motor Vehicle Theft,Mpd Report
,1/26/25 16:30,1/26/25 0:30,1658,Non-Campus,Simple Assault (Sexual Orientation Bias) Non-Police Report,nan
202504371,1/26/25 10:14,1/26/25 2:47,250108,615 W Johnson St,Graffiti,Open Active
202504441,1/25/25 23:41,1/25/25 23:41,,600 N Park St,Trespass Or Unauthorized Prese,Verbal Warning
202504215,1/25/25 6:35,1/25/25 6:35,,1111 Highland Av,Trespass Or Unauthorized Prese,Verbal Warning
202504182,1/24/25 22:32,1/20/25 - 1/24/25 ,250103,1200 Observatory Dr,Fraud,Open Active
202504098,1/24/25 10:20,1/23/25 22:58,250100,821 W Johnson St,Motor Vehicle Theft,Open Active
202504056,1/24/25 5:55,1/24/25 5:55,250097,1429 Monroe St,Personal Identity Theft,Open Active
202504056,1/24/25 5:55,1/24/25 5:55,250097,1429 Monroe St,Impersonating Peace Officer,Open Active
202504056,1/24/25 2:53,1/24/25 2:53,250097,1429 Monroe St,Personal Identity Theft,Open Active
202504056,1/24/25 2:53,1/24/25 2:53,250097,1429 Monroe St,Impersonating Peace Officer,Open Active
202504056,1/24/25 2:43,1/24/25 2:40,250097,1429 Monroe St,Personal Identity Theft,Open Active
202504056,1/24/25 2:43,1/24/25 2:40,250097,1429 Monroe St,Impersonating Peace Officer,Open Active
,1/24/25 2:18,1/24/25 1:25,20242173,835 W Dayton St,Forgery Or Falsification,Non-Police Report
,1/23/25 17:29,10/2/24 1:00,48259,Non-Campus,Hazing,Non-Police Report
202503965,1/23/25 17:19,1/23/25 17:00,250093,600 Highland Av,Disorderly Conduct,Cleared By Arrest
202503965,1/23/25 17:19,1/23/25 17:00,250093,600 Highland Av,Lewd/Lascivious Behavior,Cleared By Arrest
202503943,1/23/25 13:32,1/14/25 16:06,250092,800 Langdon St,Fraud,Open Active
202503937,1/23/25 12:54,1/14/25 16:48,250091,1308 W Dayton St,Fraud,Open Active
202503802,1/22/25 14:13,1/22/25  2:00 PM - 2:05 PM,250088,600 N Park St,Theft Or Larceny,Open Active
202503795,1/22/25 12:36,1/22/25 12:36,250087,1200 Observatory Dr,Disorderly Conduct,Verbal Warning
,1/20/25 22:47,1/20/25 21:20,20242134,301 N Lake St,Forgery Or Falsification,Non-Police Report
202503526,1/20/25 21:20,1/20/25 21:20,250082,301 N Lake St,Obstructing/Resisting,Citation Issued
202503526,1/20/25 21:20,1/20/25 21:20,250082,301 N Lake St,Obstructing/Resisting,Citation Issued
202503526,1/20/25 21:20,1/20/25 21:20,250082,301 N Lake St,Marijuana Possession,Verbal Warning
202503526,1/20/25 21:20,1/20/25 21:20,250082,301 N Lake St,Drug Paraphernalia,Verbal Warning
202503526,1/20/25 21:20,1/20/25 21:20,250082,301 N Lake St,Marijuana Possession,Citation Issued
202503447,1/20/25 10:39,1/20/25 10:39,250080,600 Highland Av,Intimidation,Open Active
202503447,1/20/25 10:39,1/20/25 10:39,250080,600 Highland Av,Disorderly Conduct,Open Active
202503338,1/19/25 17:16,1/19/25 17:16,250077,550 N Park St,Obstructing/Resisting,Open Active
202503338,1/19/25 17:16,1/19/25 17:16,250077,550 N Park St,Trespass Or Unauthorized Prese,Open Active
,1/19/25 11:31,1/4/25 20:00,48221,On Campus,Stalking,Non-Police Report
202503144,1/18/25 4:28,1/18/25 4:28,250070,600 Highland Ave,Disorderly Conduct,Cleared By Arrest
202503144,1/18/25 4:28,1/18/25 4:28,250070,600 Highland Ave,Strangulation And Suffocation,Cleared By Arrest
202503144,1/18/25 4:28,1/18/25 4:28,250070,600 Highland Ave,Aggravated Assault,Clery Classification
202503138,1/18/25 1:53,1/18/25 1:53,250069,Wisconsin Ave / W Dayton St,Marijuana Possession,Citation Issued
202503138,1/18/25 1:53,1/18/25 1:53,250069,Wisconsin Ave / W Dayton St,Operating While Intoxicated (2Nd),Cleared By Arrest
202503138,1/18/25 1:53,1/18/25 1:53,250069,Wisconsin Ave / W Dayton St,Bail Jumping,Cleared By Arrest
202503120,1/18/25 0:03,1/18/25 0:03,250068,W Johnson St / N Orchard St,Drug Paraphernalia,Verbal Warning
202502963,1/17/25 7:55,1/17/25 7:55,250060,600 Highland Av,Disorderly Conduct,Verbal Warning
202502934,1/17/25 2:13,1/17/25 2:13,250058,E Johnson St / N Butler St,Armed With Firearm While Intoxicated,Cleared By Arrest
202502875,1/16/25 20:05,1/16/25 20:05,250056,1150 University Av,Trespass Or Unauthorized Prese,Verbal Warning
202502875,1/16/25 20:05,1/16/25 20:05,250056,1150 University Av,Obstructing/Resisting,Cleared By Arrest
202502831,1/16/25 15:08,1/16/25 15:08,250055,716 Langdon St,Trespass Or Unauthorized Prese,Citation Issued
202502766,1/16/25 7:01,1/16/25 7:01,,1111 Highland Av,Trespass Or Unauthorized Prese,Verbal Warning
202502760,1/16/25 6:21,,250053,600 N Park St,Graffiti,Open Active
202502623,1/15/25 13:33,10/15/24 8:00 PM - 11:00 PM,250049,835 W Dayton St,False Imprisonment,Open Active
202502604,1/15/25 11:08,12/17/24 - 1/13/25  250048,,975 Bascom Mall,Burglary,Open Active
202502604,1/15/25 11:08,12/17/24 - 1/13/25  250048,,975 Bascom Mall,Burglary,Open Active
202502553,1/15/25 2:36,1/15/25 2:36,250044,1308 W Dayton St,Marijuana Possession,Verbal Warning
202502514,1/14/25 22:30,1/14/25 22:30,,State St / N Lake St,Operating After Revocation,Citation Issued
202502479,1/14/25 19:04,1/14/25 19:04,,1025 W Johnson St,Trespass Or Unauthorized Prese,No Further Action
202502263,1/13/25 15:34,,,728 State St,Graffiti,No Further Action
202502184,1/13/25 4:22,1/13/25 4:22,,455 N Park St,Trespass Or Unauthorized Prese,Verbal Warning
202502166,1/12/25 23:47,1/12/25 23:47,250038,Monroe St / Regent St,Pursuit Or Eluding,Cleared By Arrest
202502135,1/12/25 20:18,1/12/25 20:18,,455 N Park St,Trespass Or Unauthorized Prese,Verbal Warning
202501972,1/11/25 13:14,1/9/25 9:30 AM - 10:55 AM,250036,1000 Highland Av,Theft Or Larceny,Unfounded
202501944,1/11/25 6:53,1/11/25 6:53,,1111 Highland Av,Trespass Or Unauthorized Prese,Verbal Warning
202501943,1/11/25 6:27,1/11/25 6:27,,455 N Park St,Trespass Or Unauthorized Prese,Verbal Warning
202501809,1/10/25 14:06,,250034,On Campus,Stalking,Clery Classification
202501801,1/10/25 13:22,,250031,1155 Observatory Dr,Graffiti,Open Active
202501783,1/10/25 11:37,12/11/24 - 1/10/25  250030,,821 University Av,Vandalism,Open Active
,1/9/25 13:06,1/8/25 12:00,48194,On Campus,Stalking,Non-Police Report
202501323,1/8/25 4:02,1/8/25 4:02,,455 N Park St,Trespass Or Unauthorized Prese,Verbal Warning
202501318,1/8/25 1:48,1/8/25 1:48,250022,600 Highland Av,Theft Or Larceny,Cleared By Arrest
202501318,1/8/25 1:48,1/8/25 1:48,250022,600 Highland Av,Theft Or Larceny,Cleared By Arrest
202501318,1/8/25 1:48,1/8/25 1:48,250022,600 Highland Av,Theft Or Larceny,Citation Issued
202501318,1/8/25 1:48,1/8/25 1:48,250022,600 Highland Av,Theft Or Larceny,Cleared By Arrest
202501318,1/8/25 1:48,1/8/25 1:48,250022,600 Highland Av,Possession Of Methamphetamine,Cleared By Arrest
202501318,1/8/25 1:48,1/8/25 1:48,250022,600 Highland Av,Bail Jumping,Cleared By Arrest
202501307,1/7/25 23:57,1/7/25 23:57,250021,N Lake St / University Ave,Operating After Revocation,Cleared By Arrest
202501307,1/7/25 23:57,1/7/25 23:57,250021,N Lake St / University Ave,Failure To Install Interlock Device,Cleared By Arrest
202501307,1/7/25 23:57,1/7/25 23:57,250021,N Lake St / University Ave,Bail Jumping,Cleared By Arrest
202501307,1/7/25 23:57,1/7/25 23:57,250021,N Lake St / University Ave,Bail Jumping,Cleared By Arrest
202501307,1/7/25 23:57,1/7/25 23:57,250021,N Lake St / University Ave,Bail Jumping,Cleared By Arrest
202501259,1/7/25 19:17,1/7/25 5:15 PM - 5:30 PM,,1500 Highland Av,Theft Or Larceny,No Further Action
202501033,1/6/25 12:27,1/6/25 12:27,250014,1180 Observatory Dr,Possession Of Methamphetamine,Cleared By Arrest
202501033,1/6/25 12:27,1/6/25 12:27,250014,1180 Observatory Dr,Bail Jumping,Cleared By Arrest
202501033,1/6/25 12:27,1/6/25 12:27,250014,1180 Observatory Dr,Bail Jumping - Weapon Possession,Cleared By Arrest
202501033,1/6/25 12:27,1/6/25 12:27,250014,1180 Observatory Dr,Possession Of Dangerous Weapon,Citation Issued
202501033,1/6/25 12:27,1/6/25 12:27,250014,1180 Observatory Dr,Obstructing/Resisting,Citation Issued
202500975,1/6/25 7:03,,250012,301 N Lake St,Graffiti,Open Active
202500583,1/3/25 20:39,1/3/25 20:39,,455 N Park St,Trespass Or Unauthorized Prese,Verbal Warning
202500366,1/2/25 23:17,1/2/25 23:17,250008,W Johnson St / N Broom St,Operating After Revocation,Citation Issued
202500366,1/2/25 23:17,1/2/25 23:17,250008,W Johnson St / N Broom St,Failure To Install Interlock Device,Citation Issued
202500247,1/2/25 11:32,12/13/24 3P - 12/26/24 6:30P,250006,600 Highland Av,Burglary,Closed
202500230,1/2/25 9:48,,250005,314 N Frances St,Graffiti,Open Active
202500155,1/1/25 23:51,1/1/25 23:51,250004,University Ave / Ridge St,Failure To Install Interlock Device,Citation Issued
202500155,1/1/25 23:51,1/1/25 23:51,250004,University Ave / Ridge St,Operating After Revocation,Citation Issued
,1/1/25 2:11,1/1/25 2:11,25000199,N Park St / State St,Theft Or Larceny,Mpd Report
202500022,1/1/25 1:48,1/1/25 1:48,250001,N Park St / Fahrenbrook Ct,Marijuana Possession,Citation Issued
202500022,1/1/25 1:48,1/1/25 1:48,250001,N Park St / Fahrenbrook Ct,Obstructing/Resisting,Cleared By Arrest
202500022,1/1/25 1:48,1/1/25 1:48,250001,N Park St / Fahrenbrook Ct,Throw/Expel Bodily Fluid At Public Safetycleared By Arrest,nan
202466197,12/31/24 19:59,12/31/24 19:59,242283,N Park St / Spring St,Marijuana Possession,Verbal Warning
202466153,12/31/24 16:23,12/31/24 16:23,242282,21 N Park St,Marijuana Possession,Verbal Warning
202466106,12/31/24 7:32,12/31/24 7:02,242281,600 Highland Av,Domestic Violence-Disorderly Conduct Cleared By Arrest,nan
202466087,12/31/24 1:01,12/31/24 1:01,242280,University Ave / N Park,Prohib Alcohol Concentration (2Nd),Cleared By Arrest
202466087,12/31/24 1:01,12/31/24 1:01,242280,University Ave / N Park,Operating While Intoxicated (2Nd),Cleared By Arrest
202466009,12/30/24 17:11,12/30/24 16:42,242279,1975 Willow Dr,Vandalism,Citation Issued
202465996,12/30/24 15:33,12/30/24 10:00 AM - 2:30 PM,242278,728 State St,Burglary,Unfounded
202465911,12/29/24 23:37,12/29/24 23:37,242275,N Park St / Spring St,Operating After Revocation,Citation Issued
202465911,12/29/24 23:37,12/29/24 23:37,242275,N Park St / Spring St,Prohib Alcohol Concentration (2Nd),Cleared By Arrest
202465911,12/29/24 23:37,12/29/24 23:37,242275,N Park St / Spring St,Operating While Intoxicated (2Nd),Cleared By Arrest
202465908,12/29/24 23:16,12/27/24-12/29/24,242274,975 University Av,Trespass Or Unauthorized Prese,Citation Issued
202465908,12/29/24 23:16,12/27/24-12/29/24,242274,975 University Av,Trespass Or Unauthorized Prese,Citation Issued
202465908,12/29/24 23:16,12/27/24-12/29/24,242274,975 University Av,Trespass Or Unauthorized Prese,Citation Issued
202465908,12/29/24 23:16,12/27/24-12/29/24,242274,975 University Av,Trespass Or Unauthorized Prese,Citation Issued
202465908,12/29/24 23:16,12/27/24-12/29/24,242274,975 University Av,Trespass Or Unauthorized Prese,Citation Issued
202465897,12/29/24 22:31,12/29/24 22:31,242273,University Ave/N Mills St,Marijuana Possession,Verbal Warning
202465750,12/28/24 17:26,12/13/24-12/20/24,242270,615 W Johnson St,Theft Or Larceny,Open Active
202465636,12/27/24 20:09,12/27/24 16:30,242269,On Campus,Stalking-Domestic Violence,Clery Classification
202465622,12/27/24 18:40,12/27/24 18:40,242268,600 Highland Ave,Domestic Violence-Disorderly Conduct Cleared By Arrest,nan
202465587,12/27/24 16:30,12/27/24 15:14,242267,797 W Dayton St,Theft Or Larceny,Cleared By Arrest
202465475,12/26/24 23:05,12/26/24 23:05,,W Johnson St/N Carroll St,Operating After Revocation,Verbal Warning
202465469,12/26/24 22:52,12/26/24 22:52,,W Gorham St/N Carroll,Operating After Revocation,Verbal Warning
202465360,12/26/24 14:40,12/26/24 14:40,242264,301 N Lake St,Graffiti,Open Active
202465354,12/26/24 14:12,12/26/24 14:12,242263,1025 W Johnson St,Graffiti,Open Active
202465247,12/25/24 23:38,12/25/24 23:38,242262,975 University Av,Trespass Or Unauthorized Prese,Citation Issued
,12/25/24 20:47,12/25/24 20:47,24563486,200 N Lake St,Theft Or Larceny,Mpd Report
202465224,12/25/24 19:52,12/25/24 19:52,242260,600 Highland Ave,Attempted Aggravated Assault,Clery Classification
202465224,12/25/24 19:52,12/25/24 19:52,242260,600 Highland Ave,Attempted Aggravated Assault,Clery Classification
202465224,12/25/24 19:52,12/25/24 19:52,242260,600 Highland Ave,Attempted Aggravated Assault,Clery Classification
202465224,12/25/24 19:52,12/25/24 19:52,242260,600 Highland Ave,Bail Jumping,Cleared By Arrest
202465224,12/25/24 19:52,12/25/24 19:52,242260,600 Highland Ave,Bail Jumping,Cleared By Arrest
202465224,12/25/24 19:52,12/25/24 19:52,242260,600 Highland Ave,Bail Jumping,Cleared By Arrest
202465224,12/25/24 19:52,12/25/24 19:52,242260,600 Highland Ave,Threat To Health Care Worker,Cleared By Arrest
202465224,12/25/24 19:52,12/25/24 19:52,242260,600 Highland Ave,Disorderly Conduct,Cleared By Arrest
202465200,12/25/24 18:09,12/25/24 18:09,242261,750 University Av,Drug Paraphernalia,Verbal Warning
202465200,12/25/24 18:09,12/25/24 18:09,242261,750 University Av,Marijuana Possession,Verbal Warning
202465178,12/25/24 16:42,12/25/24 16:42,242259,3091 Arbor Dr,Arson,Clery Classification
202465139,12/25/24 5:13,12/25/24 5:13,242256,975 University Av,Trespass Or Unauthorized Prese,Citation Issued
202465002,12/24/24 1:46,12/24/24 1:46,242252,N Lake St/Langdon St,Possession Of Fentanyl,Cleared By Arrest
202465002,12/24/24 1:46,12/24/24 1:46,242252,N Lake St/Langdon St,Possession Of Methamphetamine,Cleared By Arrest
202465002,12/24/24 1:46,12/24/24 1:46,242252,N Lake St/Langdon St,Bail Jumping,Cleared By Arrest
202465002,12/24/24 1:46,12/24/24 1:46,242252,N Lake St/Langdon St,Bail Jumping,Cleared By Arrest
202465002,12/24/24 1:46,12/24/24 1:46,242252,N Lake St/Langdon St,Bail Jumping,Cleared By Arrest
202465002,12/24/24 1:46,12/24/24 1:46,242252,N Lake St/Langdon St,Bail Jumping,Cleared By Arrest
202465002,12/24/24 1:46,12/24/24 1:46,242252,N Lake St/Langdon St,Bail Jumping,Cleared By Arrest
,12/23/24 13:15,3/2/23,48157,On Campus Student Housing,Dating Violence-Aggravated Assault,Non-Police Report
,12/23/24 13:12,2/20/23,48156,On Campus Student Housing,Dating Violence-Rape,Non-Police Report
202464906,12/23/24 10:03,12/16/24 7:00,242250,805 Eagle Heights Dr,Fraud,Open Active
202464906,12/23/24 10:03,12/16/24 7:00,242250,805 Eagle Heights Dr,Theft Or Larceny,Open Active
202464891,12/23/24 8:26,12/23/24 7:30,242249,600 Highland Av,Theft Or Larceny,Closed
202464878,12/23/24 7:10,12/20/24 21:45,242248,21 N Park St,Graffiti,Open Active
202464793,12/22/24 14:32,12/22/24 14:32,242243,835 W Dayton St,Motor Vehicle Theft (E-Bike),Open Active
202464728,12/21/24 22:13,12/21/24 22:13,242242,University Ave/N Orchard St,Marijuana Possession,Verbal Warning
202464717,12/21/24 20:16,12/21/24 20:16,242241,770 W Dayton St,Theft Or Larceny,Open Active
202464698,12/21/24 18:14,12/21/24 18:14,242240,770 W Dayton St,Graffiti,Open Active
202464651,12/21/24 4:01,12/21/24 4:01,242238,600 Highland Ave,Obstructing/Resisting,Citation Issued
202464651,12/21/24 4:01,12/21/24 4:01,242238,600 Highland Ave,Obstructing/Resisting,Citation Issued
202464651,12/21/24 4:01,12/21/24 4:01,242238,600 Highland Ave,Theft Or Larceny,Citation Issued
202464551,12/20/24 15:00,12/20/24 15:00,242235,1550 Engineering Dr,Theft Or Larceny,Open Active
202464409,12/19/24 15:54,12/19/24 15:54,242229,600 Highland Av,Prisoner Throw/Expel Bodily Substancescleared By Arrest,nan
202464409,12/19/24 15:54,12/19/24 15:54,242229,600 Highland Av,Prisoner Throw/Expel Bodily Substancescleared By Arrest,nan
202464313,12/18/24 22:24,12/18/24 22:24,242224,800 Langdon St,Possession Of Dangerous Weapon,Open Active
202464313,12/18/24 22:24,12/18/24 22:24,242224,800 Langdon St,Theft Or Larceny,Open Active
202464313,12/18/24 22:24,12/18/24 22:24,242224,800 Langdon St,Armed Robbery,Open Active
202464276,12/18/24 18:35,12/18/24  4:15 PM - 6:00 PM,242222,600 N Park St,Theft Or Larceny,Open Active
202464270,12/18/24 17:59,12/17/24 9:15P - 12/18/24 5P,,797 W Dayton St,Theft Or Larceny,No Further Action
202464229,12/18/24 11:51,12/16/24 6P - 12/17/24 10A,242220,615 W Johnson St,Theft Or Larceny,Open Active
202464017,12/17/24 5:56,12/17/24 5:56,242207,975 University Av,Drug Paraphernalia,Cleared By Arrest
202464017,12/17/24 5:56,12/17/24 5:56,242207,975 University Av,Carrying A Concealed Knife,Cleared By Arrest
202464017,12/17/24 5:56,12/17/24 5:56,242207,975 University Av,Possess/Illegal Obtained Prescription,Cleared By Arrest
202464017,12/17/24 5:56,12/17/24 5:56,242207,975 University Av,Bail Jumping,Cleared By Arrest
202464017,12/17/24 5:56,12/17/24 5:56,242207,975 University Av,Bail Jumping,Cleared By Arrest
202464008,12/17/24 2:19,12/17/24 2:19,242206,1308 W Dayton St,Marijuana Possession,Verbal Warning
202463873,12/16/24 10:33,,,2526 Lake Mendota Dr,Theft Or Larceny,Open Active
202463873,12/16/24 10:33,,,2526 Lake Mendota Dr,Theft Or Larceny,Open Active
202463852,12/16/24 7:34,,242199,455 N Park St,Graffiti,Closed
202463851,12/16/24 7:30,,242198,75 E Campus Mall,Graffiti,Closed
202463776,12/15/24 18:53,12/15/24 18:53,,625 Elm Dr,Theft Or Larceny,No Further Action
202463729,12/15/24 8:22,12/15/24 2:35,242196,314 N Frances St,Criminal Damage,Open Active
202463688,12/15/24 0:15,12/15/24 0:15,242195,Farley Ave / Stevens St,Marijuana Possession,Citation Issued
202463688,12/15/24 0:15,12/15/24 0:15,242195,Farley Ave / Stevens St,Carrying A Concealed Weapon,Cleared By Arrest
202463584,12/14/24 8:11,12/14/24 8:11,,600 Highland Ave,Theft Or Larceny,Verbal Warning
202463537,12/14/24 1:36,12/14/24 1:36,242193,S Bassett St / W Washington Av Marijuana Possession,nan,Verbal Warning
202463497,12/13/24 21:30,12/13/24 21:30,242192,N Butler St / E Johnson St,Pursuit Or Eluding,Citation Issued
202463444,12/13/24 14:57,12/13/24  9:00 AM - 2:30 PM,242190,455 N Park St,Theft Or Larceny,Open Active
202463439,12/13/24 14:06,12/12/24  3:19 PM - 5:35 PM,242191,821 W Johnson St,Theft Or Larceny,Closed
202463425,12/13/24 12:00,,242188,975 Bascom Mall,Graffiti,Closed
202463404,12/13/24 8:43,12/12/24 22:09,242187,835 W Dayton St,Burglary,Open Active
202463373,12/13/24 2:42,12/13/24 2:42,,835 W Dayton St,Trespass Or Unauthorized Prese,Verbal Warning
202463275,12/12/24 13:23,12/11/24  7P - 12/12/24 11A,242184,2924 Harvey St,Theft Or Larceny,Closed
202463202,12/12/24 1:59,,242182,821 W Johnson St,Fraud,Open Active
202463186,12/11/24 23:12,12/11/24 23:12,242179,1579 Arboretum Dr,Bail Jumping,Cleared By Arrest
202463186,12/11/24 23:12,12/11/24 23:12,242179,1579 Arboretum Dr,Operating While Intoxicated (2Nd),Citation Issued
202463175,12/11/24 22:35,12/11/24 22:35,242178,S Park St / Braxton Pl,Obstructing/Resisting,Citation Issued
202463098,12/11/24 13:45,,242176,1650 Kronshage Dr,Theft Or Larceny,Open Active
202463042,12/11/24 5:17,12/11/24 5:17,,455 N Park St,Trespass Or Unauthorized Prese,Verbal Warning
202463006,12/10/24 23:50,12/10/24 23:50,242171,600 Highland Ave,Bail Jumping,Cleared By Arrest
202462915,12/10/24 15:41,12/9/24 2:25 PM - 3:15 PM,242167,600 N Park St,Theft Or Larceny,Open Active
202462910,12/10/24 14:44,12/10/24  2:14 PM - 2:44 PM,242168,1300 University Av,Theft Or Larceny,Closed
202462859,12/10/24 8:15,,242166,600 N Park St,Graffiti,Closed
202462821,12/10/24 0:42,12/10/24 0:04,242165,1520 Tripp Cir,Theft Or Larceny,Citation Issued
202462819,12/9/24 23:47,12/9/24 23:47,242164,N Charter St / W Dayton St,Pursuit Or Eluding,Cleared By Arrest
202462811,12/9/24 23:28,12/9/24 23:28,242163,S Park St / Braxton Pl,Marijuana Possession,Verbal Warning
202462761,12/9/24 18:56,12/9/24 16:00,242161,821 University Av,Fraud,Open Active
,12/9/24 17:02,12/7/24 23:30,47786,Non-Campus,Vandalism,Non-Police Report
202462675,12/9/24 8:44,,242158,600 N Park St,Graffiti,Closed
202462587,12/8/24 20:07,12/4/24 6PM - 12/5/24 9AM,242155,600 Highland Ave,Theft Or Larceny,Open Active
202462577,12/8/24 18:22,12/8/24 18:22,242156,On Campus,Dating Violence-Simple Assault,Clery Classification
202462523,12/8/24 10:52,12/8/24 1:00 AM - 10:00 AM,,420 N Park St,Theft Or Larceny,No Further Action
202462476,12/8/24 1:09,12/8/24 1:09,242152,On Campus Student Housing,Aggravated Assault,Clery Classification
202462468,12/8/24 0:41,12/8/24 0:41,242153,W Johnson St / N Carroll St,Armed With Firearm While Intoxicated,Cleared By Arrest
,12/7/24 19:25,12/7/24 3:00,20241734,835 W Dayton St,Marijuana Possession,Disciplinary Referral
202462271,12/7/24 1:26,12/7/24 1:26,242141,N Park St / W Dayton St,Prohib Alcohol Concentration (2Nd),Cleared By Arrest
202462271,12/7/24 1:26,12/7/24 1:26,242141,N Park St / W Dayton St,Operating While Intoxicated (2Nd),Cleared By Arrest
202462229,12/6/24 20:49,12/5/24 11P - 12/6/24 12A,242145,797 W Dayton St,Theft Or Larceny,Closed
202462120,12/6/24 6:47,12/6/24 6:47,,800 Langdon St,Trespass Or Unauthorized Prese,Verbal Warning
202462120,12/6/24 6:47,12/6/24 6:47,,800 Langdon St,Trespass Or Unauthorized Prese,Verbal Warning
202462108,12/6/24 4:01,12/6/24 4:01,242137,455 N Park St,Trespass Or Unauthorized Prese,Verbal Warning
202462108,12/6/24 4:01,12/6/24 4:01,242137,455 N Park St,Trespass Or Unauthorized Prese,Verbal Warning
202462095,12/6/24 1:10,12/6/24 1:10,242136,Campus Dr / Highland Ave,Marijuana Possession,No Further Action
202462095,12/6/24 1:10,12/6/24 1:10,242136,Campus Dr / Highland Ave,Drug Paraphernalia,No Further Action
202462045,12/5/24 20:02,12/5/24 20:02,242134,600 N Park St,Criminal Damage,Citation Issued
202461946,12/5/24 10:03,12/5/24 9:59,242127,610 Highland Av,Vandalism,No Further Action
202461855,12/4/24 21:02,12/4/24  8:00 PM - 8:15 PM,242125,615 W Johnson St,Burglary,Cleared By Arrest
202461799,12/4/24 14:26,11/27/24 3AM - 12/2/24 8AM,242124,1150 University Av,Motor Vehicle Theft (E-Scooter),Closed
202461792,12/4/24 14:04,24-Nov,,750 Highland Av,Theft Or Larceny,No Further Action
202461788,12/4/24 13:42,12/4/24  8:40 AM - 1:00 PM,242123,1308 W Dayton St,Theft Or Larceny,Closed
,12/4/24 13:26,12/4/24 11:45,47671,716 Langdon St,Vandalism,Non-Police Report
202461671,12/3/24 21:03,12/3/24 21:03,242120,600 Highland Av,Disorderly Conduct,Cleared By Arrest
202461671,12/3/24 21:03,12/3/24 21:03,242120,600 Highland Av,Simple Assault,Cleared By Arrest
202461671,12/3/24 21:03,12/3/24 21:03,242120,600 Highland Av,Simple Assault,Cleared By Arrest
202461671,12/3/24 21:03,12/3/24 21:03,242120,600 Highland Av,Simple Assault,Cleared By Arrest
,12/3/24 14:45,11/16/24 1:30,47656,Non-Campus,Sexual Assault,Non-Police Report
202461419,12/2/24 16:27,12/2/24 16:27,242114,600 Highland Av,Criminal Damage,Citation Issued
202461418,12/2/24 15:27,,242113,232 N Park St,Graffiti,Closed
,12/2/24 11:53,11/29/24 12:25,20241635,1440 Monroe St,Forgery Or Falsification,Disciplinary Referral
,12/2/24 11:30,11/29/24 12:06,20241634,1440 Monroe St,Forgery Or Falsification,Disciplinary Referral
,12/2/24 11:24,11/29/24 11:17,20241633,1440 Monroe St,Forgery Or Falsification,Disciplinary Referral
202461278,12/1/24 21:52,12/1/24 21:52,242107,455 N Park St,Trespass Or Unauthorized Prese,Citation Issued
202461278,12/1/24 21:52,12/1/24 21:52,242107,455 N Park St,Simple Assault,Cleared By Arrest
202461272,12/1/24 20:37,12/1/24 20:37,242105,University Ave / Marshall Ct,Drug Paraphernalia,Verbal Warning
202461245,12/1/24 18:21,12/1/24 18:21,242104,615 W Johnson St,Theft Or Larceny,Closed
202461228,12/1/24 16:40,12/1/24 16:40,242103,309 Eagle Heights Dr,Extortion,Closed
202461175,12/1/24 2:27,12/1/24 2:27,242100,S Park St / Erin St,Threat To Law Enforcement Officer,Cleared By Arrest
202461135,11/30/24 22:13,11/30/24 22:13,242098,480 Lincoln Dr,Trespass Or Unauthorized Prese,Citation Issued
202460931,11/29/24 15:11,11/29/24 15:11,242096,821 W Johnson St,Trespass Or Unauthorized Prese,Verbal Warning
202460924,11/29/24 13:19,11/29/24 13:19,242090,1440 Monroe St,Marijuana Possession,Verbal Warning
202460919,11/29/24 12:49,11/29/24 12:49,242086,1440 Monroe St,Obstructing/Resisting,Citation Issued
202460918,11/29/24 12:45,11/29/24 12:45,242085,1440 Monroe St,Theft Or Larceny,Citation Issued
202460915,11/29/24 12:29,11/29/24 12:29,242083,1440 Monroe St,Theft Or Larceny,Citation Issued