Case Number,Date/Time Reported,Incident Type,Date/Time Occurred,Location,Disposition,Unnamed: 6,Unnamed: 7,Unnamed: 8,Unnamed: 9,Unnamed: 10
202500008640/32,3/23/25 2:14,DRUNK IN PUBLIC/UNDERAGE POSSESSION/FICTITIOUS ID,3/23/25 2:14,13:27 W Main St,Arrest,,,,,
202500008652/55,3/23/25 2:14,DRUNK IN PUBLIC/UNDERAGE POSSESSION/FICTITIOUS ID,3/23/25 2:14,13:27 W Main St,Arrest,,,,,
202500008656/54,3/23/25 9:50,ASSAULT,3/23/25 9:50,12:15 Lee St,Active,,,,,
202500008690/64,3/23/25 17:25,ASSIST AGENCY OTHER,3/23/25 17:25,29:65 Ivy Rd,Transferred to Other Agency,,,,,
202500008701/55,3/23/25 20:28,TRAFFIC STOP/FIELD INVESTIGATION,3/23/25 20:28,11:06 W Main St,Suspended,,,,,
202500008709/55,3/23/25 21:50,TRAFFIC STOP/FIELD INVESTIGATION,3/23/25 21:50,University Ave @ Culbreth Rd,Suspended,,,,,
202500008767/27,3/24/25 14:12,LARCENY,3/23/25 16:00,3:82 McCormick Rd,Active,,,,,
202500008784/47,3/24/25 4:39,ACCIDENT,3/24/25 4:39,Massie Rd @ Copeley Rd,Suspended,,,,,
202500008789/27,3/24/25 17:17,ASSIST CITIZEN/MEDICAL,3/24/25 17:17,5:15 Ray C Hunt Dr,Non-Criminal,,,,,
202500008801/46,3/24/25 20:11,LARCENY/FRAUD/TRESPASS/DRUG EQUIPMENT VIOLATION,3/24/25 7:10,2:04 Emmet St S,Arrest,,,,,
202500008814/77,3/24/25 22:47,FOUND PROPERTY,3/24/25 22:35,1:23 Emmet St N,Non-Criminal,,,,,
202500008838/66,3/25/25 9:06,ASSIST CITIZEN MEDICAL,3/25/25 9:00,McCormick Rd @ Cabell Dr,Non-Criminal,,,,,
202500008844/27,3/25/25 10:00,TRAFFIC STOP/FIELD INVESTIGATION,3/25/25 10:00,1:45 McCormick Rd,Suspended,,,,,
202500008856/66,3/25/25 13:51,PROPERTY DAMAGE,3/24/25 9:00,1:10 Breeden Way,Non-Criminal,,,,,
202500008865/53,3/25/25 17:56,FOUND PROPERTY,3/25/25 16:55,12:15 Lee St,Non-Criminal,,,,,
202500008871/77,3/24/25 22:32,LARCENY,3/24/25 22:32,12:15 Lee St,Active,,,,,
202500008873/46,3/25/25 20:41,TRAFFIC STOP/FIELD INVESTIGATION,3/25/25 20:41,Emmet St S @ Sprigg Ln,Suspended,,,,,
202500008897/69,3/25/25 23:12,FOUND PROPERTY,3/25/25 23:12,Rugby Rd at Carr's Hill,Non-Criminal,,,,,
202500008923/34,3/26/25 7:55,ASSIST AGENCY WARRANT SERVICE,3/26/25 7:55,12:22 JPA,Transferred to Other Agency,,,,,
202500008925/38,3/26/25 9:53,ASSIST AGENCY-BACKUP/ASSIST/FIRE-NOT ARSON,3/26/25 9:53,5:55 McCormick Rd,Non-Criminal,,,,,
202500008928/64,3/26/25 10:47,LARCENY,3/26/25 0:00,6:00 Brandon Avenue,Active,,,,,
202500008930/72,3/26/25 11:08,SHOPLIFTING,3/25/25 17:38,4:00 Emmet St,Suspended,,,,,
202500008932/64,3/26/25 10:55,MOTOR VEHICLE THEFT,3/26/25 10:00,15:40 Jefferson Park Ave,Active,,,,,
202500008936/64,3/26/25 14:32,LARCENY,3/24/25 6:30,12:15 Lee St,Active,,,,,
202500008937/54,3/26/25 15:50,UNUSUAL CIRCUMSTANCES,3/25/25 15:50,1:00 Darden Blvd,Non-Criminal,,,,,
202500008942/72,3/26/25 17:13,VANDALISM,3/26/25 17:00,12:15 Lee St,Suspended,,,,,
202500008954/52,3/26/25 21:19,ASSIST CITIZEN MEDICAL,3/26/25 21:19,1:09 Culbreth Rd,Non-Criminal,,,,,
202500008989/24,3/27/25 6:01,ASSIST CITIZEN MEDICAL,3/27/25 6:01,5:61 McCormick Rd,Non-Criminal,,,,,
202500008992/34,3/27/25 6:58,TRESPASS/ASSIST AGENCY WARRANT SERVICE,3/27/25 6:58,1:60 McCormick Rd,Arrest,,,,,
202500008993/54,3/27/25 7:02,LARCENY,3/26/25 16:00,6:95 Nash Dr,Active,,,,,
202500009007/54,3/27/25 11:58,ACCIDENT,3/27/25 11:58,2:90 Massie Rd,Suspended,,,,,
202500009008/34,3/27/25 12:18,LARCENY/FRAUD,3/26/25 18:45,12:15 Lee St,Active,,,,,
202500009009/72,3/27/25 12:57,ACCIDENT,3/27/25 11:50,McCormick Rd.,Suspended,,,,,
202500009010/1:01,3/27/25 13:43,RAPE,2/1/23 0:01,23:04 Ivy Rd,Suspended,,,,,
202500009015/77,3/27/25 17:03,LARCENY,3/27/25 16:00,12:15 Lee St,Suspended,,,,,
202500009027/73,3/27/25 20:27,TRAFFIC STOP/FIELD INVESTIGATION,3/27/25 20:27,2:00 14th St NW,Suspended,,,,,
202500009044/55,3/27/25 21:57,TRAFFIC STOP/REVOKED DRIVER'S LICENSE,3/27/25 21:57,2:11 Emmet St S,Arrest,,,,,
202500009047/52,3/27/25 22:26,ASSIST CITIZEN MEDICAL,3/27/25 22:26,2:05 Sprigg Ln,Non-Criminal,,,,,
202500009063/52,3/27/25 23:40,ASSIST CITIZEN MEDICAL,3/27/25 23:40,5:05 Edgemont Rd,Non-Criminal,,,,,
202500009065/77,3/27/25 23:54,TRAFFIC STOP/FIELD INVESTIGATION,3/27/25 23:54,2:52 McCormick Rd,Suspended,,,,,
202500009082/32,3/28/25 3:02,ASSIST CITIZEN MEDICAL,3/28/25 3:02,Jefferson Park @ Brandon Ave,Non-Criminal,,,,,
202500009095/62,3/28/25 9:41,TRAFFIC STOP/FIELD INVESTIGATION,3/28/25 9:41,Newcomb Rd S,Suspended,,,,,
202500009098/62,3/28/25 10:04,TRAFFIC STOP/FIELD INVESTIGATION,3/28/25 10:04,1:90 McCormick Rd,Suspended,,,,,
202500009104/62,3/28/25 11:08,PROPERTY DAMAGE,3/28/25 10:48,12:15 Lee St,Non-Criminal,,,,,
202500009144/69,3/28/25 18:11,HIT AND RUN,3/28/25 14:16,1:17 11th St,Suspended,,,,,
202500009148/73,3/28/25 20:08,TRAFFIC STOP/FIELD INVESTIGATION,3/28/25 20:08,McCormick Rd @ Newcomb Rd,Suspended,,,,,
202500009169/2:03,3/28/25 21:53,TRAFFIC STOP/FIELD INVESTIGATION,3/28/25 21:53,3:82 McCormick Rd,Suspended,,,,,
202500009173/44,3/28/25 22:32,TRAFFIC STOP/FIELD INVESTIGATION,3/28/25 22:32,5:40 Massie Rd,Suspended,,,,,
202500009174/78,3/28/25 22:29,ASSIST CITIZEN MEDICAL,3/28/25 22:29,5:65 McCormick Rd,Non-Criminal,,,,,
202500009179/44,3/28/25 23:21,TRAFFIC STOP/FIELD INVESTIGATION,3/28/25 23:21,Stadium Rd @ Emmet St,Suspended,,,,,
202500009194/46,3/29/25 1:45,ASSIST CITIZEN MEDICAL/UNDERAGE POSSESION/DIP,3/29/25 1:45,10 Bonnycastle Dr,Suspended,,,,,
202500009221/62,3/29/25 9:11,TRAFFIC STOP/FIELD INVESTIGATION,3/29/25 9:11,2:52 McCormick Rd,Suspended,,,,,
202500009250/57,3/29/25 12:27,MOTOR VEHICLE THEFT,3/29/25 0:46,2:88 Massie Rd,Active,,,,,
202500009275/85,3/29/25 16:34,ASSIST CITIZEN/ WELFARE CHECK,3/29/25 16:34,4:78 Floyd Dr 3:48,Non-Criminal,,,,,
202500009276/57,3/29/25 16:59,LOST PROPERTY,3/29/25 13:30,12:15 Lee St,Active,,,,,
202500009277/27,3/29/25 16:49,FOUND PROPERTY/FICTITIOUS IDENTITY,3/29/25 16:49,1:28 Amphitheater Way,Non-Criminal,,,,,
202500009278/2:12,3/29/25 17:13,TRAFFIC STOP/FIELD INVESTIGATION,3/29/25 17:13,McCormick Rd @ Hancock Dr,Suspended,,,,,
202500009279/53,3/29/25 17:05,ASSIST CITIZEN/WELFARE CHECK,3/14/25 0:01,5:08 Floyd Dr,Active,,,,,
202500009280/62,3/29/25 17:07,SAFEKEEPING,3/29/25 17:00,12:15 Lee St,Non-Criminal,,,,,
202500009281/2:12,3/29/25 17:31,TRAFFIC STOP/FIELD INVESTIGATION,3/29/25 17:31,1:00 Oakhurst Cir,Suspended,,,,,
202500009285/69,3/29/25 19:01,CONCERNING CIRCUMSTANCES,3/28/25 16:00,5:11 Brandon Ave,Suspended,,,,,
202500009358/27,3/30/25 7:23,ASSIST CITIZEN MEDICAL,3/30/25 7:23,3:51 McCormick Rd,Non-Criminal,,,,,
202500009383/62,3/30/25 12:23,TRAFFIC STOP/FIELD INVESTIGATION,3/30/25 12:23,Alderman Rd @ Treehouse Dr,Suspended,,,,,
202500009419/44,3/30/25 22:27,DISORDERLY CONDUCT/BRANDISHING A WEAPON/TRESPASSING,3/30/25 22:20,12:15 Lee St,Suspended,,,,,
202400009423/2:14,3/31/25 1:16,THREATENING MESSAGE,22:23 3-30-20:25,23:04 Ivy Road,Transferred to Other Agency,,,,,
202500009435/69,3/31/25 4:53,FOUND PROPERTY,3/31/25 4:53,12:15 Lee St,Non-Criminal,,,,,
202500009440/34,3/31/25 8:49,DRIVER'S EXCHANGE,3/31/25 8:49,5:40 Massie Rd,Non Criminal,,,,,
202500009444/79,3/31/25 9:45,ASSIST AGENCY OTHERE,3/31/25 9:45,12:15 Lee St,Transferred to Other Agency,,,,,
202500009451/87,3/31/25 10:54,TRESPASS,3/25/25 8:00,5:00 Ray C Hunt Dr,Active,,,,,
202500009452/77,3/31/25 11:15,TRAFFIC STOP/FIELD INVESTIGATION,3/31/25 11:15,Emmet St @ Sprigg Ln,Suspended,,,,,
202500009455/77,3/31/25 11:52,ASSIST AGENCY WARRANT SERVICE,3/31/25 11:52,12:15 Lee St,Transferred to Other Agency,,,,,
202500009456/79,3/31/25 11:58,ASSAULT,3/31/25 11:46,12:15 Lee St,Suspended,,,,,
202500009464/87,3/31/25 14:31,SHOPLIFTING/TRESPASSING,3/31/25 13:47,4:00 Emmet St S,Active,,,,,
202500009470/38,3/31/25 16:23,LOST PROPERTY,3/31/25 15:00,4:09 McCormick Rd,Non-Criminal,,,,,
202500009475/55,3/31/25 19:49,TRAFFIC STOP/ FIELD INVESTIGATION,3/31/25 19:49,23:06 Ivy Rd,Suspended,,,,,
202500009486/55,3/31/25 22:34,MOTOR VEHICLE THEFT,3/31/25 13:55,16:05 Jefferson Park Ave,Suspended,,,,,
202500009547/87,4/1/25 11:49,ASSIST AGENCY WARRANT SERVICE,4/1/25 11:49,12:15 Lee St,Transferred to Other Agency,,,,,
202500009562/77,4/1/25 15:40,SAFEKEEPING,4/1/25 15:40,12:15 Lee St,Non-Criminal,,,,,
202500009583/32,4/1/25 20:40,TRAFFIC STOP/FIELD INVESTIGATION,4/1/25 20:40,Massie Rd @ Emmet St,Suspended,,,,,
202500009586/75,4/1/25 20:47,TRAFFIC STOP/FIELD INVESTIGATION,4/1/25 20:47,1:60 McCormick Rd,Suspended,,,,,
202500009587/55,4/1/25 20:49,TRAFFIC STOP/FIELD INVESTIGATION,4/1/25 20:49,Ivy Rd @ 2:50 Bypass,Suspended,,,,,
202500009588/75,4/1/25 20:56,TRAFFIC STOP/FIELD INVESTIGATION,4/1/25 20:56,1:60 McCormick Rd,Suspended,,,,,
202500009593/55,4/1/25 21:07,TRAFFIC STOP/FIELD INVESTIGATION,4/1/25 21:07,2:50 Bypass,Suspended,,,,,
202500009609/75,4/1/25 22:37,TRAFFIC STOP/FIELD INVESTIGATION,4/1/25 22:37,1:60 McCormick Rd,Suspended,,,,,
202500009614/55,4/1/25 23:21,TRAFFIC STOP/ FIELD INVESTIGATION,4/1/25 23:21,Cherry Ave @ 6th St,Suspended,,,,,
202500009629/55,4/2/25 0:55,TRAFFIC STOP/ FIELD INVESTIGATION,4/2/25 0:55,3:28 29 Bypass,Suspended,,,,,
202500009661/55,4/2/25 5:15,TRAFFIC STOP/FIELD INVESTIGATION,4/2/25 5:15,Stadium Rd @ Emmet St.,Suspended,,,,,
202500009665/55,4/2/25 5:39,TRAFFIC STOP/FIELD INVESTIGATION,4/2/25 5:39,18:15 Stadium Rd,Suspended,,,,,
202500009674/57,4/2/25 8:41,ASSIST CITIZEN/WELFARE CHECK,4/2/25 4:34,11:15 Wertland St,Non Criminal,,,,,
202500009696/77,4/2/25 12:03,TRAFFIC STOP/FIELD INVESTIGATION,4/2/25 12:03,4:09 Lane Rd,Suspended,,,,,
202500009697/27,4/2/25 11:54,FRAUD,3/14/25 8:00,7:95 Alderman Rd,Suspended,,,,,
202500009699/77,4/2/25 12:33,TRAFFIC STOP/FIELD INVESTIGATION,4/2/25 12:33,13:40 Jefferson Park Ave,Suspended,,,,,
202500009724/85,4/2/25 16:23,LARCENY,3/31/25 12:00,3:45 Crispell Dr,Active,,,,,
202500009750/44,4/2/25 22:37,ASSIST CITIZEN MEDICAL,4/2/25 22:37,2:10 Emmet St S,Non-Criminal,,,,,
202500009806/53,4/3/25 9:42,MISSING PERSON,4/3/25 7:00,12:15 Lee St,Non-Criminal,,,,,
202500009818/27,4/3/25 10:49,MOTOR VEHICLE THEFT,4/3/25 0:00,5:55 McCormick Rd,Suspended,,,,,
202500009820/77,4/3/25 10:59,TRAFFIC STOP/FIELD INVESTIGATION,4/3/25 10:59,4:09 Lane Rd,Suspended,,,,,
202500009833/73,4/3/25 12:50,TRAFFIC STOP/FIELD INVESTIGATION,4/3/25 12:50,9:43 Preston Ave,Suspended,,,,,
202500009836/85,4/3/25 12:42,HIT AND RUN,4/2/25 18:45,2:01 Cabell Dr,Suspended,,,,,
202500009841/73,4/3/25 13:46,TRAFFIC STOP/FIELD INVESTIGATION,4/3/25 13:46,12:15 Wertland St,Suspended,,,,,
202500009847/57,4/3/25 15:01,SAFEKEEPING,4/3/25 15:01,23:04 Ivy Rd,Non-Criminal,,,,,
202500009853/77,4/3/25 15:43,TRAFFIC STOP/FIELD INVESTIGATION,4/3/25 15:43,Lane Rd @ Jefferson Park Ave,Suspended,,,,,
202500009855/27,4/3/25 15:48,ASSIST CITIZEN,4/3/25 15:48,7:74 Alderman Rd,Non-Criminal,,,,,
202500009872/26,4/3/25 20:33,TRAFFIC STOP/FIELD INVESTIGATION,4/3/25 20:33,12:04 W Main St,Suspended,,,,,
202500009882/28,4/3/25 21:40,CONCERNING CIRCUMSTANCES,4/3/25 16:45,1:90 McCormick Rd,Non-Criminal,,,,,
202500009886/44,4/3/25 22:04,TRAFFIC STOP/FIELD INVESTIGATION,4/3/25 22:04,1:45 McCormick Rd,Suspended,,,,,
202500009893/44,4/3/25 22:32,TRAFFIC STOP/FIELD INVESTIGATION,4/3/25 22:32,1:45 McCormick Rd,Suspended,,,,,
202500009897/44,4/3/25 22:45,TRAFFIC STOP/FIELD INVESTIGATION,4/3/25 22:45,16:19 University Ave,Suspended,,,,,
202500009929/38,4/4/25 8:03,MOTOR VEHICLE THEFT,4/3/25 15:15,4:30 Tree House Dr,Active,,,,,
202500009930/34,4/4/25 8:10,ACCIDENT,08:05 04-2:04,3:04 Peyton CT,Suspended,,,,,
202500009962/38,4/4/25 14:06,ACCIDENT,13:52 04-2:04,85 Engineer's Way,Suspended,,,,,
202500010007/58,4/4/25 20:59,HIT AND RUN,4/4/25 6:30,18:15 Stadium Rd,Active,,,,,
202500010008/73,4/4/25 21:06,TRAFFIC STOP/FIELD INVESTIGATION,4/4/25 21:06,Carr's Hill @ Rugby Rd,Suspended,,,,,
202500010011/55,4/4/25 21:14,TRAFFIC STOP/FIELD INVESTIGATION,4/4/25 21:14,Ivy Rd @ Farmington Dr,Suspended,,,,,
202500010016/55,4/4/25 21:43,TRAFFIC STOP/FIELD INVESTIGATION,4/4/25 21:43,28:71 Ivy Rd,Suspended,,,,,
202500010017/55,4/4/25 21:54,TRAFFIC STOP/FIELD INVESTIGATION,4/4/25 21:54,28:71 Ivy Rd,Suspended,,,,,
202500010020/75,4/4/25 22:01,TRAFFIC STOP/FIELD INVESTIGATION,4/4/25 22:01,1:60 McCormick Rd,Suspended,,,,,
202500010023/75,4/4/25 22:26,TRAFFIC STOP/FIELD INVESTIGATION,4/4/25 22:26,Chancellor St @ Rugby Rd,Suspended,,,,,
202500010036/55,4/4/25 23:35,TRAFFIC STOP/FIELD INVESTIGATION,4/4/25 23:35,Farmington Dr @ Ivy Rd,Suspended,,,,,
202500010049/26,4/5/25 0:35,TRAFFIC STOP/FIELD INVESTIGATION,4/5/25 0:35,Rugby Rd @ Grady Ave,Suspended,,,,,
2025000010093/34,4/5/25 10:27,LOST PROPERTY,4/4/25 14:00,14 East Lawn,Non-Criminal,,,,,
202500010106/34,4/5/25 14:05,ACCIDENT PROPERTY DAMAGE,4/5/25 13:55,McCormick Rd @ University Ave,Suspended,,,,,
202500010126/73,4/5/25 20:26,TRAFFIC STOP/FIELD INVESTIGATION,4/5/25 20:26,University Cir @ Rugby Rd,Suspended,,,,,
202500010128/52,4/5/25 20:28,SIMPLE ASSAULT,4/5/25 19:30,10:15 Massie Rd,Suspended,,,,,
202500010143/75,4/5/25 22:19,ASSIST CITIZEN MEDICAL,4/5/25 22:00,1:64 McCormick Rd,Non-Criminal,,,,,
202500010170/75,4/6/25 3:17,ASSIST CITIZEN MENTAL,4/6/25 2:30,20 Bonnycastle Dr,Non-Criminal,,,,,
202500010177/75,4/6/25 5:29,ASSIST CITIZEN MEDICAL/DRUG VIOLATION,4/6/25 5:29,5:71 McCormick Rd,Suspended,,,,,
202500010180/38,4/6/25 8:30,ACCIDENT,4/6/25 8:30,1:17 11th St.,Suspended,,,,,
202500010211/75,4/6/25 19:23,ASSIST CITIZEN MEDICAL,4/6/25 19:20,2:10 Emmet St S,Non-Criminal,,,,,
202500010213/32,4/6/25 19:43,TRAFFIC STOP/FIELD INVESTIGATION,4/6/25 19:43,Ivy Rd @ Cameron Ln,Suspended,,,,,
202500010231/75,4/6/25 23:15,TRAFFIC STOP/FIELD INVESTIGATION,4/6/25 23:15,Alderman Rd @ Tree House Dr,Suspended,,,,,
202500010237/75,4/7/25 0:06,TRAFFIC STOP/FIELD INVESTIGATION,4/7/25 0:06,2:01 Sprigg Ln,Suspended,,,,,
202500010239/75,4/7/25 0:20,LARCENY,4/6/25 15:00,4:35 Tree House Dr,Suspended,,,,,
202500010244/58,4/7/25 1:03,ASSIST CITIZEN MEDICAL,4/7/25 1:00,92 Monroe Hill Rd,Non-Criminal,,,,,
202500010280/77,4/7/25 8:51,TRAFFIC STOP/FIELD INVESTIGATION,4/7/25 8:51,Lane Rd @ Crispell Dr,Suspended,,,,,
202500010307/77,4/7/25 11:40,THREATENING/OBSCENE PHONE CALLS,4/4/25 23:20,12:15 Lee St,Active,,,,,
202500010329/62,4/7/25 14:01,TRAFFIC STOP/FIELD INVESTIGATION,4/7/25 14:01,19:00 Carr's Hill Rd,Suspended,,,,,
202500010341/62,4/7/25 14:48,TRAFFIC STOP/FIELD INVESTIGATION,4/7/25 14:48,Arlington Blvd @ Buckler Dr,Suspended,,,,,
2025000010354/45,4/7/25 15:27,LOST PROPERTY,3/31/25 0:01,15:40 Jefferson Park Ave,Non-Criminal,,,,,
202500010361/62,4/7/25 16:26,PROPERTY DAMAGE,4/2/25 15:30,5:40 Massie Rd,Non-Criminal,,,,,
202500010363/85,4/7/25 16:41,TRAFFIC STOP/FIELD INVESTIGATION,4/7/25 16:41,McCormick Rd @ Hereford Dr,Suspended,,,,,
202500010365/85,4/7/25 16:42,MOTOR VEHICLE THEFT,4/6/25 18:36,2:91 McCormick Rd,Active,,,,,
202500010374/85,4/7/25 18:15,GRAND LARCENY,4/6/25 20:00,Floyd Dr @ Alderman Rd,Suspended,,,,,
202500010385/44,4/7/25 20:51,TRAFFIC STOP/FIELD INVESTIGATION,4/7/25 20:51,Stadium Rd @ Emmet St,Suspended,,,,,
202500010388/44,4/7/25 21:02,TRAFFIC STOP/FIELD INVESTIGATION,4/7/25 21:02,Thomson Rd @ Alderman Rd,Suspended,,,,,
202500010462/85,4/8/25 9:37,TRAFFIC STOP/FIELD INVESTIGATION,4/8/25 9:37,McCormick Rd @ Hereford Dr,Suspended,,,,,
202500010466/85,4/8/25 9:35,LARCENY,4/6/25 23:45,5:26 Floyd Dr,Suspended,,,,,
202500010468/66,4/8/25 9:47,ASSIST CITIZEN MENTAL,4/8/25 9:41,14:13 University Ave,Non-Criminal,,,,,
202500010485/85,4/8/25 11:35,ACCIDENT,4/8/25 11:35,Treehouse Dr,Non-Criminal,,,,,
202500010491/62,4/8/25 12:14,TRAFFIC STOP/FIELD INVESTIGATION,4/8/25 12:14,University Ave @ McCormick Rd,Suspended,,,,,
202500012492/82,4/26/25 19:35,ASSIST CITIZEN MEDICAL/UNDERAGE POSESSION,4/26/25 19:35,1:80 McCormick Rd,Suspended,,,,,
2025000010521/85,4/8/25 16:55,ASSIST AGENCY/IMPERSONATION OF A POLICE OFFICER,4/8/25 16:30,4:00 Emmet St S,Transferred to Other Agency,,,,,
202500010527/28,4/8/25 19:06,FOUND PROPERTY,4/8/25 19:06,12:15 Lee St,Non-Criminal,,,,,
202500010533/69,4/8/25 20:35,ASSIST CITIZEN,4/8/25 20:35,5:25 McCormick Rd,Non-Criminal,,,,,
202500010573/46,4/9/25 4:10,TRESPASS,4/9/25 4:10,12:15 Lee St,Arrest,,,,,
202500010576/69,4/9/25 5:53,TRESPASS,4/9/25 5:53,Alderman Rd @ George Welsh Way,Suspended,,,,,
202500010587/34,4/9/25 11:03,PROPERTY DAMAGE,4/9/25 8:55,5:00 Ray C Hunt Dr,Non-Criminal,,,,,
202500010588/64,4/9/25 11:36,LOST PROPERTY,4/3/25 18:00,4:50 McCormick RD,Non-Criminal,,,,,
202500010589/87,4/9/25 10:08,DRIVER'S EXCHANGE,4/9/25 10:08,10:01 Emmet St N,Non Criminal,,,,,
2025000010590/38,4/9/25 12:06,LOST PROPERTY,4/8/25 13:00,12:15 Lee St,Non-Criminal,,,,,
202500010592/34,4/9/25 13:03,ASSIST CITIZEN MEDICAL,4/9/25 13:03,5:20 Edgemont Rd,Non-Criminal,,,,,
202500010601/87,4/9/25 15:21,LARCENY THEFT FROM BUILDING,3/30/25 19:00,5:25 McCormick Rd,Suspended,,,,,
202500010604/64,4/9/25 16:15,HARASSMENT BY PHONE,4/9/25 16:09,3:51 McCormick Rd,Non Criminal,,,,,
202500010607/87,4/9/25 17:39,THREATENING COMMUNICATIONS,4/9/25 17:35,23:04 Ivy Rd,Active,,,,,
202500010608/38,4/9/25 17:56,PROPERTY DAMAGE,4/9/25 15:30,12:10 Lee St.,Non-Criminal,,,,,
2025000010611/55,4/9/25 18:44,DAMAGE,4/8/25 9:15,5:50 Brandon Ave,Non-Criminal,,,,,
202500010643/52,4/9/25 22:53,ACCIDENT,4/9/25 22:53,McCormick Rd @ Cabell Dr,Non Criminal,,,,,
202500010661/52,4/10/25 2:33,ASSIST CITIZEN MEDICAL,4/10/25 2:33,4:36 McCormick Rd,Non-Criminal,,,,,
202500010663/24,4/10/25 2:30,LOST PROPERTY,4/9/25 20:00,23:04 Ivy Rd,Non Criminal,,,,,
202500010695/77,4/10/25 9:07,TRAFFIC STOP/FIELD INVESTIGATION,4/10/25 9:07,13:40 Jefferson Park Ave,Suspended,,,,,
202500010704/38,4/10/25 8:20,DRIVER'S EXCHANGE,4/10/25 8:20,1:17 11th St SW,Non Criminal,,,,,
202500010736/34,4/10/25 14:34,HIT AND RUN,4/10/25 14:25,2:45 Hereford Dr,Active,,,,,
2025000010747/71,4/10/25 16:15,ASSIST CITIZEN/WELFARE CHECK,4/10/25 16:15,2:15 Hereford,Non-Criminal,,,,,
202500010764/79,4/10/25 20:16,ASSIST CITIZEN/MENTAL,4/10/25 20:16,12:15 Lee ST,Non Criminal,,,,,
202500010770/51,4/10/25 21:00,DRIVER'S EXCHANGE,4/10/25 21:00,1:17 11th St SW,Non Criminal,,,,,
202500010781/73,4/10/25 22:13,TRAFFIC STOP/FIELD INVESTIGATION,4/10/25 22:13,Emmet St N @ Emmet St,Suspended,,,,,
202500010784/73,4/10/25 22:20,TRAFFIC STOP/FIELD INVESTIGATION,4/10/25 22:20,4:45 Rugby Rd,Suspended,,,,,
202500010806/32,4/11/25 1:33,TRAFFIC VIOLATION/FICTICIOUS ID,4/11/25 1:07,2:52 McCormick Rd,Active,,,,,
202500010808/32,4/11/25 1:33,TRAFFIC VIOLATION/FICTICIOUS ID,4/11/25 1:07,2:52 McCormick Rd,Active,,,,,
202500010811/51,4/11/25 2:12,TRESPASS,4/11/25 2:12,12:15 Lee St,Arrest,,,,,
202500010837/53,4/11/25 9:18,CONCERNING COMMUNICATION,4/10/25 18:30,4:00 Emmet St S,Non-Criminal,,,,,
202500010864/79,4/11/25 12:22,ASSIST AGENCY/WARRANT SERVICE,4/11/25 12:22,12:15 Lee St,Transferred to Other Agency,,,,,
202500010867/2:12,4/11/25 12:43,FOUND PROPERTY,4/11/25 12:43,23:04 Ivy Rd,Non-Criminal,,,,,
202300010872/79,4/11/25 14:44,TRESPASSING,4/11/25 14:44,2:02 Jeanette Lancaster Way,Suspended,,,,,
202500010876/27,4/11/25 17:04,SIMPLE ASSAULT,4/11/25 17:04,12:15 Lee St,Suspended,,,,,
202500010881/46,4/11/25 19:49,LARCENY,4/11/25 18:59,2:95 Massie Rd,Suspended,,,,,
202500010882/69,4/11/25 20:10,DRIVER'S EXCHANGE,4/11/25 20:10,18:15 Stadium Rd,Non-Criminal,,,,,
202500010891/69,4/11/25 21:34,ASSIST CITIZEN-MEDICAL/UNDERAGE POSSESSION,4/11/25 21:34,5:61 McCormick Rd,Suspended,,,,,
202500010906/26,4/11/25 23:33,TRAFFIC STOP/FIELD INVESTIGATION,4/11/25 23:33,University Ave @ Chancellor,Suspended,,,,,
202500010912/28,4/12/25 0:10,ASSIST AGENCY/WARRANT SERVICE,4/12/25 0:10,12:15 Lee St,Transferred to Other Agency,,,,,
202500010914/26,4/12/25 0:17,TRAFFIC STOP,4/12/25 0:00,16:19 University Ave,Active,,,,,
202500010915/2:04,4/12/25 0:32,TRAFFIC STOP/FIELD INVESTIGATION,4/12/25 0:32,University Ave @ Culbreth Rd,Suspended,,,,,
202500010922/44,4/12/25 1:41,ASSIST CITIZEN-MEDICAL/UNDERAGE POSSESSION,4/12/25 1:41,1:28 Madison Ln,Suspended,,,,,
202500010923/69,4/12/25 1:38,ASSIST AGENCY,4/12/25 1:38,12:15 Lee St,Transferred to Other Agency,,,,,
202500010925/28,4/12/25 2:14,ASSIST CITIZEN-MEDICAL/UNDERAGE POSSESSION/ FICT. ID,4/12/25 2:14,5:79 McCormick Rd,Suspended,,,,,
202500010927/69,4/12/25 2:44,ASSIST CITIZEN-MEDICAL/UNDERAGE POSSESSION,4/12/25 2:44,2:25 Hereford Dr,Suspended,,,,,
202500010966/27,4/12/25 11:59,TRAFFIC STOP/FIELD INVESTIGATION,4/12/25 11:59,5:11 Brandon Ave,Suspended,,,,,
202500010954/53,4/12/25 10:29,LOST PROPERTY,4/11/25 14:00,16:05 Jefferson Park Ave,Non-Criminal,,,,,
202500010964/45,4/12/25 11:47,LARCENY,4/7/25 0:01,5:28 Floyd Dr,Active,,,,,
202500010975/45,4/12/25 12:55,SUSPICIOUS COMMUNICATION,4/11/25 23:20,2:25 Hereford Dr,Non-Criminal,,,,,
202500010981/62,4/12/25 13:48,TRAFFIC STOP/FIELD INVESTIGATION,4/12/25 13:48,1 Dawson's,Suspended,,,,,
202500010982/53,4/12/25 13:52,VERBAL THREATS,4/9/25 23:59,12:15 Lee St,Non Criminal,,,,,
202500011002/73,4/12/25 18:56,TRAFFIC STOP/FIELD INVESTIGATION,4/12/25 18:56,12:01 W Main St,Suspended,,,,,
202500011010/46,4/12/25 20:05,TRAFFIC STOP/FIELD INVESTIGATION,4/12/25 20:05,1:60 McCormick Rd,Suspended,,,,,
202500011032/26,4/12/25 22:35,TRAFFIC STOP,4/12/25 22:35,Culbreth Rd @ University Ave,Suspended,,,,,
202500011035/69,4/12/25 22:43,ASSIST CITIZEN-MEDICAL/UNDERAGE POSSESSION,4/12/25 19:30,5:71 McCormick Rd,Suspended,,,,,
202500011052/46,4/13/25 2:54,ASSIST CITIZEN-MEDICAL,4/13/25 2:54,1:63 Rugby Rd,Suspended,,,,,
202500011063/2:10,4/13/25 7:48,THREAT ASSESSMENT,4/13/25 7:48,12:15 Lee St,Non-Criminal,,,,,
202500011085/62,4/13/25 11:05,TRAFFIC STOP/FIELD INVESTIGATION,4/13/25 11:05,1:02 Amphitheater Way,Suspended,,,,,
202500011086/57,4/13/25 11:13,TRAFFIC STOP/FIELD INVESTIGATION,4/13/25 11:13,1:60 McCormick Rd,Suspended,,,,,
202500011090/62,4/13/25 11:55,TRAFFIC STOP/FIELD INVESTIGATION,4/13/25 11:55,2:52 McCormick Rd,Suspended,,,,,
202500011094/62,4/13/25 13:02,TRAFFIC STOP/FIELD INVESTIGATION,4/13/25 13:02,64 Lambeth Commons,Suspended,,,,,
202500011112/62,4/13/25 17:21,TRAFFIC STOP/FIELD INVESTIGATION,4/13/25 17:21,6:08 Preston Pl,Suspended,,,,,
202500011124/62,4/13/25 20:36,TRAFFIC STOP/FIELD INVESTIGATION,4/13/25 20:36,Rugby Rd @ Gordon Ave,Suspended,,,,,
202500011125/69,4/13/25 20:43,FIREWORKS VIOLATION,4/13/25 20:43,5:13 12TH St,Suspended,,,,,
202500011133/44,4/13/25 21:36,MOTOR VEHICLE THEFT,4/13/25 20:55,1:60 McCormick Rd,Active,,,,,
202500011160/28,4/14/25 4:34,ASSIST CITIZEN/MEDICAL,4/14/25 4:34,5:83 Brandon Ave,Non-Criminal,,,,,
202500011169/54,4/14/25 9:46,SHOPLIFTING,4/13/25 15:36,4:00 Emmet St,Active,,,,,
202500011170/34,4/14/25 9:39,ACCIDENT,4/14/25 8:56,13:00 Jefferson Park Ave,Active,,,,,
202500011178/34,4/14/25 10:43,LARCENY THEFT FROM MOTOR VEHICLE,4/10/25 6:30,3:80 Crispell Dr,Suspended,,,,,
202500011182/87,4/14/25 13:45,TRAFFIC STOP/FIELD INVESTIGATION,4/14/25 13:45,10:35 Millmont St,Suspended,,,,,
202500011190/54,4/14/25 17:18,GRAND LARCENY,4/14/25 8:39,5:00 Brandon Ave,Active,,,,,
202500011192/38,4/14/25 18:05,VERBAL THREATS,4/14/25 15:00,12:15 Lee St,Active,,,,,
202500011199/55,4/14/25 20:25,TRAFFIC STOP/FIELD INVESTIGATION,4/14/25 20:25,2:90 Massie Rd,Suspended,,,,,
202500011205/32,4/14/25 20:56,STALKING,4/14/25 20:56,12:15 Lee St,Active,,,,,
2025000011214/24,4/14/25 22:11,LOST PROPERTY,4/14/25 18:00,16:05 Jefferson Park Ave,Non-Criminal,,,,,
202500011224/55,4/15/25 1:27,MOTOR VEHICLE THEFT,4/14/25 20:07,1:60 McCormick Rd,Active,,,,,
202500011245/77,4/15/25 8:07,TRAFFIC STOP/FIELD INVESTIGATION,4/15/25 8:07,Lane Rd,Suspended,,,,,
2025000011274/38,4/15/25 11:22,PROPERTY DAMAGE,4/14/25 10:30,1:23 Emmet St N,Non-Criminal,,,,,
202500011282/34,4/15/25 12:56,HIT AND RUN,4/15/25 7:00,12:10 Lee St,Suspended,,,,,
202500011285/38,4/15/25 13:18,LOST PROPERTY,4/11/25 21:30,2:95 Massie Rd,Non-Criminal,,,,,
202500011292/77,4/15/25 14:10,TRAFFIC STOP/FIELD INVESTIGATION,4/15/25 14:10,Crispell Dr @ Lee St,Suspended,,,,,
202500011297/54,4/15/25 14:32,CONCERNING CIRCUMSTANCES,4/12/25 12:00,35 Hancock Dr,Non-Criminal,,,,,
202500011301/77,4/15/25 15:23,TRAFFIC STOP/FIELD INVESTIGATION,4/15/25 15:23,Lee St @ Crispell Dr,Suspended,,,,,
202500011307/79,4/15/25 16:11,TRESPASS,10/11/24 10:24,12:40 Lee St,Suspended,,,,,
202500011312/87,4/15/25 17:51,CONCERNING CIRCUMSTANCES,4/12/25 12:00,2:25 Hereford Dr,Non-Criminal,,,,,
202500011313/79,4/15/25 17:51,LOST PROPERTY,4/15/25 13:51,12:15 Lee St,Non-Criminal,,,,,
202500011316/55,4/15/25 19:32,LOST PROPERTY,4/15/25 12:30,3:51 McCormick Rd,Non-Criminal,,,,,
202500011329/55,4/15/25 20:32,TRAFFIC STOP/FIELD INVESTIGATION,4/15/25 20:32,Alderman Rd @ Whitehead Rd,Suspended,,,,,
202500011334/75,4/15/25 21:10,ASSAULT,4/15/25 20:48,2:95 Massie Rd,Suspended,,,,,
202500011335/55,4/15/25 21:20,TRAFFIC STOP/FIELD INVESTIGATION,4/15/25 21:20,Fontaine Ave @ Ray C Hunt,Suspended,,,,,
202500011341/1:01,4/15/25 22:11,ASSIST CITZEN MEDICAL,4/15/25 22:11,2:95 Massie Rd,Suspended,,,,,
202500011344/75,4/15/25 23:15,ASSIST CITIZEN MENTAL/TRESPASS/ DRUG VIOLATION,4/15/25 19:00,2:95 Massie Rd,Suspended,,,,,
202500011354/32,4/16/25 2:20,ASSIST CIIZEN MEDICAL,4/16/25 2:20,5:11 Brandon Ave,Non-Criminal,,,,,
202500011377/85,4/16/25 8:26,ACCIDENT,4/16/25 8:25,10:15 Massie Rd,Non-Criminal,,,,,
202500011398/66,4/16/25 11:02,ACCIDENT,4/16/25 10:57,Jefferson Park Ave @ Brandon Ave,Non-Criminal,,,,,
202500011402/27,4/16/25 12:03,PROPERTY DAMAGE,4/7/25 1:00,5:80 Massie Rd,Non-Criminal,,,,,
202500011407/85,4/16/25 12:08,RAPE,4/13/25 1:30,4:76 Faulkner Way,Active,,,,,
202500011409/77,4/16/25 12:28,TRAFFIC STOP/FIELD INVESTIGATION,4/16/25 12:28,Lane Rd @ Jefferson Park Ave,Suspended,,,,,
202500011419/27,4/16/25 14:10,DRIVER EXCHANGE,4/16/25 14:10,6:21 Nash Dr,Non-Criminal,,,,,
2025000011424/53,4/16/25 15:20,LOST PROPERTY,4/16/25 14:25,2:65 Hereford Dr,Non-Criminal,,,,,
202500011428/45,4/16/25 16:14,PROPERTY DAMAGE,4/15/25 23:30,Treehouse Dr @ Alderman Rd,Non-Criminal,,,,,
202500011431/66,4/16/25 16:48,LOST PROPERTY,4/16/25 14:30,14 East Lawn,Non-Criminal,,,,,
202500011432/66,4/16/25 17:09,TRAFFIC STOP/FIELD INVESTIGATION,4/16/25 17:09,Jefferson Park Ave @ Emmet St S,Suspended,,,,,
202500011435/45,4/16/25 17:44,ASSIST CIIZEN MEDICAL,4/16/25 17:44,5:65 McCormick Rd,Non-Criminal,,,,,
202500011436/66,4/16/25 17:48,FOUND PROPERTY,4/16/25 17:30,1:80 McCormick Rd,Non-Criminal,,,,,
202500011447/82,4/16/25 20:05,ASSIST CITIZEN MENTAL,4/16/25 20:05,74 Lambeth Commons,Non-Criminal,,,,,
202500011455/45,4/16/25 21:17,TRAFFIC STOP/FIELD INVESTIGATION,4/16/25 21:17,9:99 Grove St,Suspended,,,,,
202500011471/82,4/16/25 22:40,VANDALISM,4/16/25 21:30,1:60 McCormick Rd,Suspended,,,,,
202500011499/69,4/17/25 3:51,TRAFFIC STOP/FIELD INVESTIGATION,4/17/25 3:51,Minor Rd @ Alderman Rd,Suspended,,,,,
202500011503/78,4/17/25 6:12,SEX OFFENSE,4/15/25 16:15,12:15 Lee St,Suspended,,,,,
202500011504/45,4/17/25 7:34,ASSIST CITIZEN MEDICAL,4/17/25 7:34,5:79 McCormick Rd,Non-Criminal,,,,,
202500011527/77,4/17/25 10:27,TRAFFIC STOP/FIELD INVESTIGATION,4/17/25 10:27,4:15 Lane Rd,Suspended,,,,,
202500011557/62,4/17/25 15:42,TRAFFIC STOP/FIELD INVESTIGATION,4/17/25 15:42,2:52 McCormick Rd,Suspended,,,,,
202500011565/85,4/17/25 17:19,ASSIST AGENCY,4/17/25 17:19,5:85 McCormick Rd,Transferred to Other Agency,,,,,
202500011567/71,4/17/25 17:41,PROPERTY DAMAGE,4/15/25 6:30,18:15 Stadium Rd,Suspended,,,,,
202500011569/76,4/17/25 18:31,LOST PROPERTY,4/17/25 16:00,5:10 Massie Rd,Non-Criminal,,,,,
202500011571/26,4/17/25 19:54,TRAFFIC STOP/FIELD INVESTIGATION,4/17/25 19:54,University Ave @ McCormick Rd,Suspended,,,,,
202500011574/79,4/17/25 20:55,ASSAULT SIMPLE/TRESPASS,4/17/25 20:55,12:15 Lee St,Suspended,,,,,
202500011589/71,4/17/25 22:44,ASSIST CITIZEN/MEDICAL,4/17/25 22:44,5:79 McCormick Rd,Non-Criminal,,,,,
202500011615/44,4/18/25 2:20,SHOPLIFTING,4/18/25 1:58,12:15 Lee St,Suspended,,,,,
202500011618/69,4/18/25 2:37,ASSIST CITIZEN/MEDICAL,4/18/25 2:37,25 Hancock Dr,Non-Criminal,,,,,
202500011633/79,4/18/25 8:43,ASSIST CITIZEN/WELFARE CHECK,4/18/25 8:43,15:40 Jefferson Park Ave,Non-Criminal,,,,,
202500011645/34,4/18/25 11:06,ASSIST CITIZEN/MEDICAL,4/18/25 10:30,15:40 Jefferson Park Ave,Non-Criminal,,,,,
202500011659/54,4/18/25 16:42,GRAND LARCENY,4/18/25 9:00,3:51 McCormick Rd,Active,,,,,
202500011660/38,4/18/25 16:50,ACCIDENT,4/18/25 16:50,1:23 Emmet St,Suspended,,,,,
202500011661/87,4/18/25 16:59,ASSIST CITIZEN MENTAL,4/18/25 16:59,12:15 Lee St,Non-Criminal,,,,,
202500011665/51,4/18/25 19:02,LARCENY,1/13/25 10:00,5:20 Floyd Dr,Active,,,,,
202500011674/77,4/18/25 21:08,TRAFFIC STOP/FIELD INVESTIGATION,4/18/25 21:08,2:56 McCormick Rd,Suspended,,,,,
202500011684/55,4/18/25 22:07,LOST PROPERTY,4/18/25 17:30,4:36 McCormick Rd,Active,,,,,
202500011688/77,4/18/25 22:55,ASSIST CITIZEN/WELFARE CHECK,4/18/25 22:55,1:33 Chancellor St,Suspended,,,,,
202500011697/24,4/19/25 0:32,ASSIST CITIZEN MEDICAL/UNDERAGE POSSESION,4/19/25 0:32,1:89 Culbreth Rd,Suspended,,,,,
202500011703/55,4/19/25 1:15,TRAFFIC STOP/FIELD INVESTIGATION,4/19/25 1:15,Emmet St @ Thomson Rd,Suspended,,,,,
202500011704/32,4/19/25 1:17,TRAFFIC STOP/FIELD INVESTIGATION,4/19/25 1:17,Emmet St @ University Ave,Suspended,,,,,
202500011727/55,4/19/25 5:01,TRAFFIC STOP/FIELD INVESTIGATION,4/19/25 5:01,Jefferson Park Ave @ Shamrock Rd,Suspended,,,,,
202500011728/51,4/19/25 5:30,ASSIST CITIZEN/MEDICAL,4/19/25 5:30,1:00 14th St NW,Non-Criminal,,,,,
202500011745/38,4/19/25 9:40,TOWED VEHICLE,4/19/25 9:40,2:35 Hereford Dr,Non-Criminal,,,,,
202500011751/87,4/19/25 10:44,LOST PROPERTY,4/18/25 23:00,1:45 McCormick Rd,Non-Criminal,,,,,
202500011758/38,4/19/25 14:08,LOST PROPERTY,4/18/25 13:00,5:25 McCormick Rd,Non-Criminal,,,,,
202500011770/73,4/19/25 19:11,TRAFFIC STOP/FIELD INVESTIGATION,4/19/25 19:11,9:43 Preston Ave,Suspended,,,,,
202500011771/51,4/19/25 19:23,ASSIST CITIZEN/MEDICAL,4/19/25 19:23,5:05 Edgemont Rd,Non-Criminal,,,,,
202500011789/52,4/19/25 21:53,LARCENY,4/19/25 19:58,10:15 Massie Rd,Active,,,,,
202500011802/32,4/20/25 0:10,ASSIST CITIZEN/MEDICAL/UNDERAGE POSSESSION,4/20/25 0:10,18:27 University Ave,Suspended,,,,,
202500011803/2:04,4/20/25 0:20,DUI/REFUSAL OF BREATH TEST,4/20/25 0:20,14:27 University Ave,Arrest,,,,,
202500011821/52,4/26/25 3:07,UNDERAGE POSESSION/ASSIST CITIZEN,4/26/25 3:07,1:30 Culbreth Rd,Suspended,,,,,
202500011831/55,4/20/25 4:14,TRAFFIC STOP/FIELD INVESTIGATION,4/20/25 4:14,University Ave @ Emmet St,Suspended,,,,,
202500011835/87,4/20/25 8:18,PROPERTY DAMAGE,4/20/25 8:18,4:85 McCormick Rd,Non-Criminal,,,,,
202500011848/87,4/20/25 11:31,TRAFFIC STOP/FIELD INVESTIGATION,4/20/25 11:31,University Ave @ Chancellor St,Suspended,,,,,
202500011856/87,4/20/25 14:13,ASSIST CITIZEN/MEDICAL,4/20/25 14:13,1:09 Culbreth Rd,Non-Criminal,,,,,
202500011877/24,4/20/25 22:45,ASSIST CITIZEN/MEDICAL,4/20/25 22:45,10:15 Massie Rd,Non-Criminal,,,,,
202500011880/51,4/20/25 23:18,ASSIST CITIZEN/WELFARE CHECK,4/20/25 23:18,2:25 Hereford Dr,Non-Criminal,,,,,
202500011897/52,4/21/25 6:20,ASSAULT,4/21/25 6:20,12:15 Lee St,Active,,,,,
202500011917/57,4/21/25 12:51,ASSIST CITIZEN,4/21/25 12:51,18:15 Stadium Rd,Non-Criminal,,,,,
202500011920/53,4/21/25 13:19,LOST PROPERTY,4/18/25 7:30,18:15 Stadium Rd,Non-Criminal,,,,,
202500011939/28,4/21/25 18:38,ASSIST CITIZEN MENTAL,4/21/25 18:38,12:15 Lee St,Non-Criminal,,,,,
202500011941/44,4/21/25 19:59,PROPERTY DAMAGE,4/21/25 13:15,10:15 Massie Rd,Non-Criminal,,,,,
202500011956/78,4/21/25 23:10,ASSIST CITIZEN MENTAL,4/21/25 23:10,84 Monroe Hill Rd,Non-Criminal,,,,,
202500012000/62,4/22/25 9:52,LOST PROPERTY,4/19/25 19:00,10:15 Massie Rd,Non-Criminal,,,,,
202500012018/79,4/22/25 12:49,ASSIST CTIZEN/TRESPASS,4/22/25 12:49,12:15 Lee St,Suspended,,,,,
202500012028/57,4/22/25 15:02,ASSIST CTIZEN MEDICAL,4/22/25 15:02,McCormick Rd @ Newcomb Rd,Non-Criminal,,,,,
202500012032/62,4/22/25 16:07,MOTOR VEHICLE THEFT,4/7/25 8:00,2:90 Massie Rd,Suspended,,,,,
202500012034/85,4/22/25 16:41,TRAFFIC STOP/FIELD INVESTIGATION,4/22/25 16:41,3:51 McCormick Rd,Suspended,,,,,
202500012041/28,4/22/25 19:45,ASSIST CITIZEN MEDICAL,4/22/25 19:45,10:15 Massie Rd,Non-Criminal,,,,,
202500012124/77,4/23/25 10:24,TRAFFIC STOP/FIELD INVESTIGATION,4/23/25 10:24,Lane Rd @ Jefferson Park Ave,Suspended,,,,,
202500012132/38,4/23/25 13:10,FOUND PROPERTY,3/23/25 7:00,24:00 Old Ivy Rd,Non-Criminal,,,,,
202500012176/75,4/23/25 21:15,TRAFFIC STOP/FIELD INVESTIGATION,4/23/25 21:15,Massie Rd,Suspended,,,,,
202500012228/2:13,4/24/25 9:34,OBSCENE PHONE CALL,4/20/25 16:24,12:15 Lee St,Suspended,,,,,
202500012207/75,4/24/25 2:29,TRAFFIC STOP/FIELD INVESTIGATION,4/24/25 2:29,University Ave,Suspended,,,,,
202500012241/77,4/24/25 10:46,TRAFFIC STOP/FIELD INVESTIGATION,4/24/25 10:46,Lane Rd @ Crispell Dr,Suspended,,,,,
202500012247/77,4/24/25 12:39,ASSIST CITIZEN MEDICAL,4/24/25 12:39,5:00 Ray C Hunt Dr,Non-Criminal,,,,,
202500012249/79,4/24/25 12:54,ASSAULT,4/24/25 12:30,12:15 Lee St,Suspended,,,,,
202500012268/79,4/24/25 16:31,PROPERTY DAMAGE,4/23/25 18:30,1:17 11th St SW,Suspended,,,,,
202500012272/38,4/24/25 17:25,LARCENY,4/24/25 15:30,16:05 Jefferson Park Ave,Active,,,,,
202500012277/79,4/24/25 18:13,ASSIST AGENCY,4/24/25 18:13,81 Hospital Dr,Active,,,,,
202500012280/58,4/24/25 19:41,VANDALISM,4/24/25 19:41,12:15 Lee St,Suspended,,,,,
202500012282/55,4/24/25 20:09,TRAFFIC STOP/FIELD INVESTIGATION,4/24/25 20:09,8:53 W Main St,Suspended,,,,,
202500012285/55,4/24/25 20:34,TRAFFIC STOP/FIELD INVESTIGATION,4/24/25 20:34,11:17 Emmet St,Suspended,,,,,
202500012295/75,4/24/25 21:44,ASSIST CITIZEN MEDICAL,4/24/25 21:40,4:00 Monroe Ln,Non-Criminal,,,,,
202500012310/58,4/24/25 23:35,ASSIST CITIZEN MEDICAL,4/24/25 23:35,92 Monroe Hill,Non-Criminal,,,,,
202500012330/75,4/24/25 3:02,TRAFFIC VIOLATION,4/24/25 21:10,5:11 Brandon Ave,Suspended,,,,,
202500012344/79,4/25/25 7:48,ACCIDENT,4/25/25 7:48,1:17 11th St SW,Suspended,,,,,
202500012347/57,4/25/25 9:13,ACCIDENT,4/25/25 9:13,5:55 McCormick Rd,Non-Criminal,,,,,
202500012350/57,4/25/25 9:49,ASSIST AGENCY,4/25/25 9:46,17:00 Stadium Rd,Non-Criminal,,,,,
202500012355/79,4/25/25 10:29,TRESPASS,4/25/25 10:29,21 Hospital Dr,Suspended,,,,,
202500012343/66,4/25/25 7:54,PUBLIC DISPLAY,4/24/25 20:00,15:40 Jefferson Park Ave,Non-criminal,,,,,
202500012361/66,4/25/25 12:44,ACCIDENT,4/25/25 12:42,Lee St @ Jefferson Park Ave,Suspended,,,,,
202500012376/62,4/25/25 15:28,LARCENY THEFT FROM BUILDING,4/14/25 13:00,4:35 Tree House Dr,Active,,,,,
202500012383/62,4/25/25 16:47,HARASSMENT,2/1/25 8:00,35 Hancock Dr,Suspended,,,,,
202500012396/73,4/25/25 20:53,TRAFFIC STOP/FIELD INVESTIGATION,4/25/25 20:53,1:34 10th St NW,Suspended,,,,,
202500012403/44,4/25/25 21:54,TRAFFIC STOP/FIELD INVESTIGATION,4/25/25 21:54,13:35 Lee St,Suspended,,,,,
202500012404/44,4/25/25 22:27,TRAFFIC ACCIDENT,4/25/25 22:27,4:72 Faulkner Way,Active,,,,,
2025000012426/45,4/26/25 6:53,ASSIST CITIZEN MEDICAL,4/26/25 6:53,25 Hancock Dr,Non-Criminal,,,,,
2025000012441/45,4/26/25 9:26,LOST PROPERTY,4/26/25 9:26,85 Engineer's Way,Non-Criminal,,,,,
202500012478/51,4/26/25 16:23,DRIVER'S EXCHANGE,4/26/25 16:23,1:80 Culbreth Rd,Non Criminal,,,,,
202500012479/53,4/26/25 16:30,TRESPASS,4/26/25 16:30,5:14 Buckler Dr,Suspended,,,,,
202500012483/57,4/26/25 17:21,FOUND PROPERTY,17:26 4-26-20:25,23:04 Ivy Rd,Non-Criminal,,,,,
202500012487/73,4/26/25 18:18,TRAFFIC STOP/FIELD INVESTIGATION,4/26/25 18:18,11:06 W Main St,Suspended,,,,,
202500012489/57,4/26/25 18:36,TRESPASS,4/26/25 18:36,2:04 Emmet St S,Suspended,,,,,
202500012492/82,4/26/25 19:35,ASSIST CITIZEN MEDICAL/UNDERAGE POSESSION,4/26/25 19:35,1:80 McCormick Rd,Suspended,,,,,
202500012497/44,4/26/25 20:35,ASSIST CITIZEN MEDICAL,4/26/25 20:33,1:80 McCormick Rd,Non-Criminal,,,,,
202500012501/82,4/26/25 21:17,ASSIST CITIZEN MEDICAL,4/26/25 21:17,5:55 McCormick Rd,Non-Criminal,,,,,
202500012503/78,4/26/25 21:25,TRESPASS,4/26/25 20:03,4:34 Lannigan Ln,Suspended,,,,,
202500012509/82,4/26/25 23:02,ASSIST AGENCY WARRANT SERVICE,4/26/25 23:02,12:15 Lee St,Transferred to Other Agency,,,,,
202500012521/69,4/27/25 2:53,ASSIST CITIZEN MEDICAL,4/27/25 2:53,5:20 Floyd Dr,Non-Criminal,,,,,
202500012527/27,4/27/25 7:37,FOUND PROPERTY,07:37 4-27-20:25,2:01 Sprigg Ln,Suspended,,,,,
202500012554/85,4/27/25 14:17,MOTOR VEHICLE THEFT/LARCENY,4/27/25 3:23,1:65 Rugby Rd,Suspended,,,,,
202500012567/71,4/27/25 18:59,VANDALISM,4/27/25 17:15,4:50 Whitehead Rd,Non Criminal,,,,,
202500012589/71,4/28/25 2:59,POSSIBLE KIDNAPPING,3/11/24 17:00,12:15 Lee St,Active,,,,,
202500012599/77,4/28/25 8:36,TRAFFIC STOP/FIELD INVESTIGATION,4/28/25 8:36,Crispell Dr @ Lee St,Suspended,,,,,
202500012605/34,4/28/25 9:17,LARCENY,4/26/25 9:03,4:25 Tree House Dr,Suspended,,,,,
202500012609/72,4/28/25 9:53,ACCIDENT,4/28/25 9:53,12:10 Lee St,Non-Criminal,,,,,
202500012611/77,4/28/25 10:17,ASSIST AGENCY,4/28/25 10:15,13:35 Lee St,Non-Criminal,,,,,
202500012621/64,4/28/25 12:33,PROPERTY DAMAGE,4/28/25 12:33,29:55 Ivy Rd,Non-Criminal,,,,,
202500012625/77,4/28/25 13:35,TRAFFIC STOP/FIELD INVESTIGATION,4/28/25 13:35,Crispell Dr @ Lee St,Suspended,,,,,
202500012628/72,4/28/25 13:51,LARCENY THEFT FROM MOTOR VEHICLE,4/15/25 22:00,12:10 Lee St,Suspended,,,,,
202500012629/38,4/28/25 14:11,LARCENY,4/28/25 14:07,4:78 Floyd Dr,Active,,,,,
202500012658/75,4/28/25 20:59,ASSIST CITIZEN MEDICAL,4/28/25 12:00,7:75 Alderman Rd,Non-Criminal,,,,,
202500012659/52,4/28/25 21:10,ASSAULT,4/28/25 12:00,12:15 Lee St,Active,,,,,
202500012671/75,4/28/25 22:59,LARCENY,4/26/25 18:00,5:25 McCormick Rd,Suspended,,,,,
202500012714/64,4/29/25 9:28,ASSIST CITIZEN MEDICAL,4/29/25 9:28,1:64 McCormick Rd,Non-Criminal,,,,,
202500012732/77,4/29/25 11:23,ASSIST CITIZEN MEDICAL,4/29/25 11:23,12:22 Jefferson Park Ave,Non-Criminal,,,,,
202500012735/79,4/29/25 12:18,DRIVER EXCHANGE,4/29/25 12:18,1:02 Amphitheater Way,Non-Criminal,,,,,
202500012756/77,4/29/25 14:55,TRAFFIC STOP/FIELD INVESTIGATION,4/29/25 14:55,Lane Rd @ Crispell Dr,Suspended,,,,,
202500012758/72,4/29/25 14:52,CONCERNING COMMUNICATION,4/25/25 11:00,12:15 Lee St,Non-Criminal,,,,,
202500012765/64,4/29/25 15:30,FRAUD,4/29/25 13:26,Leonard Sandridge Rd,Suspended,,,,,
202500012768/54,4/29/25 16:10,LOST PROPERTY,4/28/25 19:30,1:80 McCormick Rd,Non-Criminal,,,,,
202500012769/38,4/29/25 16:44,LARCENY THEFT FROM BUILDING,4/29/25 16:21,4:00 Emmet St,Active,,,,,
202500012778/79,4/29/25 20:44,TRESPASS,4/29/25 20:44,12:10 Lee St,Suspended,,,,,
202500012782/52,4/29/25 21:15,CONCERNING COMMUNICATION,4/29/25 18:01,13:40 Jefferson Park Ave,Non-Criminal,,,,,
202500012791/75,4/29/25 22:12,ASSAULT/TRESPASS,4/29/25 22:05,4:78 Floyd Dr,Suspended,,,,,
202500012794/27,4/29/25 23:08,FOUND PROPERTY,23:08 4-29-20:25,16:05 Jefferson Park Ave,Non-Criminal,,,,,
202500012797/52,4/30/25 0:21,FAMILY OFFENSE NON VIOLENT,00:21 4-30-20:25,12:15 Lee St,Non-Criminal,,,,,
202500012802/52,4/30/25 1:00,ASSIST CITIZEN MEDICAL,4/30/25 1:00,6:00 Brandon Ave,Non-Criminal,,,,,
202500012818/52,4/30/25 4:50,ASSAULT,4/30/25 4:30,12:15 Lee St,Suspended,,,,,
202500012828/62,4/30/25 8:54,LARCENY,4/25/25 12:00,13:35 Lee St,Active,,,,,
202500012837/77,4/30/25 11:34,ASSAULT,4/30/25 11:34,12:15 Lee St,Suspended,,,,,
202500012838/57,4/30/25 12:34,TRAFFIC STOP/FIELD INVESTIGATION,4/30/25 12:34,W Main St @ Jefferson Park Ave,Suspended,,,,,
202500012794/27,4/29/25 23:08,FOUND PROPERTY,23:08 4-29-20:25,16:05 Jefferson Park Ave,Non-Criminal,,,,,
202500012842/66,4/30/25 16:54,THREATENING/OBSCENE PHONE CALLS,4/30/25 16:25,14:13 University Ave,SuspendedCase_Number,Date_Time_Reported,Incident_Type,Date_Time_Occurred,Location,Disposition
202500000055/38,1/1/25 16:08,LOST PROPERTY,1/1/25 13:30,5:50 Brandon Ave,Non-Criminal,,,,,
202500000062/52,1/1/25 19:01,CONCERNING CIRCUMSTANCES/ POLICY VIOLATION,1/1/25 19:01,12:15 Lee St,Non-Criminal,,,,,
202500000067/55,1/1/25 20:00,TRAFFIC STOP/FIELD INVESTIGATION,1/1/25 20:00,Ivy Rd and 2:50 Bypass,Suspended,,,,,
202500000068/55,1/1/25 20:23,TRAFFIC STOP/FIELD INVESTIGATION,1/1/25 20:23,24:96 Old Ivy Rd,Suspended,,,,,
202500000076/32,1/1/25 21:38,TRAFFIC STOP/FIELD INVESTIGATION,1/1/25 21:38,1:11 Maury Ave,Suspended,,,,,
202500000079/32,1/1/25 22:00,TRAFFIC STOP/FIELD INVESTIGATION,1/1/25 22:00,Lane Rd at Crispell Dr,Suspended,,,,,
202500000081/75,1/1/25 22:16,TRAFFIC STOP/FIELD INVESTIGATION,1/1/25 22:16,8:18 Cherry Ave,Suspended,,,,,
202500000083/75,1/1/25 22:45,TRAFFIC STOP/FIELD INVESTIGATION,1/1/25 22:45,Crispell Dr at Lane Rd,Suspended,,,,,
202500000088/55,1/1/25 23:15,TRAFFIC STOP/FIELD INVESTIGATION,1/1/25 23:15,22:12 Ivy Rd,Suspended,,,,,
202500000116/79,1/3/25 7:07,FOUND PROPERTY,1/3/25 6:45,12:15 Lee St,Non-Criminal,,,,,
202500000145/1:02,1/2/25 11:15,RAPE/ DATING VIOLENCE,9/1/22 0:01,4:30 Tree House Dr,Suspended,,,,,
202500000153/73,1/2/25 14:38,TRAFFIC STOP/FIELD INVESTIGATION,1/2/25 14:38,9:00 Page St.,Suspended,,,,,
202500000158/79,1/2/25 15:17,LARCENY,12/4/24 16:26,12:15 Lee St,Suspended,,,,,
202500000213/45,1/3/25 8:12,PROPERTY DAMAGE,12/30/24 15:06,2:35 McCormick Rd,Non-Criminal,,,,,
202500000233/66,1/3/25 11:50,STALKING,12/15/24 12:00,66 Lambeth Commons,Suspended,,,,,
202500000236/79,1/3/25 13:16,ASSIST AGENCY-WARRANT SERVICE,1/3/25 13:16,12:15 Lee St,Transferred to Other Agency,,,,,
202500000247/62,1/3/25 15:51,TRAFFIC STOP/FIELD INVESTIGATION,12/3/24 15:51,Roosevelt Brown Blvd @ W Main St,Suspended,,,,,
202500000262/73,1/3/25 18:38,TRAFFIC STOP/FIELD INVESTIGATION,1/3/25 18:38,11:14 Emmet St N,Suspended,,,,,
202500000404/69,1/4/25 19:39,ASSIST AGENCY,1/4/25 19:39,12:15 Lee St,Non Criminal,,,,,
202500000439/69,1/5/25 1:39,ASSIST AGENCY/WARRANT SERVICE,1/5/25 1:39,12:15 Lee St,Transferred to Other Agency,,,,,
202500000468/27,1/5/25 12:13,CONCERNING BEHAVIOR,1/4/25 14:18,2:95 Massie Rd,Non-Criminal,,,,,
202500000492/62,1/5/25 17:31,TRAFFIC STOP/FIELD INVESTIGATION,1/5/25 17:31,Alderman Rd @ Cemetery Dr,Suspended,,,,,
202500000496/69,1/5/25 19:22,UNAUTHORIZED USE OF MOTOR VEHCILE,1/5/25 18:18,12:15 Lee St,Suspended,,,,,
202500000497/44,1/5/25 19:48,TRAFFIC STOP/ FIELD INVESTIGATION,1/5/25 19:48,Jefferson Park Ave @ Lee St,Suspended,,,,,
202500000499/69,1/5/25 21:00,ACCIDENT,1/5/25 21:00,6:00 Brandon Ave,Active,,,,,
202500000508/71,1/6/25 1:09,ASSIST CITIZEN MEDICAL,1/6/25 1:09,5:20 Seymour Rd,Non-Criminal,,,,,
202500000521/72,1/6/25 13:45,PROPERTY DAMAGE,1/6/25 13:35,2:15 Hereford Dr,Suspended,,,,,
202500000533/32,1/6/25 18:22,LOST PROPERTY,12/7/24 18:30,10 Bonnycastle DR,Non-Criminal,,,,,
202500000593/1:02,1/7/25 8:20,CONCERNING BEHAVIOR,1/2/25 9:13,23:04 Ivy Rd,Suspended,,,,,
202500000610/64,1/7/25 12:16,PROPERTY DAMAGE,1/7/25 12:00,13:35 Lee St,Non-Criminal,,,,,
202500000611/79,1/7/25 12:23,SHOPLIFTING,1/7/25 12:00,12:15 Lee St,Suspended,,,,,
202500000622/64,1/7/25 14:52,HIT & RUN,1/7/25 14:50,12:10 Lee St,Suspended,,,,,
202500000623/79,1/7/25 15:03,HIT & RUN,15:03,12:15 Lee St,Active,,,,,
202500000624/72,1/7/25 15:22,FOUND PROPERTY,1/7/25 15:22,Minor Rd @ Alderman Rd,Non-Criminal,,,,,
202500000663/62,1/8/25 7:32,DISORDERLY CONDUCT/VANDALISIM,1/8/25 7:30,12:15 Lee St,Arrest,,,,,
202500000690/62,1/8/25 14:28,ASSAULT,1/8/25 14:10,12:15 Lee St,Active,,,,,
202500000692/57,1/8/25 14:21,ACCIDENT,1/8/25 13:45,McCormick Rd @ Emmet St,Non-Criminal,,,,,
202500000698/2:05,1/8/25 17:09,ASSIST AGENCY,12/27/25 9:30,23:04 Ivy Rd,Transferred to Other Agency,,,,,
202500000703/45,1/8/25 17:55,Concerning Messages,1/6/25 18:16,23:04 Ivy Rd,Non-Criminal,,,,,
202500000709/78,1/8/25 20:44,FOUND PROPERTY,1/8/25 20:00,12:15 Lee St,Non Criminal,,,,,
202500000750/78,1/9/25 2:56,TRESPASS,1/9/25 2:56,12:15 Lee St,Suspended,,,,,
202500000757/44,1/9/25 4:46,FIELD INVESTIGATION/TRAFFIC STOP,1/9/25 4:46,10:01 Emmet St N,Suspended,,,,,
202500000764/62,1/9/25 8:03,TRAFFIC STOP/FIELD INVESTIGATION,1/9/25 8:03,9:00 W Main St,Suspended,,,,,
202500000776/62,1/9/25 10:18,TRAFFIC STOP/FIELD INVESTIGATION,1/9/25 10:18,1:02 Amphitheater Way,Suspended,,,,,
202500000778/62,1/9/25 10:44,TRAFFIC STOP/FIELD INVESTIGATION,1/9/25 10:44,Rugby Rd @ University Ave,Suspended,,,,,
20250000779/57,1/9/25 10:53,LOST PROPERTY,1/8/25 12:00,3:95 McCormick Rd,Non-Criminal,,,,,
20250000782/57,1/9/25 11:57,LOST PROPERTY,11/20/24 11:00,4:50 Ray C Hunt Dr,Non-Criminal,,,,,
202500000787/57,1/9/25 12:58,CONCERNING CIRCUMSTANCE,12/31/24 19:00,23:04 Ivy Rd,Non-Criminal,,,,,
20250000791/62,1/9/25 13:26,DRIVER'S EXCHANGE,1/9/25 13:26,5:15 Ray C Hunt Dr,Non Criminal,,,,,
20250000813/73,1/9/25 20:56,TRAFFIC STOP/FIELD INVESTIGATION,1/9/25 20:56,Elliewood Ave @ University Ave,Suspended,,,,,
20250000885/38,1/10/25 8:43,ASSIST CITIZEN MEDICAL,1/10/25 8:00,1:02 Amphitheater Way,Non-Criminal,,,,,
20250000903/79,1/10/25 12:50,VERBA ARGUMENT,1/10/25 12:50,12:15 Lee St,Non-Criminal,,,,,
202500000913/54,1/10/25 15:16,EXTORTION/BLACKMAIL,1/10/25 14:28,12:15 Lee St,Suspended,,,,,
202500000917/77,1/10/25 16:45,LARCENY,1/10/25 12:00,12:15 Lee St,Unfounded,,,,,
20250000931/55,1/10/25 19:40,TRAFFIC STOP/FIELD INVESTIGATION,1/10/25 19:40,Copeley Rd at Massie Rd,Suspended,,,,,
20250000941/75,1/10/25 20:31,TRAFFIC STOP/FIELD INVESTIGATION,1/10/25 20:31,1:60 McCormick Rd,Suspended,,,,,
20250000945/73,1/10/25 20:51,TRAFFIC STOP/FIELD INVESTIGATION,1/10/25 20:51,Gordon Ave @ 16th St,Suspended,,,,,
20250000946/75,1/10/25 20:59,TRAFFIC STOP/FIELD INVESTIGATION,1/10/25 20:59,1:90 McCormick Rd,Suspended,,,,,
202500000962/55,1/10/25 22:56,TRAFFIC STOP/ COURT ORDER VIOLATION,1/2/25 21:05,Harvest Dr,Arrest,,,,,
202500000982/55,1/11/25 1:10,TRAFFIC STOP/FIELD INVESTIGATION,1/11/25 1:10,Ivy Rd at Twin Sycamores Ln,Suspended,,,,,
202500001010/64,1/11/25 11:21,ASSIST AGENCY/WARRANT SERVICE,1/11/25 11:21,1:17 11th St,Transferred to Other Agency,,,,,
202500001033/73,1/11/25 18:41,TRAFFIC STOP/FIELD INVESTIGATION,1/11/25 18:41,Rugby Rd @ Gordon Ave,Suspended,,,,,
202500001044/73,1/11/25 20:51,TRAFFIC STOP/FIELD INVESTIGATION,1/11/25 20:51,4:45 Rugby Rd,Suspended,,,,,
202500001059/75,1/11/25 22:47,TRAFFIC STOP/FIELD INVESTIGATION,1/11/25 22:47,Sadler St @ 14th St,Suspended,,,,,
202400001069/32,1/11/24 23:58,LARCENY,11/1/24 0:00,12:10 Lee St,Suspended,,,,,
202500001147/55,1/12/25 20:57,TRAFFIC STOP/FIELD INVESTIGATION,1/12/25 20:57,Stadium Rd @ Montebello Cir,Suspended,,,,,
202500001153/55,1/12/25 21:39,ACCIDENT,1/12/25 21:39,12:10 Lee St,Active,,,,,
202500001181/32,1/13/25 1:28,CONCERNING CIRCUMSTANCE,1/13/24 1:28,12:15 Lee St,Non-Criminal,,,,,
202500001200/27,1/13/25 6:20,ASSIST CITIZEN MEDICAL,1/13/25 6:20,18:15 Stadium Rd,Non Criminal,,,,,
202500001219/45,1/13/25 10:18,Accidental Property Damage,1/12/25 13:00,13:40 Jefferson Park Ave,Non Criminal,,,,,
202500001265/28,1/13/25 18:44,ASSIST CITIZEN MEDICAL,1/13/24 18:44,4:50 Whitehead Rd,Non-Criminal,,,,,
202500001282/46,1/13/25 20:35,ASSIST CITIZEN MEDICAL,1/13/24 20:30,5:79 McCormick Rd,Non-Criminal,,,,,
202500001285/77,1/13/25 20:51,FOUND PROPERTY,1/13/24 20:51,12:15 Lee St,Non-Criminal,,,,,
202500001290/44,1/13/25 21:11,FIELD INVESTIGATION/TRAFFIC STOP,1/13/24 21:11,Lee St @ Roosevelt Brown Blvd,Suspended,,,,,
202500001295/44,1/13/25 21:46,FIELD INVESTIGATION/TRAFFIC STOP,1/13/24 21:46,Grove St @ Roosevelt Brown Blvd,Suspended,,,,,
202500001300/76,1/13/25 22:13,ASSIST CITIZEN-MENTAL,1/13/24 22:13,29:65 Ivy Rd,Non-Criminal,,,,,
202500001355/27,1/14/25 6:19,PROPERTY DAMAGE,1/14/24 6:19,1:51 Rugby Rd,Non-Criminal,,,,,
202500001360/62,1/14/25 9:17,LOST PROPERTY,1/7/25 7:00,13:40 Jefferson Park Ave,Non-Criminal,,,,,
202500001374/53,1/14/25 11:33,HIT & RUN,1/14/25 11:10,1:17 11th St,Suspended,,,,,
202500001379/62,1/14/25 12:37,DRIVER EXCHANGE,1/14/25 12:37,1:17 11th St,Non-Criminal,,,,,
20:23-00001383/47,1/14/25 13:10,VANDALISM,12/30/24 15:45,10:15 Massie Rd,Suspended,,,,,
202500001391/53,1/14/25 14:52,ASSIST AGENCY WARRANT SERVICE,1/14/25 14:52,12:15 Lee St,Transferred to Other Agency,,,,,
202500001393/62,1/14/25 14:59,ASSIST CITIZEN MENTAL,1/14/25 12:59,12:15 Lee St,Non-Criminal,,,,,
202500001405/77,1/14/25 18:49,ASSIST CITIZEN MENTAL,1/14/25 18:49,12:15 Lee St,Non-Criminal,,,,,
202500001406/71,1/14/25 18:49,LOST PROPERTY,1/14/25 10:30,12:15 Lee St,Non-Criminal,,,,,
202500001444/46,1/15/25 0:40,ASSIST CITIZEN MEDICAL,1/15/25 0:38,2:65 Hereford Dr,Non-Criminal,,,,,
202500001460/71,1/15/25 3:04,TRESPASS,1/15/25 3:04,12:15 Lee St,Suspended,,,,,
202500001495/79,1/15/25 13:38,ASSAULT,1/15/25 13:38,12:15 Lee St,Suspended,,,,,
202500001502/72,1/15/25 14:09,HIT & RUN,1/15/25 13:27,12:10 Lee St,Suspended,,,,,
202500001509/72,1/15/25 16:00,TRESPASS/ ASSAULT,1/15/25 16:00,12:15 Lee St,Arrest,,,,,
202400001511/38,1/15/24 16:46,LARCENY,1/15/24 13:30,12:04 W Main St.,Active,,,,,
202500001521/32,1/15/25 20:23,TRAFFIC STOP/FIELD INVESTIGATION,1/15/25 20:23,4:78 Floyd Dr,Suspended,,,,,
202500001525/32,1/15/25 20:41,TRAFFIC STOP/FIELD INVESTIGATION,1/15/25 20:41,Alderman Rd @ Leake Dr,Suspended,,,,,
202500001527/32,1/15/25 20:51,TRAFFIC STOP/FIELD INVESTIGATION,1/15/25 20:51,6:05 Old Reservoir Rd,Suspended,,,,,
202500001530/32,1/15/25 21:08,TRAFFIC STOP/FIELD INVESTIGATION,1/15/25 21:08,6:05 Old Reservoir Rd,Suspended,,,,,
202500001532/55,1/15/25 21:19,TRAFFIC STOP/FIELD INVESTIGATION,1/15/25 21:19,Alderman Rd @ Ivy Rd,Suspended,,,,,
202500001535/55,1/15/25 21:28,TRAFFIC STOP/FIELD INVESTIGATION,1/15/25 21:28,4:78 Floyd Dr,Suspended,,,,,
202500001537/32,1/15/25 21:36,TRAFFIC STOP/FIELD INVESTIGATION,1/15/25 21:36,1:17 11th St,Suspended,,,,,
202500001540/75,1/15/25 22:00,TRAFFIC STOP/FIELD INVESTIGATION,1/15/25 22:00,1:64 Rugby Rd,Suspended,,,,,
202500001546/55,1/15/25 22:24,TRAFFIC STOP/FIELD INVESTIGATION,1/15/25 22:24,Massie Rd @ Arlington Blvd,Suspended,,,,,
202500001548/32,1/15/25 22:38,TRAFFIC STOP/FIELD INVESTIGATION,1/15/25 22:38,12:15 Lee St,Suspended,,,,,
2025000001556/75,1/15/25 23:25,ASSIST CITIZEN-MENTAL,1/15/25 23:25,12:15 Lee St,Transferred To Other Agency,,,,,
202500001561/77,1/15/25 23:51,FOUND PROPERTY,1/15/25 23:51,12:15 Lee St,Non-Criminal,,,,,
20250001570/32,1/16/25 0:32,ASSIST CITIZEN MEDICAL/UNDERAGE POSSESSION,1/16/25 0:32,5:65 MCCORMICK RD,Suspended,,,,,
20250001572/51,1/16/25 0:45,ASSIST CITIZEN MEDICAL/UNDERAGE POSSESSION,1/16/25 0:45,15 Hancock Dr,Suspended,,,,,
202500001592/79,1/16/25 5:54,ASSIST AGENCY WARRANT SERVICE,1/16/25 5:54,12:15 Lee St,Transferred to Other Agency,,,,,
202500001606/54,1/16/25 10:09,ACCIDENT,1/16/25 10:09,1:73 Culbreth Rd,Non-Criminal,,,,,
202500001633/79,1/16/25 14:40,PROPERTY DAMAGE,10:34 1-14-20:25,12:15 Lee St.,Non-Criminal,,,,,
202500001641/38,1/16/25 15:29,ACCIDENT,1/16/25 15:15,5:15 Edgemont Rd,Non-Criminal,,,,,
202500001647/64,1/16/25 16:46,LARCENY,1/15/25 16:36,4:50 Whitehead Rd,Suspended,,,,,
202500001654/77,1/16/25 18:17,TRAFFIC STOP/FIELD INVESTIGATION,1/16/25 18:17,Lane Rd @ Crispell Dr,Suspended,,,,,
202500001697/55,1/16/25 23:44,DIP/POSESSION OF FICTIOUS ID/UNDERAGE POSSESSION,1/16/25 23:44,14:01 University Ave,Arrest,,,,,
202500001705/75,1/17/25 0:38,TRAFFIC STOP/FIELD INVESTIGATION,1/17/25 0:38,1:60 McCormick Rd,Suspended,,,,,
202500001715/51,1/17/25 1:45,DIP/UNDERAGE POSSESSION/TRESPASS/WEAPON LAW VIOLATION,1/17/25 1:45,18:26 University Ave,Arrest,,,,,
202500001718/55,1/17/25 2:10,TRESPASS,1/17/25 2:10,4:03 EMMET ST S,Suspended,,,,,
202500001727/75,1/17/25 3:18,ASSIST AGENCY-WARRANT SERVICE/ TRESPASS,1/17/25 3:18,12:15 Lee St,Transferred to other agency,,,,,
202500001733/27,1/17/25 6:56,ABANDONED VEHICLE,1/17/25 6:56,29:55 Ivy Rd,Non-Criminal,,,,,
202500001745/62,1/17/25 9:39,TRAFFIC STOP/FIELD INVESTIGATION,1/17/25 9:39,Newcomb Rd @ McCormick Rd,Suspended,,,,,
202500001768/88,1/17/25 11:44,HIT AND RUN,1/17/25 0:00,12:10 Lee St,Suspended,,,,,
202400001772/88,1/17/25 12:29,ACCIDENT,1/17/25 12:29,5:00 Monroe Ln,Non-Criminal,,,,,
202500001786/45,1/17/25 14:19,ASSIST CITIZEN/MEDICAL,1/17/25 14:19,4:50 Copeley Rd,Non-Criminal,,,,,
202500001795/53,1/17/25 15:23,ACCIDENT,1/17/25 15:23,12:10 Lee St,Non-Criminal,,,,,
202500001798/27,1/17/25 15:52,LOST PROPERTY,1/16/25 10:25,4:30 Tree House Dr,Active,,,,,
202500001829/26,1/17/25 21:52,TRAFFIC STOP/FIELD INVESTIGATION,1/17/25 21:52,2:35 McCormick Rd,Suspended,,,,,
202500001851/85,1/18/25 0:16,ASSIST CITIZEN MEDICAL/UNDERAGE POSSESSION,1/18/25 0:16,7:75 ALDERMAN RD,Suspended,,,,,
202500001872/26,1/18/25 2:08,AGGRAVATED ASSAULT/ASSIST CITIZEN/MEDICAL,1/18/25 2:08,18:26 University Ave,Suspended,,,,,
202500001873/78,1/18/25 2:08,ASSIST CITIZEN-MEDICAL/ UNDERAGE POSSESSION,1/18/25 2:08,5:55 MCCORMICK RD,Suspended,,,,,
202500001896/66,1/18/25 10:07,ASSIST CITIZEN/MEDICAL,1/18/25 10:05,35 Hancock Dr,Non-Criminal,,,,,
202500001912/62,1/18/25 12:38,TRAFFIC STOP/FIELD INVESTIGATION,1/18/25 12:38,8:32 Cherry Ave,Suspended,,,,,
202500001921/2:10,1/18/25 13:51,TRAFFIC STOP/FIELD INVESTIGATION,1/18/25 13:51,4:50 Copeley Rd,Suspended,,,,,
202500001932/66,1/18/25 16:48,LARCENY,,4:05 EMMET ST,Non-Criminal,,,,,
202500001941/28,1/18/25 19:43,ASSIST CITIZEN/MEDICAL,1/18/25 19:43,35 Hancock Dr,Non-Criminal,,,,,
202500001963/44,1/18/25 22:12,TRAFFIC STOP/FIELD INVESTIGATION,1/18/25 22:12,16:19 University Ave,Suspended,,,,,
202500002005/88,,DATING VIOLENCE,,12:15 Lee St,Suspended,,,,,
202500002006/45,1/19/25 7:45,HIT & RUN,1/18/25 22:00,1:17 11th St,Suspended,,,,,
202500002013/62,1/19/25 8:58,ASSIST AGENCY,1/19/25 8:55,21:01 Arlington Blvd,Transferred to other agency,,,,,
202500002026/53,1/19/25 13:10,ASSIST AGENCY WARRANT SERVICE/TRESPASS,1/19/25 13:10,12:15 Lee St,Transferred to Other Agency,,,,,
2025000002038/45,,RAPE,3/1/24 0:01,2:10 Copeley Rd,Suspended,,,,,
202500002041/62,1/19/25 16:18,TRAFFIC STOP/FIELD INVESTIGATION,1/19/25 16:18,Culbreth Rd @ University Ave,Suspended,,,,,
2025000002049/45,1/19/25 17:49,FOUND PROPERTY,1/19/25 17:49,12:15 Lee St,Non-Criminal,,,,,
2025000002102/38,1/20/25 9:39,FOUND PROPERTY,1/20/25 9:39,12:15 Lee St,Non-Criminal,,,,,
202500002115/38,1/20/25 12:10,ASSIST AGENCY WARRANT SERVICE,1/20/25 12:10,12:15 Lee St,Transferred to Other Agency,,,,,
2025000002117/87,1/20/25 12:30,ACCIDENT,1/20/25 12:30,11th St @ Lee St,Suspended,,,,,
2025000002127/38,1/20/25 14:46,LOST PROPERTY,1/17/25 11:30,12:15 Lee St,Active,,,,,
202500002150/75,1/20/25 20:24,TRAFFIC STOP/FIELD INVESTIGATION,1/20/25 20:24,5:67 McCormick Rd,Suspended,,,,,
2025000002164/64,,WELFARE CHECK,,2:45 Hereford Dr,Non-Criminal,,,,,
2025000002166/82,1/20/25 22:27,FOUND PROPERTY,1/20/25 22:25,12:15 Lee St,Non-Criminal,,,,,
202500002227/38,1/21/25 12:29,DRIVER EXCHANGE,1/21/25 12:29,12:10 Lee St,Non-Criminal,,,,,
202500002239/87,1/21/25 15:02,DRIVER EXCHANGE,1/21/25 15:02,12:10 Lee St,Non-Criminal,,,,,
2025000002244/64,,LARCENY,,2:25 Hereford Dr,Suspended,,,,,
202500002248/51,1/21/25 18:20,DRIVER EXCHANGE,1/21/25 18:20,1:10 Bayly Dr,Non-Criminal,,,,,
202500002256/55,1/21/25 21:11,TRAFFIC STOP/FIELD INVESTIGATION,1/21/25 21:11,24:96 Old Ivy,Suspended,,,,,
202500002280/32,1/22/25 0:19,TRAFFIC STOP/FIELD INVESTIGATION,1/22/25 0:19,1:60 McCormick Rd,Suspended,,,,,
202500002303/79,1/22/25 10:13,VANDALISIM,1/21/24 14:00,1:17 11th St,Non-Criminal,,,,,
2025000002320/88,1/22/25 12:20,LARCENY,1/22/24 11:20,12:22 Jefferson Park Ave,Suspended,,,,,
20250002323/27,1/22/25 12:39,LOST PROPERTY,1/22/24 8:30,4:72 Faulkner Way,Non-Criminal,,,,,
202500002327/27,1/22/25 13:46,HIT & RUN,1/21/25 16:15,1:30 Darden Blvd,Suspended,,,,,
202500002334/62,1/22/25 0:19,TRAFFIC STOP/FIELD INVESTIGATION,1/22/25 0:19,1:60 McCormick Rd,Suspended,,,,,
202500002341/78,1/22/25 19:26,DRIVER EXCHANGE,1/22/25 19:26,4 Dawson's Row,Non-Criminal,,,,,
202500002376/69,1/23/25 5:12,FIRE ALARM-NO FIRE,1/23/25 5:12,1:70 McCormick Rd,Transferred to Other Agency,,,,,
202500002405/88,1/23/25 11:24,ACCIDENT,1/23/25 11:14,1:17 11th St,Suspended,,,,,
202500002414/27,1/23/25 13:06,ACCIDENT,1/23/25 13:06,13:35 Lee St,Non-Criminal,,,,,
202500002415/53,1/23/25 13:24,ACCIDENT,1/23/25 13:18,Alderman Rd,Suspended,,,,,
202500002422/27,1/23/25 15:31,DISORDERLY CONDUCT/DIP OBSTRUCTION,1/23/25 15:31,12:15 Lee St,Arrest,,,,,
202500002424/53,1/23/25 17:01,HIT & RUN,1/23/25 10:41,22:80 Ivy Rd,suspended,,,,,
202500002425/45,1/23/25 16:48,LOST PROPERTY,1/21/25 0:01,1:28 Amphitheater Way,Suspended,,,,,
202500002431/73,1/23/25 19:55,TRAFFIC STOP/FIELD INVESTIGATON,1/23/25 19:55,Elliewood Ave at University Ave,Suspended,,,,,
202500002457/78,1/24/25 0:24,VERBAL THREATS,1/23/25 20:00,12:15 Lee St,Suspended,,,,,
202500002466/71,1/24/25 2:31,ASSIST CITIZEN-MEDICAL/ UNDERAGE POSSESSION,1/24/25 2:31,4:20 McCormick Rd,Suspended,,,,,
202500002471/44,1/24/25 3:19,ASSIST CITIZEN-MEDICAL/UNDERAGE POSSESSION/ FAKE ID,1/24/25 3:19,50 Lambeth Commons,Suspended,,,,,
202500002477/69,1/24/25 5:56,TRESPASS,1/24/25 5:56,12:15 Lee St,Arrest,,,,,
20250002500/54,1/24/25 12:15,LOST PROPERTY,1/21/25 15:30,16:05 Jefferson Park Ave,Non-Criminal,,,,,
2025000002515/38,1/24/25 16:01,LARCENY,12/31/25 17:00,13:35 Lee St,Active,,,,,
202500002516/54,1/24/25 16:04,CONCERNING ENCOUNTER,1/24/25 16:04,4:03 Emmet St,Non-Criminal,,,,,
202500002524/73,1/24/25 18:55,TRAFFIC STOP/FIELD INVESTIGATON,1/24/25 18:55,12:23 W Main St,Suspended,,,,,
202500002526/32,1/24/25 19:45,TRAFFIC STOP/FIELD INVESTIGATION,1/24/25 19:45,4:17 Emmet St S,Suspended,,,,,
202500002530/73,1/24/25 20:09,TRAFFIC STOP/FIELD INVESTIGATON,1/24/25 20:09,18:27 University Ave,Suspended,,,,,
202500002568/75,1/25/25 0:48,TRAFFIC STOP/FIELD INVESTIGATION,1/25/25 0:48,1:60 McCormick Rd,Suspended,,,,,
202500002575/75,1/25/25 1:39,FOUND PROPERTY,1/25/25 1:39,10:15 Massie Rd,Non-Criminal,,,,,
202500002582/75,1/25/25 4:20,ASSIST AGENCY WARRANT SERVICE,1/17/25 3:18,12:15 Lee St,Transferred to Other Agency,,,,,
202500002615/81,1/25/25 17:29,FOUND PROPERTY,1/25/25 17:29,4:50 Whitehead Rd,Non-Criminal,,,,,
202500002620/51,1/25/25 18:58,ASSIST CITIZEN MEDICAL/UNDERAGE POSSESSION,1/25/25 18:58,1:69 Rugby Rd,Active,,,,,
202500002621/24,1/25/25 19:07,ASSIST CITIZEN- MENTAL,1/25/25 19:07,84 Monroe Hill Rd,Suspended,,,,,
202500002627/52,1/25/25 20:02,SAFEKEEPING,1/25/25 20:02,12:15 Lee St,Non-Criminal,,,,,
202500002633/82,1/25/25 18:45,ACCIDENT,1/25/25 18:45,W. Main St @ Jefferson Park Ave,Suspended,,,,,
202500002651/75,1/26/25 0:13,TRAFFIC STOP/FIELD INVESTIGATION,1/26/25 0:13,McCormick Rd @ Bonnycastle Dr,Suspended,,,,,
20250002653/82,1/26/25 0:26,ASSIST CITIZEN MEDICAL/LIQUOR LAW VIOLATION,1/26/25 0:26,4:32 McCormick Rd,Suspended,,,,,
202500002662/75,1/26/25 1:34,AGG. ASSAULT/ASSIST CITIZEN-MEDICAL/UNDERAGE POSSESSION,1/25/25 20:00,5:79 McCormick Rd,Suspended,,,,,
202500002663/24,1/26/25 1:46,ASSIST CITIZEN-MEDICAL/UNDERAGE POSSESSION,1/26/25 1:46,1:95 Vaughan Dr,Suspended,,,,,
202500002664/52,1/26/25 2:02,ASSIST CITIZEN-MEDICAL,1/26/25 2:02,5:83 Brandon Ave,Non-Criminal,,,,,
202500002696/81,1/26/25 14:21,TRAFFIC STOP/FIELD INVESTIGATION,1/26/25 14:21,1:60 McCormick Rd,Suspended,,,,,
202500002703/87,1/26/25 15:31,TRAFFIC STOP/FIELD INVESTIGATION,1/26/25 15:31,16:09 University Ave,Suspended,,,,,
202500002704/54,1/26/25 15:38,LOST PROPERTY,1/24/25 18:00,5:50 Brandon Ave,Non-Criminal,,,,,
202500002706/81,1/26/25 15:59,ACCIDENT,1/26/25 15:59,1:60 McCormick Rd,Suspended,,,,,
202500002727/52,1/26/25 23:03,ACCIDENT,1/26/25 23:03,Brandon Ave,Suspended,,,,,
20:25-00002743/52,1/27/25 3:32,VANDALISM,1/27/25 1:25,12:15 Lee St,Active,,,,,
202500002754/53,1/27/25 8:24,VANDALISM,1/25/25 20:35,10:03 W Main St,Active,,,,,
20:25-00002774/62,1/27/25 12:50,VANDALISM,1/25/25 11:30,15:05 University Avenue,Active,,,,,
202500002779/88,1/27/25 13:33,FOUND PROPERTY,1/25/25 13:33,10:15 Massie Rd,Non-Criminal,,,,,
202500002791/66,1/27/25 15:08,LARCENY,1/25/25 18:30,2:95 Massie Rd,Non-Criminal,,,,,
202500002792/27,1/27/25 15:40,LOST PROPERTY,1/27/25 12:15,3:00 Massie Rd,Non-Criminal,,,,,
202500002793/53,1/27/25 15:57,LARCENY,1/27/25 7:15,1:23 Emmet St N,Suspended,,,,,
202500002795/88,1/27/25 16:28,FRAUD,1/27/25 15:51,12:15 Lee St,Active,,,,,
202500002796/66,1/27/25 16:11,ASSIST CITIZEN,1/21/25 15:00,40 South Lawn,Non-Criminal,,,,,
202500002797/88,1/27/25 17:31,ASSIST CITIZEN MEDICAL,1/21/25 17:31,5:05 Edgemont Rd,Non-Criminal,,,,,
202500002799/69,1/27/25 19:08,AGGRAVATED ASSAULT,1/27/25 18:53,1:30 Culbreth Rd,Suspended,,,,,
202500002800/78,1/27/25 19:10,PROPERTY DAMAGE,1/27/25 11:00,12:10 Lee St,Suspended,,,,,
202500002811/75,1/27/25 21:53,FOUND PROPERTY,1/27/25 21:53,12:15 Lee St,Non-Criminal,,,,,
202500002813/76,,ANIMAL COMPLAINT,,12:15 Lee St,Non Criminal,,,,,
202500002877/57,1/28/25 0:44,TRESPASS/OBSTRUCTION OF JUSTICE/ASSAULT OF LAW ENFORCEMENT,1/28/25 0:44,12:22 Jefferson Park Ave,Arrest,,,,,
202500002843/44,1/28/25 3:18,ASSIST CITIZEN/MEDICAL,1/28/25 1:00,2:03 Sprigg Ln,Non-Criminal,,,,,
202500002856/57,1/28/25 9:34,PROPERTY DAMAGE,1/27/25 15:00,1:30 Culbreth Rd,Non-Crimina,,,,,
202500002877/57,1/28/25 11:38,PROPERTY DAMAGE,1/27/25 8:00,12:10 Lee St,Non-Criminal,,,,,
202500002880/47,1/28/25 12:07,ACCIDENT,1/28/25 7:00,1 Dawson's Row,Suspended,,,,,
202500002884/57,1/28/25 13:20,LOST PROPERTY,1/28/25 12:00,4:34 Coogan Way,Non-Criminal,,,,,
202500002892/57,1/28/25 14:31,LOST PROPERTY,1/28/25 12:30,85 Engineer's Way,Suspended,,,,,
202500002939/76,1/29/25 1:17,ASSAULT,1/28/25 21:58,12:15 Lee St,Suspended,,,,,
202500004576/76,1/29/25 4:00,ASSAULT,1/28/25 4:00,12:15 Lee St,Suspended,,,,,
202500002968/87,1/29/25 8:34,ASSIST CITIZEN MEDICAL,1/29/25 8:34,4:50 McCormick Rd,Non-Criminal,,,,,
202500002984/87,1/29/25 11:32,HIT AND RUN,1/29/25 10:00,5:00 Ray C Hunt Dr,Suspended,,,,,
202500002985/34,1/29/25 11:30,DRIVER EXCHANGE,1/29/25 11:30,22:80 Ivy Rd,Non-Criminal,,,,,
202500002988/87,1/29/25 12:42,ACCIDENT,1/28/25 10:05,Tree House Dr,Suspended,,,,,
202500003015/64,1/29/25 18:06,INTIMIDATION,1/29/25 18:06,12:15 Lee St,Non-Criminal,,,,,
202500003016/87,1/29/25 18:20,ACCIDENT,1/28/25 18:20,Newcomb Rd @ McCormick Rd,Non- Criminal,,,,,
202500003021/51,1/29/25 20:22,INTIMIDATION/ HATE CRIME,1/29/25 15:23,1:80 McCormick Rd,Non-Criminal,,,,,
202500003025/75,1/29/25 21:21,TRAFFIC STOP/FIELD INVESTIGATION,1/29/25 21:21,4:34 Coogan Way,Suspended,,,,,
202500003043/24,1/30/25 0:15,LARCENY,1/29/25 2:30,12:10 Lee St,Suspended,,,,,
202500003062/82,1/30/25 3:30,ASSIST CITIZEN MEDICAL,1/30/25 3:30,12:10 Lee St,Non-Criminal,,,,,
202500003119/54,1/31/25 15:29,PROPERTY DAMAGE,,Ray C Hunt Dr,Non-Criminal,,,,,
202500003143/55,1/30/25 21:14,TRAFFIC STOP/FIELD INVESTIGATION,1/30/25 21:14,4:50 Whitehead Rd,Suspended,,,,,
202500003146/75,1/30/25 21:23,TRAFFIC STOP/FIELD INVESTIGATION,1/30/25 21:23,4:50 Whitehead Rd,Suspended,,,,,
202500003167/55,1/30/25 23:06,TRAFFIC STOP/FIELD INVESTIGATION,1/30/25 23:06,14:15 Jefferson Park Ave,Suspended,,,,,
202500003171/55,1/30/25 23:21,TRAFFIC STOP/FIELD INVESTIGATION,1/30/25 23:21,6:11 Rugby Rd,Suspended,,,,,
202500003173/32,1/30/25 23:30,TRAFFIC STOP/FIELD INVESTIGATION,1/30/25 23:30,McCormick Rd,Suspended,,,,,
20250003177/82,1/30/25 23:44,ASSIST CITIZEN MEDICAL/LIQUOR LAW VIOLATION,1/30/25 23:44,4:50 Tree House Dr,Suspended,,,,,
202500003192/52,1/31/25 1:03,ASSIST CITIZEN MEDICAL,1/30/25 1:03,2:25 Hereford Dr,Non-Criminal,,,,,
202500003198/51,1/31/25 2:14,ASSIST CITIZEN MEDICAL/UNDERAGE POSSESSION/FICTITIOUS ID,1/30/25 21:00,20 Bonnycastle Dr,Suspended,,,,,
202500003205/51,1/31/25 2:52,TRESPASS,1/31/25 2:52,1:80 McCormick Rd,Suspended,,,,,
202500003218/79,1/31/25 8:18,ASSAULT,1/31/25 8:18,12:15 Lee St,Suspended,,,,,
20250000003222/57,1/31/25 8:21,ACCIDENT,1/30/25 14:00,5:60 Ray C Hunt Dr,Suspended,,,,,
202500003224/2:13,1/31/25 8:55,CONCERNING BEHAVIOR,1/31/25 8:23,12:21 Lee St,Non-Criminal,,,,,
202500003230/27,1/31/25 9:32,MOTOR VEHICLE THEFT,1/30/25 20:30,5:79 McCormick Rd,Active,,,,,
202500003239/79,1/31/25 11:59,ASSIST CITIZEN MENTAL,1/31/25 11:59,4:00 Brandon Ave,Non-Criminal,,,,,
20250000003262/53,1/31/25 15:56,MISSING PERSON,1/31/25 15:00,13:35 Lee St,Non-Criminal,,,,,
202500003266/57,1/31/25 16:34,MOTOR VEHICLE THEFT,1/29/25 17:00,16:05 Jefferson Park Ave,Suspended,,,,,
202500003271/62,1/25/25 1:39,FOUND PROPERTY,1/25/25 1:39,15:40 Jefferson Park Ave,Suspended,,,,,
202500003272/69,1/31/25 18:18,ASSIST CITIZEN MEDICAL,1/31/25 18:18,4:85 McCormick Rd,Non-Criminal,,,,,
202500003295/26,1/31/25 21:45,TRAFFIC STOP/FIELD INVESTIGATION,1/31/25 21:45,University Ave at chancellor St,Suspended,,,,,
202500003300/26,1/31/25 22:37,SHOPLIFTING,1/31/25 22:30,14:17 University Ave,Arrest,,,,,
202500003325/71,2/1/25 2:02,ASSIST CITIZEN MEDICAL/DIP/UNDERAGE POSSESSION,2/1/25 2:02,10 Bonnycastle Dr,Suspended,,,,,
202500003326/26,2/1/25 2:11,DUI/RECKLESS DRIVING,2/1/25 2:11,Carr's Hill Rd @ Rugby RD,Arrest,,,,,
202500003332/78,2/1/25 2:56,ASSIST CITIZEN-MEDICAL/UNDERAGE POSSESSION,1/31/25 22:47,5:83 Brandon Ave,Suspended,,,,,
202500003333/44,2/1/25 3:01,ASSIST CITIZEN-MEDICAL/UNDERAGE POSSESSION,2/1/25 2:30,5:71 McCormick Rd,Suspended,,,,,
202500003358/27,2/1/25 9:32,ASSIST CITIZEN MENTAL,2/1/25 9:32,5:30 Edgemont Rd,Non-Criminal,,,,,
202500001393/62,1/14/25 14:59,ASSIST CITIZEN MENTAL,1/14/25 12:59,12:15 Lee St,Non-Criminal,,,,,
202500003361/66,2/1/25 10:16,TRESPASS,2/1/25 7:00,5:11 Brandon Ave,Suspended,,,,,
202500003370/57,2/1/25 13:14,CONCERNING CIRCUMSTANCES,1/30/25 14:00,3:82 McCormick Rd,Non-Criminal,,,,,
202500003392/27,2/1/25 18:03,TRESPASS,2/1/25 18:03,2:95 Massie Rd,Arrest,,,,,
202500003397/73,2/1/25 19:12,TRAFFIC STOP/FIELD INVESTIGATION,2/1/25 19:12,1:63 Chancellor St,Suspended,,,,,
202500003404/73,2/1/25 20:23,TRAFFIC STOP/FIELD INVESTIGATION,2/1/25 20:23,Rugby Rd @ Rosser Ave,Suspended,,,,,
202500003406/26,2/1/25 20:32,TRAFFIC STOP/FIELD INVESTIGATION,2/1/25 20:32,Rugby Rd @ University Ave,Suspended,,,,,
202500003410/85,2/1/25 21:26,ASSAULT,2/1/25 20:58,12:15 Lee St,Suspended,,,,,
202500003431/85,2/1/25 23:39,ASSIST CITIZEN MEDICAL,2/1/25 23:29,14:08 Jefferson Park Ave,Non-Criminal,,,,,
202500003445/44,2/2/25 1:39,TRAFFIC STOP/FIELD INVESTIGATION,2/2/25 1:39,Hereford Dr,Suspended,,,,,
202500003448/44,2/2/25 2:08,ASSIST CITIZEN MEDICAL/UNDERAGE POSSESSION,2/2/25 2:08,4:25 Tree House Dr,Suspended,,,,,
202500003451/69,2/2/25 3:03,ASSIST CITIZEN MEDICAL,2/1/25 3:03,57 Lambeth Commons,Non-Criminal,,,,,
202500003475/62,2/2/25 10:20,TRAFFIC STOP/FIELD INVESTIGATION,2/2/25 10:20,12:15 Lee St,Suspended,,,,,
202500003485/62,2/2/25 11:39,TRAFFIC STOP/FIELD INVESTIGATION,2/2/25 11:39,Lee St @ Crispell Dr,Suspended,,,,,
202500003486/27,2/2/25 11:41,ASSIST CITIZEN MEDICAL/FIELD INVESTIGATION,2/2/25 11:41,5:10 Massie Rd,Non-Criminal,,,,,
202500003505/62,2/2/25 15:38,TRESPASS,2/2/25 15:38,12:15 Lee St,Arrest,,,,,
202500003502/27,2/2/25 15:04,TRAFFIC STOP/DRIVING WITH REVOKED LICENSE,2/2/25 15:00,22:03 Jefferson Park Ave,Suspended,,,,,
202500003506/47,2/2/25 17:44,ASSIST CITIZEN MEDICAL,2/2/25 17:44,12:15 Lee St,Non-Criminal,,,,,
202500003507/47,2/2/25 18:16,ASSIST CITIZEN MEDICAL,2/2/25 13:00,7:75 Alderman Rd,Non-Criminal,,,,,
202500003520/46,2/2/25 21:32,DUI/REFUSAL OF BREATH AND BLOOD TEST/PROPERTY DAMAGE,2/2/25 21:31,University Ave @ Rugby Rd,Arrest,,,,,
202500003541/62,2/3/25 8:02,TRESPASS,2/3/25 8:02,5:50 Brandon Ave,Arrest,,,,,
202500003565/62,2/3/25 13:35,TRAFFIC STOP/FIELD INVESTIGATION,2/3/25 13:35,McCormick Rd @ Monroe Hill Rd,Suspended,,,,,
202500003572/87,2/3/25 14:28,LARCENY,2/3/25 12:41,1:17 11th St,Suspended,,,,,
202500003577/81,2/3/25 15:53,ASSIST CITIZEN MEDICAL,2/3/25 15:53,5:00 Ray C Hunt Dr,Non-Criminal,,,,,
20250003593/82,2/3/25 20:30,ASSIST CITIZEN MEDICAL,2/3/25 20:30,22:05 Fontaine Ave,Non-Criminal,,,,,
202500003597/55,2/3/25 21:07,TRAFFIC STOP/FIELD INVESTIGATION,2/3/25 21:07,24:01 Ivy Rd,Suspended,,,,,
202500003603/55,2/3/25 22:00,TRAFFIC STOP/FIELD INVESTIGATION,2/3/25 22:00,Alderman Rd at Ivy Rd,Suspended,,,,,
202500003607/55,2/3/25 22:28,TRAFFIC STOP/FIELD INVESTIGATION,2/3/25 22:28,5:79 McCormick Rd,Suspended,,,,,
202500003632/55,2/4/25 5:22,ASSIST CITIZEN MEDICAL/POSSESSION OF MARIJUANA,2/4/25 5:22,2:25 Hereford Dr,Active,,,,,
202500003636/81,2/4/25 8:19,FOUND PROPERTY,2/4/25 8:19,6:00 Massie Rd,Non-Criminal,,,,,
202500003646/81,2/4/25 9:20,DRUG INVESTIGATION,2/4/25 9:20,10:01 Emmet St N,Suspended,,,,,
202500003648/62,2/4/25 9:41,HIT & RUN,2/4/25 9:15,12:10 Lee St,Active,,,,,
202500003658/62,2/4/25 10:43,TRAFFIC STOP/FIELD INVESTIGATION,2/4/25 10:43,King St @ 10th St,Suspended,,,,,
202500003660/77,2/4/25 11:06,TRAFFIC STOP/FIELD INVESTIGATION,2/4/25 11:06,2:91 McCormick Rd,Suspended,,,,,
202500003663/1:01,2/4/25 11:29,STALKING,2/2/25 16:33,12:15 Lee St,Suspended,,,,,
202500003686/87,2/4/25 17:36,TRAFFIC STOP/FIELD INVESTIGATION,2/4/25 17:36,Alderman Rd @ Minor Rd,Suspended,,,,,
202500003693/82,2/4/25 21:20,TRESPASS/ASSAULT/ASSIST AGENCY WARRANT SERVICE,2/4/25 21:20,12:15 Lee St,Arrest,,,,,
202500003713/55,2/4/25 23:45,TRAFFIC STOP/FIELD INVESTIGATION,2/4/25 23:45,18:15 Stadium Rd,Suspended,,,,,
202500003714/55,2/4/25 23:57,TRAFFIC STOP/FIELD INVESTIGATION,2/4/25 23:57,Jefferson Park Ave,Suspended,,,,,
202500003716/32,,DRUNK IN PUBLIC,2/5/25 0:00,13:27 W Main St,Arrest,,,,,
202500003732/55,2/5/25 4:43,ASSIST CITIZEN MEDICAL,2/5/25 4:43,4:25 Tree House Dr,Non Criminal,,,,,
202500003746/55,2/5/25 9:54,TRAFFIC STOP/FIELD INVESTIGATION,2/5/25 9:54,University Ave @ Culbreth Rd,Suspended,,,,,
202500003748/77,2/5/25 10:06,ASSIST CITIZEN,2/5/25 10:06,12:15 Lee St,Non Criminal,,,,,
2025000003757/53,2/5/25 10:55,STALKING,2/5/25 10:55,23:04 Ivy Rd,Transferred To Other Agency,,,,,
202500003762/62,2/5/25 11:41,TRAFFIC STOP/FIELD INVESTIGATION,2/5/25 11:41,Lee St @ Crispell Dr,Suspended,,,,,
202500003771/57,2/5/25 13:17,LARCENY,2/5/25 11:00,5:11 Brandon Ave,Suspended,,,,,
202500003785/2:13,2/5/25 17:30,ASSAULT,2/4/25 12:30,12:15 Lee St,Unfounded,,,,,
202500003852/62,2/6/25 10:15,TRAFFIC STOP/FIELD INVESTIGATION,2/6/25 10:15,10 1/2 W Main St @ JPA,Suspended,,,,,
202500003864/77,2/6/25 11:36,ASSAULT,2/6/25 11:10,12:15 Lee St,Suspended,,,,,
20250003865/62,2/6/25 11:29,ACCIDENT,2/6/25 11:29,13:00 Jefferson Park Ave,Suspended,,,,,
202500003865/62,2/6/25 11:29,DRIVER'S EXCHANGE,2/6/25 11:29,13:00 Jefferson Park Ave,Non Criminal,,,,,
202500003893/47,2/6/25 16:14,ALARM,2/6/25 16:14,5:83 Brandon Ave,Non-Criminal,,,,,
202500003904/85,2/6/25 20:57,ACCIDENT/PROPERTY DAMAGE,2/6/25 20:57,12:15 Lee St,Suspended,,,,,
202500003921/85,2/6/25 23:32,TRAFFIC STOP/FIELD INVESTIGATION,2/6/25 23:32,McCormick Rd @ Amphitheater Way,Suspended,,,,,
202500003922/69,,ASSIST CITIZEN MEDICAL/UNDERAGE POSSESSION,2/6/25 23:31,4:96 Floyd Dr,Suspended,,,,,
202500003930/69,2/7/25 0:18,ASSIST CITIZEN MEDICAL/UNDERAGE POSSESSION,2/7/25 0:18,4:25 Tree House Dr,Suspended,,,,,
202500003978/81,2/7/25 12:23,ACCIDENT,2/7/25 12:23,Whitehead Rd @ Chemistry Drive,Suspended,,,,,
202500003981/81,2/7/25 12:07,STALKING,1/29/25 0:00,1:90 McCormick Rd,Active,,,,,
202500003986/62,2/7/25 13:55,ASSIST CITIZEN MENTAL,2/7/25 13:55,12:15 Lee St,Non-Criminal,,,,,
202500004005/81,2/7/25 18:20,ASSIST CITIZEN,2/7/25 18:20,2:10 Emmet St S,Non-Criminal,,,,,
202500004015/32,2/7/25 21:30,CONCERINING CIRCUMSTANCE,2/7/25 21:25,3:51 McCormick Rd,Non-Criminal,,,,,
202400004023/82,2/7/25 22:42,DATING VIOLENCE/STALKING,,12:15 Lee St,Suspended,,,,,
202500004029/55,2/7/25 22:58,ASSIST CITIZEN MEDICAL/UNDERAGE POSSESSION/FAKE ID,2/7/25 22:58,2:65 Hereford Dr,Active,,,,,
202500004064/62,2/8/25 9:00,SAFEKEEPING,2/8/25 9:00,12:15 Lee St,Non-Criminal,,,,,
202500004084/81,2/8/25 13:21,CONCERNING CORRESPONDENCE,2/8/25 13:21,23:04 Ivy Rd,Non-Criminal,,,,,
202500004091/64,2/8/25 13:48,ASSIST CITIZEN MEDICAL,2/8/25 13:48,4:07 Massie Rd,Non-Criminal,,,,,
202500004110/62,2/8/25 17:14,FOUND PROPERTY,2/8/25 9:25,12:10 Lee St,Non-Criminal,,,,,
202500004135/55,2/8/25 21:38,TRAFFIC STOP/FIELD INVESTIGATION,2/8/25 21:38,Gordon Ave @ 17th St,Suspended,,,,,
202500004138/75,2/8/25 21:49,TRAFFIC STOP/FIELD INVESTIGATION,2/8/25 21:49,Grady Ave @ Rugby Rd,Suspended,,,,,
202500004139/55,2/8/25 21:52,TRAFFIC STOP/FIELD INVESTIGATION,2/8/25 21:52,Grady Ave @ Rugby Rd,Suspended,,,,,
202500004140/32,2/8/25 22:00,DRUNK IN PUBLIC/TEMPORARY DETENTION,2/8/25 22:00,16 Elliewood Ave,Arrest,,,,,
202500004142/55,2/8/25 22:19,TRAFFIC STOP/FIELD INVESTIGATION,2/8/25 22:19,University Ave @ Hospital Dr,Suspended,,,,,
202500004144/55,2/8/25 22:32,TRAFFIC STOP/FIELD INVESTIGATION,2/8/25 22:32,Alderman Rd @ Ivy Rd,Suspended,,,,,
202500004145/55,2/8/25 22:39,TRAFFIC STOP/FIELD INVESTIGATION,2/8/25 22:39,21:71 Ivy Rd,Suspended,,,,,
202500004140/32,2/8/25 22:00,DRUNK IN PUBLIC,2/8/25 22:00,16 Elliewood Ave,Arrest,,,,,
202500004164/55,2/9/25 0:53,DISORDERLY CONDUCT/ASSAULT/DIP,2/9/25 0:53,16 Elliewood Ave,Suspended,,,,,
202500004165/75,2/9/25 1:12,ASSIST CITIZEN MEDICAL/UNDERAGE POSSESSION,2/9/25 1:00,20 Bonnycastle Dr,Non-Criminal,,,,,
202500004195/87,2/9/25 9:21,ASSIST AGENCY OTHER,2/9/25 9:21,12:15 Lee St,Transferred to Other Agency,,,,,
202500004225/81,2/9/25 15:29,ASSIST CITIZEN MEDICAL,2/9/25 15:29,5:10 Massie Rd,Non-Criminal,,,,,
202500004255/75,2/9/25 23:15,TRAFFIC STOP/FIELD INVESTIGATION,2/9/25 23:15,5:15 Rugby Rd,Suspended,,,,,
202500004303/45,2/10/25 8:50,FOUND PROPERTY,2/10/25 8:45,1:90 McCormick Rd,Non-Criminal,,,,,
202500004312/77,2/10/25 9:42,ASSAULT,2/10/25 9:40,12:15 Lee St,Suspended,,,,,
202500004317/57,2/10/25 8:48,PROPERTY DAMAGE,2/9/25 18:40,3:80 Crispell Dr,Non-Criminal,,,,,
202500004362/77,2/10/25 15:48,HIT & RUN,2/10/25 14:00,12:40 Lee St,Suspended,,,,,
202500004366/27,2/10/25 16:08,ASSIST AGENCY,2/10/25 16:08,12:15 Lee St,Transferred to Other Agency,,,,,
202500004378/79,2/10/25 17:32,ASSIST CITIZEN MEDICAL,2/10/25 17:32,5:50 Brandon Ave,Non-Criminal,,,,,
202500004379/57,2/10/25 17:29,CONCERNING ENCOUNTER,2/9/25 10:30,Alderman Rd @ McCormick Rd,Non-Criminal,,,,,
202500004382/76,2/10/25 18:49,VANDALISM,2/9/25 18:00,18:26 University Ave,Suspended,,,,,
202500004482/62,2/11/25 9:37,Larceny,12/13/24 8:00,14:50 Leake Dr,Suspended,,,,,
202500004511/47,2/11/25 13:56,POLICY VIOLATION,2/11/25 13:00,1:15 Madison Ln,Non-Criminal,,,,,
202500004535/69,2/11/25 20:11,ASSAULT,2/11/25 19:05,12:15 Lee St,Suspended,,,,,
202500004544/85,2/11/25 21:45,CONCERNING MEDIA CONTENT,45700.01042,23:04 Ivy Rd,Non Criminal,,,,,
202500004546/85,2/11/25 22:12,TRESPASS/POLICY VIOLATION,2/11/25 22:12,1:15 Madison Ln,Suspended,,,,,
202500004552/71,2/11/25 22:06,PROPERTY DAMAGE,2/11/25 6:40,3:80 Crispell Dr,Suspended,,,,,
202500004554/44,2/11/25 22:46,ASSIST CITIZEN-MEDICAL,2/11/25 22:46,2:35 Hereford Dr,Non-Criminal,,,,,
202500004550/78,2/11/25 3:08,EXTORTION/BLACKMAIL,2/10/25 11:00,71 Lambeth Commons,Suspended,,,,,
202500004457/69,2/11/25 5:10,ASSIST AGENCY/WARRANT SERVICE,2/11/25 5:10,12:40 Lee St,Transferred to Other Agency,,,,,
202500004563/85,2/12/25 0:15,ASSIST CITIZEN-MEDICAL,2/12/25 0:15,1:45 McCormick Rd,Non-Criminal,,,,,
202500004564/69,2/12/25 0:20,ASSIST CITIZEN-MEDICAL,2/12/25 0:23,14:00 University Ave,Non-Criminal,,,,,
202500004571/44,2/12/25 1:44,ASSIST CITIZEN-MEDICAL,2/12/25 1:44,5:71 McCormick Rd,Non-Criminal,,,,,
202500004576/76,2/12/25 2:32,ASSAULT,1/29/25 4:00,12:15 Lee St,Suspended,,,,,
202500004580/85,2/12/25 3:51,ASSIST CITIZEN-MEDICAL,2/12/25 3:51,2:01 Sprigg Ln,Non-Criminal,,,,,
202500004585/76,2/12/25 4:49,FOUND PROPERTY,2/12/25 4:49,14 East Lawn,Non-Criminal,,,,,
202500004635/79,2/12/25 16:11,ASSIST CITIZEN MENTAL,2/12/25 16:11,12:15 Lee St, Non-Criminal,,,,,